{
    "metrics": {
        "iterations": {
            "rate": 0.24595097065780322,
            "count": 1
        },
        "http_req_tls_handshaking": {
            "avg": 0,
            "min": 0,
            "med": 0,
            "max": 0,
            "p(90)": 0,
            "p(95)": 0
        },
        "http_req_sending": {
            "avg": 0.095,
            "min": 0.095,
            "med": 0.095,
            "max": 0.095,
            "p(90)": 0.095,
            "p(95)": 0.095
        },
        "iteration_duration": {
            "min": 4063.945875,
            "med": 4063.945875,
            "max": 4063.945875,
            "p(90)": 4063.945875,
            "p(95)": 4063.945875,
            "avg": 4063.945875
        },
        "vus_max": {
            "value": 1,
            "min": 1,
            "max": 1
        },
        "http_req_waiting": {
            "max": 3978.115,
            "p(90)": 3978.115,
            "p(95)": 3978.115,
            "avg": 3978.115,
            "min": 3978.115,
            "med": 3978.115
        },
        "http_req_failed": {
            "passes": 0,
            "fails": 1,
            "value": 0
        },
        "data_sent": {
            "rate": 37.630498510643896,
            "count": 153
        },
        "checks": {
            "passes": 1,
            "fails": 0,
            "value": 1
        },
        "data_received": {
            "count": 180,
            "rate": 44.27117471840458
        },
        "http_req_duration": {
            "p(90)": 3978.391,
            "p(95)": 3978.391,
            "avg": 3978.391,
            "min": 3978.391,
            "med": 3978.391,
            "max": 3978.391
        },
        "http_req_blocked": {
            "med": 84.424,
            "max": 84.424,
            "p(90)": 84.424,
            "p(95)": 84.424,
            "avg": 84.424,
            "min": 84.424
        },
        "http_reqs": {
            "count": 1,
            "rate": 0.24595097065780322
        },
        "http_req_duration{expected_response:true}": {
            "max": 3978.391,
            "p(90)": 3978.391,
            "p(95)": 3978.391,
            "avg": 3978.391,
            "min": 3978.391,
            "med": 3978.391
        },
        "http_req_connecting": {
            "p(95)": 40.531,
            "avg": 40.531,
            "min": 40.531,
            "med": 40.531,
            "max": 40.531,
            "p(90)": 40.531
        },
        "vus": {
            "max": 1,
            "value": 1,
            "min": 1
        },
        "http_req_receiving": {
            "max": 0.181,
            "p(90)": 0.181,
            "p(95)": 0.181,
            "avg": 0.181,
            "min": 0.181,
            "med": 0.181
        }
    },
    "root_group": {
        "name": "",
        "path": "",
        "id": "d41d8cd98f00b204e9800998ecf8427e",
        "groups": {},
        "checks": {
                "is status 200": {
                    "path": "::is status 200",
                    "id": "548d37ca5f33793206f7832e7cea54fb",
                    "passes": 1,
                    "fails": 0,
                    "name": "is status 200"
                }
            }
    }
}