{
    "root_group": {
        "name": "",
        "path": "",
        "id": "d41d8cd98f00b204e9800998ecf8427e",
        "groups": {},
        "checks": {
                "is status 200": {
                    "name": "is status 200",
                    "path": "::is status 200",
                    "id": "548d37ca5f33793206f7832e7cea54fb",
                    "passes": 1,
                    "fails": 0
                }
            }
    },
    "metrics": {
        "http_req_waiting": {
            "p(95)": 4583.733,
            "avg": 4583.733,
            "min": 4583.733,
            "med": 4583.733,
            "max": 4583.733,
            "p(90)": 4583.733
        },
        "checks": {
            "passes": 1,
            "fails": 0,
            "value": 1
        },
        "http_req_connecting": {
            "p(90)": 37.571,
            "p(95)": 37.571,
            "avg": 37.571,
            "min": 37.571,
            "med": 37.571,
            "max": 37.571
        },
        "vus_max": {
            "value": 1,
            "min": 1,
            "max": 1
        },
        "http_reqs": {
            "count": 1,
            "rate": 0.21607834655120592
        },
        "iteration_duration": {
            "p(95)": 4624.564841,
            "avg": 4624.564841,
            "min": 4624.564841,
            "med": 4624.564841,
            "max": 4624.564841,
            "p(90)": 4624.564841
        },
        "http_req_duration": {
            "med": 4584.092,
            "max": 4584.092,
            "p(90)": 4584.092,
            "p(95)": 4584.092,
            "avg": 4584.092,
            "min": 4584.092
        },
        "vus": {
            "max": 1,
            "value": 1,
            "min": 1
        },
        "http_req_sending": {
            "avg": 0.212,
            "min": 0.212,
            "med": 0.212,
            "max": 0.212,
            "p(90)": 0.212,
            "p(95)": 0.212
        },
        "http_req_tls_handshaking": {
            "min": 0,
            "med": 0,
            "max": 0,
            "p(90)": 0,
            "p(95)": 0,
            "avg": 0
        },
        "http_req_failed": {
            "passes": 0,
            "fails": 1,
            "value": 0
        },
        "http_req_blocked": {
            "min": 40.202,
            "med": 40.202,
            "max": 40.202,
            "p(90)": 40.202,
            "p(95)": 40.202,
            "avg": 40.202
        },
        "http_req_receiving": {
            "p(90)": 0.147,
            "p(95)": 0.147,
            "avg": 0.147,
            "min": 0.147,
            "med": 0.147,
            "max": 0.147
        },
        "iterations": {
            "count": 1,
            "rate": 0.21607834655120592
        },
        "data_received": {
            "count": 180,
            "rate": 38.89410237921706
        },
        "http_req_duration{expected_response:true}": {
            "med": 4584.092,
            "max": 4584.092,
            "p(90)": 4584.092,
            "p(95)": 4584.092,
            "avg": 4584.092,
            "min": 4584.092
        },
        "data_sent": {
            "count": 153,
            "rate": 33.059987022334504
        }
    }
}