{
    "metrics": {
        "http_reqs": {
            "count": 1,
            "rate": 0.2340708907099604
        },
        "vus": {
            "value": 1,
            "min": 1,
            "max": 1
        },
        "checks": {
            "passes": 1,
            "fails": 0,
            "value": 1
        },
        "data_received": {
            "count": 1860,
            "rate": 435.37185672052635
        },
        "http_req_duration": {
            "min": 4161.069,
            "med": 4161.069,
            "max": 4161.069,
            "p(90)": 4161.069,
            "p(95)": 4161.069,
            "avg": 4161.069
        },
        "http_req_sending": {
            "p(95)": 0.657,
            "avg": 0.657,
            "min": 0.657,
            "med": 0.657,
            "max": 0.657,
            "p(90)": 0.657
        },
        "http_req_failed": {
            "passes": 0,
            "fails": 1,
            "value": 0
        },
        "http_req_connecting": {
            "avg": 47.675,
            "min": 47.675,
            "med": 47.675,
            "max": 47.675,
            "p(90)": 47.675,
            "p(95)": 47.675
        },
        "iterations": {
            "rate": 0.2340708907099604,
            "count": 1
        },
        "http_req_receiving": {
            "avg": 0.122,
            "min": 0.122,
            "med": 0.122,
            "max": 0.122,
            "p(90)": 0.122,
            "p(95)": 0.122
        },
        "vus_max": {
            "value": 1,
            "min": 1,
            "max": 1
        },
        "data_sent": {
            "count": 604,
            "rate": 141.37881798881608
        },
        "http_req_blocked": {
            "avg": 107.655,
            "min": 107.655,
            "med": 107.655,
            "max": 107.655,
            "p(90)": 107.655,
            "p(95)": 107.655
        },
        "http_req_waiting": {
            "p(90)": 4160.29,
            "p(95)": 4160.29,
            "avg": 4160.29,
            "min": 4160.29,
            "med": 4160.29,
            "max": 4160.29
        },
        "http_req_duration{expected_response:true}": {
            "med": 4161.069,
            "max": 4161.069,
            "p(90)": 4161.069,
            "p(95)": 4161.069,
            "avg": 4161.069,
            "min": 4161.069
        },
        "iteration_duration": {
            "avg": 4270.1615,
            "min": 4270.1615,
            "med": 4270.1615,
            "max": 4270.1615,
            "p(90)": 4270.1615,
            "p(95)": 4270.1615
        },
        "http_req_tls_handshaking": {
            "avg": 56.5,
            "min": 56.5,
            "med": 56.5,
            "max": 56.5,
            "p(90)": 56.5,
            "p(95)": 56.5
        }
    },
    "root_group": {
        "checks": {
            "is status 200": {
                "id": "548d37ca5f33793206f7832e7cea54fb",
                "passes": 1,
                "fails": 0,
                "name": "is status 200",
                "path": "::is status 200"
            }
        },
        "name": "",
        "path": "",
        "id": "d41d8cd98f00b204e9800998ecf8427e",
        "groups": {}
    }
}