{
    "metrics": {
        "http_req_waiting": {
            "avg": 2105.154,
            "min": 2105.154,
            "med": 2105.154,
            "max": 2105.154,
            "p(90)": 2105.154,
            "p(95)": 2105.154
        },
        "http_req_duration{expected_response:true}": {
            "p(95)": 2107.093,
            "avg": 2107.093,
            "min": 2107.093,
            "med": 2107.093,
            "max": 2107.093,
            "p(90)": 2107.093
        },
        "http_req_duration": {
            "avg": 2107.093,
            "min": 2107.093,
            "med": 2107.093,
            "max": 2107.093,
            "p(90)": 2107.093,
            "p(95)": 2107.093
        },
        "checks": {
            "passes": 1,
            "fails": 0,
            "value": 1
        },
        "http_req_connecting": {
            "max": 42.087,
            "p(90)": 42.087,
            "p(95)": 42.087,
            "avg": 42.087,
            "min": 42.087,
            "med": 42.087
        },
        "data_received": {
            "count": 180,
            "rate": 71.64073603692205
        },
        "iteration_duration": {
            "p(95)": 2509.883028,
            "avg": 2509.883028,
            "min": 2509.883028,
            "med": 2509.883028,
            "max": 2509.883028,
            "p(90)": 2509.883028
        },
        "http_req_failed": {
            "passes": 0,
            "fails": 1,
            "value": 0
        },
        "http_req_sending": {
            "p(95)": 1.342,
            "avg": 1.342,
            "min": 1.342,
            "med": 1.342,
            "max": 1.342,
            "p(90)": 1.342
        },
        "iterations": {
            "count": 1,
            "rate": 0.39800408909401136
        },
        "vus_max": {
            "value": 1,
            "min": 1,
            "max": 1
        },
        "http_reqs": {
            "count": 1,
            "rate": 0.39800408909401136
        },
        "vus": {
            "value": 1,
            "min": 1,
            "max": 1
        },
        "http_req_tls_handshaking": {
            "p(95)": 0,
            "avg": 0,
            "min": 0,
            "med": 0,
            "max": 0,
            "p(90)": 0
        },
        "http_req_receiving": {
            "max": 0.597,
            "p(90)": 0.597,
            "p(95)": 0.597,
            "avg": 0.597,
            "min": 0.597,
            "med": 0.597
        },
        "data_sent": {
            "count": 153,
            "rate": 60.89462563138374
        },
        "http_req_blocked": {
            "p(95)": 401.775,
            "avg": 401.775,
            "min": 401.775,
            "med": 401.775,
            "max": 401.775,
            "p(90)": 401.775
        }
    },
    "root_group": {
        "id": "d41d8cd98f00b204e9800998ecf8427e",
        "groups": {},
        "checks": {
                "is status 200": {
                    "name": "is status 200",
                    "path": "::is status 200",
                    "id": "548d37ca5f33793206f7832e7cea54fb",
                    "passes": 1,
                    "fails": 0
                }
            },
        "name": "",
        "path": ""
    }
}