{
    "root_group": {
        "checks": {
            "is status 200": {
                "passes": 1,
                "fails": 0,
                "name": "is status 200",
                "path": "::is status 200",
                "id": "548d37ca5f33793206f7832e7cea54fb"
            }
        },
        "name": "",
        "path": "",
        "id": "d41d8cd98f00b204e9800998ecf8427e",
        "groups": {}
    },
    "metrics": {
        "http_req_tls_handshaking": {
            "max": 455.948,
            "p(90)": 455.948,
            "p(95)": 455.948,
            "avg": 455.948,
            "min": 455.948,
            "med": 455.948
        },
        "iterations": {
            "count": 1,
            "rate": 0.18524641941827066
        },
        "vus_max": {
            "value": 1,
            "min": 1,
            "max": 1
        },
        "http_req_blocked": {
            "max": 611.617,
            "p(90)": 611.617,
            "p(95)": 611.617,
            "avg": 611.617,
            "min": 611.617,
            "med": 611.617
        },
        "http_reqs": {
            "count": 1,
            "rate": 0.18524641941827066
        },
        "checks": {
            "passes": 1,
            "fails": 0,
            "value": 1
        },
        "data_sent": {
            "count": 604,
            "rate": 111.88883732863547
        },
        "http_req_receiving": {
            "avg": 33.134,
            "min": 33.134,
            "med": 33.134,
            "max": 33.134,
            "p(90)": 33.134,
            "p(95)": 33.134
        },
        "http_req_failed": {
            "passes": 0,
            "fails": 1,
            "value": 0
        },
        "vus": {
            "value": 1,
            "min": 1,
            "max": 1
        },
        "http_req_connecting": {
            "avg": 153.07,
            "min": 153.07,
            "med": 153.07,
            "max": 153.07,
            "p(90)": 153.07,
            "p(95)": 153.07
        },
        "http_req_sending": {
            "avg": 0.321,
            "min": 0.321,
            "med": 0.321,
            "max": 0.321,
            "p(90)": 0.321,
            "p(95)": 0.321
        },
        "http_req_duration{expected_response:true}": {
            "avg": 4785.559,
            "min": 4785.559,
            "med": 4785.559,
            "max": 4785.559,
            "p(90)": 4785.559,
            "p(95)": 4785.559
        },
        "http_req_duration": {
            "min": 4785.559,
            "med": 4785.559,
            "max": 4785.559,
            "p(90)": 4785.559,
            "p(95)": 4785.559,
            "avg": 4785.559
        },
        "http_req_waiting": {
            "avg": 4752.104,
            "min": 4752.104,
            "med": 4752.104,
            "max": 4752.104,
            "p(90)": 4752.104,
            "p(95)": 4752.104
        },
        "iteration_duration": {
            "avg": 5397.517587,
            "min": 5397.517587,
            "med": 5397.517587,
            "max": 5397.517587,
            "p(90)": 5397.517587,
            "p(95)": 5397.517587
        },
        "data_received": {
            "count": 1860,
            "rate": 344.5583401179834
        }
    }
}