{
    "metrics": {
        "iterations": {
            "count": 1,
            "rate": 0.21244376613510405
        },
        "http_req_receiving": {
            "avg": 0.89,
            "min": 0.89,
            "med": 0.89,
            "max": 0.89,
            "p(90)": 0.89,
            "p(95)": 0.89
        },
        "http_req_waiting": {
            "med": 4200.923,
            "max": 4200.923,
            "p(90)": 4200.923,
            "p(95)": 4200.923,
            "avg": 4200.923,
            "min": 4200.923
        },
        "data_received": {
            "count": 1882,
            "rate": 399.8191678662658
        },
        "http_req_tls_handshaking": {
            "max": 188.446,
            "p(90)": 188.446,
            "p(95)": 188.446,
            "avg": 188.446,
            "min": 188.446,
            "med": 188.446
        },
        "iteration_duration": {
            "med": 4694.887464,
            "max": 4694.887464,
            "p(90)": 4694.887464,
            "p(95)": 4694.887464,
            "avg": 4694.887464,
            "min": 4694.887464
        },
        "http_req_duration": {
            "avg": 4209.128,
            "min": 4209.128,
            "med": 4209.128,
            "max": 4209.128,
            "p(90)": 4209.128,
            "p(95)": 4209.128
        },
        "http_req_sending": {
            "avg": 7.315,
            "min": 7.315,
            "med": 7.315,
            "max": 7.315,
            "p(90)": 7.315,
            "p(95)": 7.315
        },
        "http_req_blocked": {
            "p(95)": 479.999,
            "avg": 479.999,
            "min": 479.999,
            "med": 479.999,
            "max": 479.999,
            "p(90)": 479.999
        },
        "http_req_connecting": {
            "med": 90.304,
            "max": 90.304,
            "p(90)": 90.304,
            "p(95)": 90.304,
            "avg": 90.304,
            "min": 90.304
        },
        "http_req_failed": {
            "passes": 0,
            "fails": 1,
            "value": 0
        },
        "data_sent": {
            "count": 604,
            "rate": 128.31603474560285
        },
        "vus": {
            "min": 1,
            "max": 1,
            "value": 1
        },
        "http_reqs": {
            "count": 1,
            "rate": 0.21244376613510405
        },
        "checks": {
            "passes": 1,
            "fails": 0,
            "value": 1
        },
        "vus_max": {
            "value": 1,
            "min": 1,
            "max": 1
        },
        "http_req_duration{expected_response:true}": {
            "avg": 4209.128,
            "min": 4209.128,
            "med": 4209.128,
            "max": 4209.128,
            "p(90)": 4209.128,
            "p(95)": 4209.128
        }
    },
    "root_group": {
        "path": "",
        "id": "d41d8cd98f00b204e9800998ecf8427e",
        "groups": {},
        "checks": {
                "is status 200": {
                    "name": "is status 200",
                    "path": "::is status 200",
                    "id": "548d37ca5f33793206f7832e7cea54fb",
                    "passes": 1,
                    "fails": 0
                }
            },
        "name": ""
    }
}