{
    "metrics": {
        "http_req_sending": {
            "p(95)": 0.306,
            "avg": 0.306,
            "min": 0.306,
            "med": 0.306,
            "max": 0.306,
            "p(90)": 0.306
        },
        "http_req_waiting": {
            "avg": 3235.22,
            "min": 3235.22,
            "med": 3235.22,
            "max": 3235.22,
            "p(90)": 3235.22,
            "p(95)": 3235.22
        },
        "http_req_tls_handshaking": {
            "avg": 51.194,
            "min": 51.194,
            "med": 51.194,
            "max": 51.194,
            "p(90)": 51.194,
            "p(95)": 51.194
        },
        "http_req_failed": {
            "passes": 0,
            "fails": 1,
            "value": 0
        },
        "http_req_blocked": {
            "min": 110.237,
            "med": 110.237,
            "max": 110.237,
            "p(90)": 110.237,
            "p(95)": 110.237,
            "avg": 110.237
        },
        "vus": {
            "value": 1,
            "min": 1,
            "max": 1
        },
        "vus_max": {
            "value": 1,
            "min": 1,
            "max": 1
        },
        "http_req_receiving": {
            "p(95)": 0.211,
            "avg": 0.211,
            "min": 0.211,
            "med": 0.211,
            "max": 0.211,
            "p(90)": 0.211
        },
        "data_sent": {
            "count": 604,
            "rate": 180.39581350298502
        },
        "data_received": {
            "rate": 555.5235316482651,
            "count": 1860
        },
        "http_reqs": {
            "count": 1,
            "rate": 0.2986685654022931
        },
        "http_req_duration{expected_response:true}": {
            "min": 3235.737,
            "med": 3235.737,
            "max": 3235.737,
            "p(90)": 3235.737,
            "p(95)": 3235.737,
            "avg": 3235.737
        },
        "http_req_duration": {
            "min": 3235.737,
            "med": 3235.737,
            "max": 3235.737,
            "p(90)": 3235.737,
            "p(95)": 3235.737,
            "avg": 3235.737
        },
        "iterations": {
            "count": 1,
            "rate": 0.2986685654022931
        },
        "iteration_duration": {
            "avg": 3346.464861,
            "min": 3346.464861,
            "med": 3346.464861,
            "max": 3346.464861,
            "p(90)": 3346.464861,
            "p(95)": 3346.464861
        },
        "http_req_connecting": {
            "med": 56.269,
            "max": 56.269,
            "p(90)": 56.269,
            "p(95)": 56.269,
            "avg": 56.269,
            "min": 56.269
        },
        "checks": {
            "passes": 1,
            "fails": 0,
            "value": 1
        }
    },
    "root_group": {
        "id": "d41d8cd98f00b204e9800998ecf8427e",
        "groups": {},
        "checks": {
                "is status 200": {
                    "id": "548d37ca5f33793206f7832e7cea54fb",
                    "passes": 1,
                    "fails": 0,
                    "name": "is status 200",
                    "path": "::is status 200"
                }
            },
        "name": "",
        "path": ""
    }
}