{
    "root_group": {
        "name": "",
        "path": "",
        "id": "d41d8cd98f00b204e9800998ecf8427e",
        "groups": {},
        "checks": {
                "is status 200": {
                    "passes": 1,
                    "fails": 0,
                    "name": "is status 200",
                    "path": "::is status 200",
                    "id": "548d37ca5f33793206f7832e7cea54fb"
                }
            }
    },
    "metrics": {
        "http_req_blocked": {
            "p(90)": 152.521,
            "p(95)": 152.521,
            "avg": 152.521,
            "min": 152.521,
            "med": 152.521,
            "max": 152.521
        },
        "http_req_failed": {
            "passes": 0,
            "fails": 1,
            "value": 0
        },
        "iterations": {
            "rate": 0.15254119908975616,
            "count": 1
        },
        "vus_max": {
            "value": 1,
            "min": 1,
            "max": 1
        },
        "http_req_connecting": {
            "p(90)": 93.384,
            "p(95)": 93.384,
            "avg": 93.384,
            "min": 93.384,
            "med": 93.384,
            "max": 93.384
        },
        "http_req_duration": {
            "p(90)": 6401.898,
            "p(95)": 6401.898,
            "avg": 6401.898,
            "min": 6401.898,
            "med": 6401.898,
            "max": 6401.898
        },
        "http_req_duration{expected_response:true}": {
            "avg": 6401.898,
            "min": 6401.898,
            "med": 6401.898,
            "max": 6401.898,
            "p(90)": 6401.898,
            "p(95)": 6401.898
        },
        "http_req_tls_handshaking": {
            "avg": 56.835,
            "min": 56.835,
            "med": 56.835,
            "max": 56.835,
            "p(90)": 56.835,
            "p(95)": 56.835
        },
        "data_received": {
            "rate": 283.72663030694645,
            "count": 1860
        },
        "data_sent": {
            "count": 604,
            "rate": 92.13488425021272
        },
        "vus": {
            "min": 1,
            "max": 1,
            "value": 1
        },
        "http_reqs": {
            "count": 1,
            "rate": 0.15254119908975616
        },
        "http_req_receiving": {
            "p(95)": 0.091,
            "avg": 0.091,
            "min": 0.091,
            "med": 0.091,
            "max": 0.091,
            "p(90)": 0.091
        },
        "http_req_waiting": {
            "p(90)": 6401.536,
            "p(95)": 6401.536,
            "avg": 6401.536,
            "min": 6401.536,
            "med": 6401.536,
            "max": 6401.536
        },
        "iteration_duration": {
            "p(90)": 6554.724373,
            "p(95)": 6554.724373,
            "avg": 6554.724373,
            "min": 6554.724373,
            "med": 6554.724373,
            "max": 6554.724373
        },
        "http_req_sending": {
            "p(95)": 0.271,
            "avg": 0.271,
            "min": 0.271,
            "med": 0.271,
            "max": 0.271,
            "p(90)": 0.271
        },
        "checks": {
            "passes": 1,
            "fails": 0,
            "value": 1
        }
    }
}