{
    "metrics": {
        "http_req_tls_handshaking": {
            "avg": 173.604,
            "min": 173.604,
            "med": 173.604,
            "max": 173.604,
            "p(90)": 173.604,
            "p(95)": 173.604
        },
        "http_req_waiting": {
            "med": 3245.624,
            "max": 3245.624,
            "p(90)": 3245.624,
            "p(95)": 3245.624,
            "avg": 3245.624,
            "min": 3245.624
        },
        "http_req_failed": {
            "passes": 0,
            "fails": 1,
            "value": 0
        },
        "vus": {
            "value": 1,
            "min": 1,
            "max": 1
        },
        "vus_max": {
            "value": 1,
            "min": 1,
            "max": 1
        },
        "http_req_blocked": {
            "p(95)": 545.69,
            "avg": 545.69,
            "min": 545.69,
            "med": 545.69,
            "max": 545.69,
            "p(90)": 545.69
        },
        "data_sent": {
            "count": 604,
            "rate": 159.10312200364567
        },
        "http_reqs": {
            "count": 1,
            "rate": 0.26341576490669816
        },
        "http_req_sending": {
            "med": 0.639,
            "max": 0.639,
            "p(90)": 0.639,
            "p(95)": 0.639,
            "avg": 0.639,
            "min": 0.639
        },
        "http_req_connecting": {
            "min": 301.033,
            "med": 301.033,
            "max": 301.033,
            "p(90)": 301.033,
            "p(95)": 301.033,
            "avg": 301.033
        },
        "http_req_duration{expected_response:true}": {
            "min": 3246.478,
            "med": 3246.478,
            "max": 3246.478,
            "p(90)": 3246.478,
            "p(95)": 3246.478,
            "avg": 3246.478
        },
        "iteration_duration": {
            "max": 3793.833095,
            "p(90)": 3793.833095,
            "p(95)": 3793.833095,
            "avg": 3793.833095,
            "min": 3793.833095,
            "med": 3793.833095
        },
        "iterations": {
            "count": 1,
            "rate": 0.26341576490669816
        },
        "http_req_receiving": {
            "p(95)": 0.215,
            "avg": 0.215,
            "min": 0.215,
            "med": 0.215,
            "max": 0.215,
            "p(90)": 0.215
        },
        "http_req_duration": {
            "avg": 3246.478,
            "min": 3246.478,
            "med": 3246.478,
            "max": 3246.478,
            "p(90)": 3246.478,
            "p(95)": 3246.478
        },
        "checks": {
            "passes": 1,
            "fails": 0,
            "value": 1
        },
        "data_received": {
            "rate": 490.74357002117864,
            "count": 1863
        }
    },
    "root_group": {
        "id": "d41d8cd98f00b204e9800998ecf8427e",
        "groups": {},
        "checks": {
                "is status 200": {
                    "fails": 0,
                    "name": "is status 200",
                    "path": "::is status 200",
                    "id": "548d37ca5f33793206f7832e7cea54fb",
                    "passes": 1
                }
            },
        "name": "",
        "path": ""
    }
}