{
    "root_group": {
        "path": "",
        "id": "d41d8cd98f00b204e9800998ecf8427e",
        "groups": {},
        "checks": {
                "is status 200": {
                    "name": "is status 200",
                    "path": "::is status 200",
                    "id": "548d37ca5f33793206f7832e7cea54fb",
                    "passes": 1,
                    "fails": 0
                }
            },
        "name": ""
    },
    "metrics": {
        "http_reqs": {
            "rate": 0.3009044586217252,
            "count": 1
        },
        "http_req_tls_handshaking": {
            "p(95)": 0,
            "avg": 0,
            "min": 0,
            "med": 0,
            "max": 0,
            "p(90)": 0
        },
        "iterations": {
            "count": 1,
            "rate": 0.3009044586217252
        },
        "http_req_duration{expected_response:true}": {
            "avg": 3274.84,
            "min": 3274.84,
            "med": 3274.84,
            "max": 3274.84,
            "p(90)": 3274.84,
            "p(95)": 3274.84
        },
        "iteration_duration": {
            "min": 3321.121338,
            "med": 3321.121338,
            "max": 3321.121338,
            "p(90)": 3321.121338,
            "p(95)": 3321.121338,
            "avg": 3321.121338
        },
        "http_req_receiving": {
            "med": 0.397,
            "max": 0.397,
            "p(90)": 0.397,
            "p(95)": 0.397,
            "avg": 0.397,
            "min": 0.397
        },
        "http_req_connecting": {
            "max": 42.874,
            "p(90)": 42.874,
            "p(95)": 42.874,
            "avg": 42.874,
            "min": 42.874,
            "med": 42.874
        },
        "http_req_duration": {
            "med": 3274.84,
            "max": 3274.84,
            "p(90)": 3274.84,
            "p(95)": 3274.84,
            "avg": 3274.84,
            "min": 3274.84
        },
        "data_sent": {
            "count": 153,
            "rate": 46.038382169123956
        },
        "vus_max": {
            "value": 1,
            "min": 1,
            "max": 1
        },
        "http_req_sending": {
            "med": 0.087,
            "max": 0.087,
            "p(90)": 0.087,
            "p(95)": 0.087,
            "avg": 0.087,
            "min": 0.087
        },
        "http_req_failed": {
            "passes": 0,
            "fails": 1,
            "value": 0
        },
        "vus": {
            "max": 1,
            "value": 1,
            "min": 1
        },
        "http_req_waiting": {
            "p(95)": 3274.356,
            "avg": 3274.356,
            "min": 3274.356,
            "med": 3274.356,
            "max": 3274.356,
            "p(90)": 3274.356
        },
        "checks": {
            "passes": 1,
            "fails": 0,
            "value": 1
        },
        "http_req_blocked": {
            "max": 45.47,
            "p(90)": 45.47,
            "p(95)": 45.47,
            "avg": 45.47,
            "min": 45.47,
            "med": 45.47
        },
        "data_received": {
            "count": 183,
            "rate": 55.065515927775714
        }
    }
}