{
    "metrics": {
        "http_req_tls_handshaking": {
            "med": 0,
            "max": 582.18,
            "p(90)": 0,
            "p(95)": 0,
            "avg": 0.13557122185041146,
            "min": 0
        },
        "vus_max": {
            "value": 100,
            "min": 100,
            "max": 100
        },
        "iteration_duration": {
            "med": 53.122487,
            "max": 2070.837279,
            "p(90)": 132.8594,
            "p(95)": 184.41045899999997,
            "avg": 75.36453214733348,
            "min": 37.169214
        },
        "data_sent": {
            "count": 14969988,
            "rate": 49876.60444869016
        },
        "iterations": {
            "count": 398052,
            "rate": 1326.2189758609034
        },
        "http_req_waiting": {
            "avg": 73.87574764603643,
            "min": 36.756,
            "med": 52.569,
            "max": 2068.011,
            "p(90)": 130.28040000000016,
            "p(95)": 180.7798999999999
        },
        "vus": {
            "value": 100,
            "min": 100,
            "max": 100
        },
        "http_req_blocked": {
            "p(90)": 0.001,
            "p(95)": 0.001,
            "avg": 0.2929278310378576,
            "min": 0,
            "med": 0,
            "max": 838.98
        },
        "http_req_sending": {
            "min": 0.014,
            "med": 0.03,
            "max": 7.554,
            "p(90)": 0.051,
            "p(95)": 0.063,
            "avg": 0.03562533789555495
        },
        "data_received": {
            "count": 69587755,
            "rate": 231850.61541848668
        },
        "http_req_failed": {
            "passes": 0,
            "fails": 398052,
            "value": 0
        },
        "http_req_duration{expected_response:true}": {
            "min": 37.019,
            "med": 53.009,
            "max": 2070.696,
            "p(90)": 132.11390000000003,
            "p(95)": 183.76889999999992,
            "avg": 74.96541820666822
        },
        "http_req_duration": {
            "max": 2070.696,
            "p(90)": 132.11390000000003,
            "p(95)": 183.76889999999992,
            "avg": 74.96541820666822,
            "min": 37.019,
            "med": 53.009
        },
        "http_reqs": {
            "count": 398052,
            "rate": 1326.2189758609034
        },
        "checks": {
            "passes": 796104,
            "fails": 0,
            "value": 1
        },
        "http_req_receiving": {
            "avg": 1.0540452227344697,
            "min": 0.011,
            "med": 0.038,
            "max": 817.161,
            "p(90)": 1.658,
            "p(95)": 2.242
        },
        "http_req_connecting": {
            "min": 0,
            "med": 0,
            "max": 456.161,
            "p(90)": 0,
            "p(95)": 0,
            "avg": 0.11091447851034536
        }
    },
    "root_group": {
        "name": "",
        "path": "",
        "id": "d41d8cd98f00b204e9800998ecf8427e",
        "groups": {},
        "checks": {
                "is status 200": {
                    "passes": 796104,
                    "fails": 0,
                    "name": "is status 200",
                    "path": "::is status 200",
                    "id": "548d37ca5f33793206f7832e7cea54fb"
                }
            }
    }
}