{
    "metrics": {
        "http_req_receiving": {
            "p(95)": 1.62,
            "avg": 0.9067396453897633,
            "min": 0.01,
            "med": 0.033,
            "max": 750.061,
            "p(90)": 0.845
        },
        "http_req_tls_handshaking": {
            "p(95)": 0,
            "avg": 0.17587930892706746,
            "min": 0,
            "med": 0,
            "max": 565.208,
            "p(90)": 0
        },
        "http_req_blocked": {
            "p(95)": 0.001,
            "avg": 0.37363418389538994,
            "min": 0,
            "med": 0,
            "max": 840.437,
            "p(90)": 0.001
        },
        "http_req_sending": {
            "min": 0.013,
            "med": 0.03,
            "max": 8.491,
            "p(90)": 0.051,
            "p(95)": 0.063,
            "avg": 0.03542615029957426
        },
        "http_req_waiting": {
            "med": 60.445,
            "max": 2104.456,
            "p(90)": 147.25220000000002,
            "p(95)": 196.90939999999992,
            "avg": 83.64435317535744,
            "min": 40.569
        },
        "http_reqs": {
            "count": 352669,
            "rate": 1174.749459076422
        },
        "data_received": {
            "count": 63112393,
            "rate": 210228.995283874
        },
        "iterations": {
            "count": 352669,
            "rate": 1174.749459076422
        },
        "http_req_failed": {
            "passes": 0,
            "fails": 352669,
            "value": 0
        },
        "vus_max": {
            "value": 100,
            "min": 100,
            "max": 100
        },
        "checks": {
            "fails": 0,
            "passes": 705338,
            "value": 1
        },
        "vus": {
            "value": 100,
            "min": 100,
            "max": 100
        },
        "data_sent": {
            "count": 13279953,
            "rate": 44235.863099139155
        },
        "iteration_duration": {
            "avg": 85.06435085527082,
            "min": 40.992776,
            "med": 60.833157,
            "max": 2104.692544,
            "p(90)": 149.66100700000004,
            "p(95)": 200.6944048
        },
        "http_req_connecting": {
            "max": 453.077,
            "p(90)": 0,
            "p(95)": 0,
            "avg": 0.14589266706174914,
            "min": 0,
            "med": 0
        },
        "http_req_duration{expected_response:true}": {
            "med": 60.717,
            "max": 2104.531,
            "p(90)": 148.9634,
            "p(95)": 199.8983999999999,
            "avg": 84.58651897104542,
            "min": 40.873
        },
        "http_req_duration": {
            "p(90)": 148.9634,
            "p(95)": 199.8983999999999,
            "avg": 84.58651897104542,
            "min": 40.873,
            "med": 60.717,
            "max": 2104.531
        }
    },
    "root_group": {
        "groups": {},
        "checks": {
                "is status 200": {
                    "fails": 0,
                    "name": "is status 200",
                    "path": "::is status 200",
                    "id": "548d37ca5f33793206f7832e7cea54fb",
                    "passes": 705338
                }
            },
        "name": "",
        "path": "",
        "id": "d41d8cd98f00b204e9800998ecf8427e"
    }
}