{
    "root_group": {
        "name": "",
        "path": "",
        "id": "d41d8cd98f00b204e9800998ecf8427e",
        "groups": {},
        "checks": {
                "is status 200": {
                    "name": "is status 200",
                    "path": "::is status 200",
                    "id": "548d37ca5f33793206f7832e7cea54fb",
                    "passes": 737354,
                    "fails": 0
                }
            }
    },
    "metrics": {
        "vus_max": {
            "value": 100,
            "min": 100,
            "max": 100
        },
        "http_req_waiting": {
            "p(90)": 137.1354,
            "p(95)": 191.12260000000003,
            "avg": 79.75186037371583,
            "min": 37.876,
            "med": 57.566,
            "max": 3386.601
        },
        "checks": {
            "passes": 737354,
            "fails": 0,
            "value": 1
        },
        "http_req_duration": {
            "p(95)": 194.5710000000001,
            "avg": 81.21959051690453,
            "min": 37.936,
            "med": 58.677,
            "max": 3386.654,
            "p(90)": 139.159
        },
        "http_req_tls_handshaking": {
            "med": 0,
            "max": 0,
            "p(90)": 0,
            "p(95)": 0,
            "avg": 0,
            "min": 0
        },
        "vus": {
            "value": 100,
            "min": 100,
            "max": 100
        },
        "http_req_receiving": {
            "avg": 1.454620616420095,
            "min": 0.012,
            "med": 0.052,
            "max": 931.61,
            "p(90)": 2.944,
            "p(95)": 4.369200000000012
        },
        "data_received": {
            "count": 71549324,
            "rate": 238409.42948291093
        },
        "iteration_duration": {
            "avg": 81.38168358185096,
            "min": 38.051094,
            "med": 58.78064,
            "max": 3386.803992,
            "p(90)": 139.43161840000008,
            "p(95)": 195.19928840000009
        },
        "iterations": {
            "count": 368677,
            "rate": 1228.4682554578874
        },
        "http_req_connecting": {
            "p(90)": 0,
            "p(95)": 0,
            "avg": 0.01842047374802334,
            "min": 0,
            "med": 0,
            "max": 89.621
        },
        "http_req_blocked": {
            "p(95)": 0.004,
            "avg": 0.05942911274681217,
            "min": 0,
            "med": 0.002,
            "max": 232.353,
            "p(90)": 0.003
        },
        "http_req_duration{expected_response:true}": {
            "max": 3386.654,
            "p(90)": 139.159,
            "p(95)": 194.5710000000001,
            "avg": 81.21959051690453,
            "min": 37.936,
            "med": 58.677
        },
        "data_sent": {
            "count": 54564196,
            "rate": 181813.30180776733
        },
        "http_reqs": {
            "count": 368677,
            "rate": 1228.4682554578874
        },
        "http_req_sending": {
            "p(95)": 0.028,
            "avg": 0.013109526767331512,
            "min": 0.004,
            "med": 0.01,
            "max": 19.567,
            "p(90)": 0.02
        },
        "http_req_failed": {
            "passes": 0,
            "fails": 368677,
            "value": 0
        }
    }
}