{
    "root_group": {
        "name": "",
        "path": "",
        "id": "d41d8cd98f00b204e9800998ecf8427e",
        "groups": {},
        "checks": {
                "is status 200": {
                    "name": "is status 200",
                    "path": "::is status 200",
                    "id": "548d37ca5f33793206f7832e7cea54fb",
                    "passes": 665500,
                    "fails": 0
                }
            }
    },
    "metrics": {
        "http_req_blocked": {
            "med": 0,
            "max": 758.682,
            "p(90)": 0.001,
            "p(95)": 0.001,
            "avg": 0.21031699173496912,
            "min": 0
        },
        "http_req_receiving": {
            "min": 0.011,
            "med": 0.034,
            "max": 707.615,
            "p(90)": 0.884,
            "p(95)": 1.674,
            "avg": 0.7881549541697356
        },
        "checks": {
            "fails": 0,
            "passes": 665500,
            "value": 1
        },
        "http_req_connecting": {
            "max": 323.167,
            "p(90)": 0,
            "p(95)": 0,
            "avg": 0.08102849586776864,
            "min": 0,
            "med": 0
        },
        "iterations": {
            "count": 332750,
            "rate": 1108.9608620133579
        },
        "vus": {
            "value": 100,
            "min": 100,
            "max": 100
        },
        "http_req_duration{expected_response:true}": {
            "max": 1573.535,
            "p(90)": 153.12810000000002,
            "p(95)": 223.61929999999995,
            "avg": 89.83889283846698,
            "min": 40.529,
            "med": 66.048
        },
        "data_received": {
            "count": 59631504,
            "rate": 198734.79813371302
        },
        "http_reqs": {
            "count": 332750,
            "rate": 1108.9608620133579
        },
        "data_sent": {
            "count": 12542950,
            "rate": 41802.07556480976
        },
        "http_req_failed": {
            "passes": 0,
            "fails": 332750,
            "value": 0
        },
        "http_req_duration": {
            "p(95)": 223.61929999999995,
            "avg": 89.83889283846698,
            "min": 40.529,
            "med": 66.048,
            "max": 1573.535,
            "p(90)": 153.12810000000002
        },
        "http_req_tls_handshaking": {
            "avg": 0.11381492712246442,
            "min": 0,
            "med": 0,
            "max": 649.875,
            "p(90)": 0,
            "p(95)": 0
        },
        "http_req_sending": {
            "p(90)": 0.053,
            "p(95)": 0.065,
            "avg": 0.03670328775357784,
            "min": 0.013,
            "med": 0.03,
            "max": 39.286
        },
        "vus_max": {
            "value": 100,
            "min": 100,
            "max": 100
        },
        "iteration_duration": {
            "min": 40.628817,
            "med": 66.1722575,
            "max": 1573.6241,
            "p(90)": 154.16060260000012,
            "p(95)": 224.96975849999995,
            "avg": 90.15752005033723
        },
        "http_req_waiting": {
            "max": 1572.536,
            "p(90)": 151.44960000000023,
            "p(95)": 220.329,
            "avg": 89.0140345965414,
            "min": 40.473,
            "med": 65.741
        }
    }
}