{
    "root_group": {
        "groups": {},
        "checks": {
                "is status 200": {
                    "name": "is status 200",
                    "path": "::is status 200",
                    "id": "548d37ca5f33793206f7832e7cea54fb",
                    "passes": 678494,
                    "fails": 0
                }
            },
        "name": "",
        "path": "",
        "id": "d41d8cd98f00b204e9800998ecf8427e"
    },
    "metrics": {
        "http_req_connecting": {
            "max": 1881.873,
            "p(90)": 0,
            "p(95)": 0,
            "avg": 0.17168400015328047,
            "min": 0,
            "med": 0
        },
        "http_req_blocked": {
            "max": 4181.024,
            "p(90)": 0.001,
            "p(95)": 0.001,
            "avg": 0.4769226728585057,
            "min": 0,
            "med": 0
        },
        "iterations": {
            "count": 339247,
            "rate": 1130.709320143552
        },
        "http_req_waiting": {
            "min": 0,
            "med": 59.13,
            "max": 15929.318,
            "p(90)": 137.11040000000003,
            "p(95)": 196.23470000000003,
            "avg": 86.91697450530194
        },
        "data_sent": {
            "count": 12783339,
            "rate": 42606.833810924065
        },
        "iteration_duration": {
            "p(90)": 139.78374660000006,
            "p(95)": 200.25650330000002,
            "avg": 88.43204696715482,
            "min": 40.792898,
            "med": 59.521723,
            "max": 15929.5628
        },
        "http_reqs": {
            "rate": 1130.709320143552,
            "count": 339247
        },
        "http_req_sending": {
            "min": 0.013,
            "med": 0.029,
            "max": 32.39,
            "p(90)": 0.05,
            "p(95)": 0.061,
            "avg": 0.03527998773755016
        },
        "http_req_receiving": {
            "avg": 0.8807745035326788,
            "min": -69.062,
            "med": 0.032,
            "max": 3500.12,
            "p(90)": 0.819,
            "p(95)": 1.625
        },
        "vus_max": {
            "value": 100,
            "min": 100,
            "max": 100
        },
        "http_req_failed": {
            "passes": 0,
            "fails": 339247,
            "value": 0
        },
        "checks": {
            "passes": 678494,
            "fails": 0,
            "value": 1
        },
        "http_req_tls_handshaking": {
            "med": 0,
            "max": 4112.365,
            "p(90)": 0,
            "p(95)": 0,
            "avg": 0.20040096448900058,
            "min": 0
        },
        "http_req_duration{expected_response:true}": {
            "min": -12.768,
            "med": 59.404,
            "max": 15929.357,
            "p(90)": 138.96040000000002,
            "p(95)": 199.46660000000008,
            "avg": 87.83302899657137
        },
        "vus": {
            "value": 100,
            "min": 100,
            "max": 100
        },
        "http_req_duration": {
            "avg": 87.83302899657137,
            "min": -12.768,
            "med": 59.404,
            "max": 15929.357,
            "p(90)": 138.96040000000002,
            "p(95)": 199.46660000000008
        },
        "data_received": {
            "count": 60851836,
            "rate": 202819.00241725624
        }
    }
}