{
    "root_group": {
        "path": "",
        "id": "d41d8cd98f00b204e9800998ecf8427e",
        "groups": {},
        "checks": {
                "is status 200": {
                    "passes": 698014,
                    "fails": 0,
                    "name": "is status 200",
                    "path": "::is status 200",
                    "id": "548d37ca5f33793206f7832e7cea54fb"
                }
            },
        "name": ""
    },
    "metrics": {
        "http_req_duration{expected_response:true}": {
            "max": 1717.077,
            "p(90)": 162.4944,
            "p(95)": 216.31070000000003,
            "avg": 85.85949874071407,
            "min": 36.912,
            "med": 59.902
        },
        "http_req_duration": {
            "max": 1717.077,
            "p(90)": 162.4944,
            "p(95)": 216.31070000000003,
            "avg": 85.85949874071407,
            "min": 36.912,
            "med": 59.902
        },
        "vus_max": {
            "value": 100,
            "min": 100,
            "max": 100
        },
        "http_req_blocked": {
            "min": 0,
            "med": 0.002,
            "max": 56.8,
            "p(90)": 0.003,
            "p(95)": 0.004,
            "avg": 0.017130573312480517
        },
        "data_received": {
            "rate": 225642.97934441562,
            "count": 67732785
        },
        "http_req_connecting": {
            "min": 0,
            "med": 0,
            "max": 50.047,
            "p(90)": 0,
            "p(95)": 0,
            "avg": 0.012608586647259218
        },
        "iterations": {
            "count": 349007,
            "rate": 1162.671508222443
        },
        "vus": {
            "value": 100,
            "min": 100,
            "max": 100
        },
        "http_req_failed": {
            "passes": 0,
            "fails": 349007,
            "value": 0
        },
        "http_req_tls_handshaking": {
            "p(90)": 0,
            "p(95)": 0,
            "avg": 0,
            "min": 0,
            "med": 0,
            "max": 0
        },
        "data_sent": {
            "count": 51653036,
            "rate": 172075.38321692156
        },
        "http_req_receiving": {
            "avg": 1.2953142229236498,
            "min": 0.012,
            "med": 0.051,
            "max": 777.167,
            "p(90)": 2.95,
            "p(95)": 4.43
        },
        "checks": {
            "passes": 698014,
            "fails": 0,
            "value": 1
        },
        "http_req_waiting": {
            "p(90)": 160.67220000000006,
            "p(95)": 214.01050000000006,
            "avg": 84.55128153589837,
            "min": 36.848,
            "med": 58.702,
            "max": 1717.047
        },
        "http_reqs": {
            "rate": 1162.671508222443,
            "count": 349007
        },
        "http_req_sending": {
            "avg": 0.012902981888617108,
            "min": 0.004,
            "med": 0.01,
            "max": 3.112,
            "p(90)": 0.02,
            "p(95)": 0.028
        },
        "iteration_duration": {
            "avg": 85.97854664738142,
            "min": 37.042756,
            "med": 60.002815,
            "max": 1717.182781,
            "p(90)": 162.70620660000003,
            "p(95)": 216.7186301
        }
    }
}