{
    "root_group": {
        "name": "",
        "path": "",
        "id": "d41d8cd98f00b204e9800998ecf8427e",
        "groups": {},
        "checks": {
                "is status 200": {
                    "passes": 709830,
                    "fails": 0,
                    "name": "is status 200",
                    "path": "::is status 200",
                    "id": "548d37ca5f33793206f7832e7cea54fb"
                }
            }
    },
    "metrics": {
        "checks": {
            "passes": 709830,
            "fails": 0,
            "value": 1
        },
        "iteration_duration": {
            "avg": 84.52980440557225,
            "min": 37.604827,
            "med": 56.830131,
            "max": 18100.478768,
            "p(90)": 134.60465240000008,
            "p(95)": 196.19675039999998
        },
        "vus": {
            "value": 100,
            "min": 100,
            "max": 100
        },
        "vus_max": {
            "value": 100,
            "min": 100,
            "max": 100
        },
        "http_req_waiting": {
            "avg": 82.12420089317328,
            "min": 0,
            "med": 55.681,
            "max": 18100.153,
            "p(90)": 130.84760000000006,
            "p(95)": 190.9167999999999
        },
        "http_req_tls_handshaking": {
            "p(90)": 0,
            "p(95)": 0,
            "avg": 0,
            "min": 0,
            "med": 0,
            "max": 0
        },
        "http_req_failed": {
            "passes": 0,
            "fails": 354915,
            "value": 0
        },
        "http_req_receiving": {
            "max": 12747.296,
            "p(90)": 2.869,
            "p(95)": 4.351,
            "avg": 2.154901187607848,
            "min": 0.01,
            "med": 0.05
        },
        "data_sent": {
            "count": 52527420,
            "rate": 175100.75154747098
        },
        "http_req_duration": {
            "avg": 84.29201732245912,
            "min": 0.033,
            "med": 56.721,
            "max": 18100.196,
            "p(90)": 134.166,
            "p(95)": 195.50919999999996
        },
        "http_req_blocked": {
            "min": 0,
            "med": 0.002,
            "max": 406.849,
            "p(90)": 0.003,
            "p(95)": 0.004,
            "avg": 0.11581101390383003
        },
        "http_req_duration{expected_response:true}": {
            "p(90)": 134.166,
            "p(95)": 195.50919999999996,
            "avg": 84.29201732245912,
            "min": 0.033,
            "med": 56.721,
            "max": 18100.196
        },
        "http_req_connecting": {
            "avg": 0.013597049997886811,
            "min": 0,
            "med": 0,
            "max": 53.167,
            "p(90)": 0,
            "p(95)": 0
        },
        "data_received": {
            "count": 68876709,
            "rate": 229601.2922396809
        },
        "http_req_sending": {
            "p(90)": 0.02,
            "p(95)": 0.028,
            "avg": 0.012915241677585537,
            "min": 0.004,
            "med": 0.01,
            "max": 4.415
        },
        "http_reqs": {
            "count": 354915,
            "rate": 1183.1131861315607
        },
        "iterations": {
            "count": 354915,
            "rate": 1183.1131861315607
        }
    }
}