{
    "metrics": {
        "iterations": {
            "rate": 1241.7204140923807,
            "count": 372564
        },
        "vus_max": {
            "value": 100,
            "min": 100,
            "max": 100
        },
        "http_reqs": {
            "count": 372564,
            "rate": 1241.7204140923807
        },
        "data_sent": {
            "count": 14015268,
            "rate": 46711.55663074181
        },
        "http_req_sending": {
            "min": 0.012,
            "med": 0.031,
            "max": 11.632,
            "p(90)": 0.053,
            "p(95)": 0.065,
            "avg": 0.03681842045931265
        },
        "http_req_blocked": {
            "avg": 0.16111407972768865,
            "min": 0,
            "med": 0,
            "max": 540.66,
            "p(90)": 0.001,
            "p(95)": 0.001
        },
        "http_req_tls_handshaking": {
            "med": 0,
            "max": 448.905,
            "p(90)": 0,
            "p(95)": 0,
            "avg": 0.08467614154883459,
            "min": 0
        },
        "iteration_duration": {
            "avg": 80.52090163518798,
            "min": 36.837581,
            "med": 57.54127750000001,
            "max": 1391.145689,
            "p(90)": 138.85673970000005,
            "p(95)": 208.02963994999996
        },
        "http_req_connecting": {
            "avg": 0.06304547406620076,
            "min": 0,
            "med": 0,
            "max": 264.15,
            "p(90)": 0,
            "p(95)": 0
        },
        "data_received": {
            "count": 65193460,
            "rate": 217283.6080440275
        },
        "http_req_duration{expected_response:true}": {
            "avg": 80.25099957591264,
            "min": 36.732,
            "med": 57.411,
            "max": 1247.188,
            "p(90)": 137.879,
            "p(95)": 207.127
        },
        "http_req_failed": {
            "passes": 0,
            "fails": 372564,
            "value": 0
        },
        "checks": {
            "passes": 745128,
            "fails": 0,
            "value": 1
        },
        "http_req_receiving": {
            "max": 820.465,
            "p(90)": 1.678,
            "p(95)": 2.273,
            "avg": 0.9680951514366545,
            "min": 0.009,
            "med": 0.039
        },
        "http_req_duration": {
            "max": 1247.188,
            "p(90)": 137.879,
            "p(95)": 207.127,
            "avg": 80.25099957591264,
            "min": 36.732,
            "med": 57.411
        },
        "vus": {
            "value": 100,
            "min": 100,
            "max": 100
        },
        "http_req_waiting": {
            "max": 1246.42,
            "p(90)": 135.93010000000004,
            "p(95)": 203.67784999999998,
            "avg": 79.24608600401625,
            "min": 36.001,
            "med": 56.922
        }
    },
    "root_group": {
        "id": "d41d8cd98f00b204e9800998ecf8427e",
        "groups": {},
        "checks": {
                "is status 200": {
                    "path": "::is status 200",
                    "id": "548d37ca5f33793206f7832e7cea54fb",
                    "passes": 745128,
                    "fails": 0,
                    "name": "is status 200"
                }
            },
        "name": "",
        "path": ""
    }
}