{
    "metrics": {
        "data_sent": {
            "rate": 48987.634653841225,
            "count": 14728036
        },
        "http_req_duration{expected_response:true}": {
            "min": 36.287,
            "med": 53.384,
            "max": 3531.959,
            "p(90)": 132.31429999999997,
            "p(95)": 187.0039499999999,
            "avg": 76.25780510326202
        },
        "http_req_tls_handshaking": {
            "med": 0,
            "max": 677.126,
            "p(90)": 0,
            "p(95)": 0,
            "avg": 0.12270129495594985,
            "min": 0
        },
        "iterations": {
            "count": 391828,
            "rate": 1303.2781092567468
        },
        "vus": {
            "value": 100,
            "min": 100,
            "max": 100
        },
        "http_req_failed": {
            "passes": 0,
            "fails": 391828,
            "value": 0
        },
        "checks": {
            "passes": 783656,
            "fails": 0,
            "value": 1
        },
        "http_req_receiving": {
            "med": 0.037,
            "max": 872.016,
            "p(90)": 1.636,
            "p(95)": 2.24,
            "avg": 0.9888472926893779,
            "min": 0.01
        },
        "http_reqs": {
            "count": 391828,
            "rate": 1303.2781092567468
        },
        "data_received": {
            "count": 68500256,
            "rate": 227842.02283472117
        },
        "vus_max": {
            "value": 100,
            "min": 100,
            "max": 100
        },
        "http_req_blocked": {
            "avg": 0.22525563257384398,
            "min": 0,
            "med": 0,
            "max": 877.606,
            "p(90)": 0.001,
            "p(95)": 0.001
        },
        "http_req_sending": {
            "avg": 0.03529210520942626,
            "min": 0.013,
            "med": 0.029,
            "max": 25.188,
            "p(90)": 0.051,
            "p(95)": 0.062
        },
        "http_req_duration": {
            "min": 36.287,
            "med": 53.384,
            "max": 3531.959,
            "p(90)": 132.31429999999997,
            "p(95)": 187.0039499999999,
            "avg": 76.25780510326202
        },
        "http_req_waiting": {
            "min": 26.292,
            "med": 52.962,
            "max": 3529.38,
            "p(90)": 130.61159999999998,
            "p(95)": 183.7062499999998,
            "avg": 75.23366570536162
        },
        "http_req_connecting": {
            "avg": 0.08663189715895751,
            "min": 0,
            "med": 0,
            "max": 480.323,
            "p(90)": 0,
            "p(95)": 0
        },
        "iteration_duration": {
            "p(95)": 188.2807708499998,
            "avg": 76.58765491688575,
            "min": 36.388921,
            "med": 53.496303,
            "max": 3532.164861,
            "p(90)": 133.00010999999998
        }
    },
    "root_group": {
        "groups": {},
        "checks": {
                "is status 200": {
                    "fails": 0,
                    "name": "is status 200",
                    "path": "::is status 200",
                    "id": "548d37ca5f33793206f7832e7cea54fb",
                    "passes": 783656
                }
            },
        "name": "",
        "path": "",
        "id": "d41d8cd98f00b204e9800998ecf8427e"
    }
}