{
    "metrics": {
        "data_received": {
            "count": 67119337,
            "rate": 223691.30031677563
        },
        "vus": {
            "value": 100,
            "min": 100,
            "max": 100
        },
        "http_req_duration{expected_response:true}": {
            "min": 38.059,
            "med": 63.209,
            "max": 2359.368,
            "p(90)": 148.4288,
            "p(95)": 218.892,
            "avg": 86.59039874458912
        },
        "iterations": {
            "count": 345863,
            "rate": 1152.6714604088083
        },
        "data_sent": {
            "count": 51187724,
            "rate": 170595.37614050362
        },
        "http_req_waiting": {
            "min": 37.44,
            "med": 62.159,
            "max": 2359.34,
            "p(90)": 145.78639999999996,
            "p(95)": 214.71939999999978,
            "avg": 85.14514647707242
        },
        "http_req_sending": {
            "avg": 0.013513781468386507,
            "min": 0.004,
            "med": 0.01,
            "max": 4.206,
            "p(90)": 0.021,
            "p(95)": 0.03
        },
        "http_req_blocked": {
            "p(95)": 0.005,
            "avg": 0.04129831754233158,
            "min": 0,
            "med": 0.002,
            "max": 137.828,
            "p(90)": 0.004
        },
        "http_req_failed": {
            "passes": 0,
            "fails": 345863,
            "value": 0
        },
        "http_req_tls_handshaking": {
            "med": 0,
            "max": 0,
            "p(90)": 0,
            "p(95)": 0,
            "avg": 0,
            "min": 0
        },
        "http_reqs": {
            "count": 345863,
            "rate": 1152.6714604088083
        },
        "http_req_duration": {
            "avg": 86.59039874458912,
            "min": 38.059,
            "med": 63.209,
            "max": 2359.368,
            "p(90)": 148.4288,
            "p(95)": 218.892
        },
        "checks": {
            "passes": 691726,
            "fails": 0,
            "value": 1
        },
        "http_req_receiving": {
            "avg": 1.4317384860478068,
            "min": 0.012,
            "med": 0.052,
            "max": 805.051,
            "p(90)": 2.837,
            "p(95)": 4.269
        },
        "iteration_duration": {
            "max": 2359.487243,
            "p(90)": 148.85056539999997,
            "p(95)": 219.04622479999986,
            "avg": 86.73891307235279,
            "min": 38.227645,
            "med": 63.320361
        },
        "vus_max": {
            "value": 100,
            "min": 100,
            "max": 100
        },
        "http_req_connecting": {
            "avg": 0.020537903736450567,
            "min": 0,
            "med": 0,
            "max": 73.619,
            "p(90)": 0,
            "p(95)": 0
        }
    },
    "root_group": {
        "name": "",
        "path": "",
        "id": "d41d8cd98f00b204e9800998ecf8427e",
        "groups": {},
        "checks": {
                "is status 200": {
                    "name": "is status 200",
                    "path": "::is status 200",
                    "id": "548d37ca5f33793206f7832e7cea54fb",
                    "passes": 691726,
                    "fails": 0
                }
            }
    }
}