{
    "root_group": {
        "id": "d41d8cd98f00b204e9800998ecf8427e",
        "groups": {},
        "checks": {
                "is status 200": {
                    "fails": 0,
                    "name": "is status 200",
                    "path": "::is status 200",
                    "id": "548d37ca5f33793206f7832e7cea54fb",
                    "passes": 736942
                }
            },
        "name": "",
        "path": ""
    },
    "metrics": {
        "data_received": {
            "count": 64435375,
            "rate": 214692.69056791646
        },
        "vus_max": {
            "value": 100,
            "min": 100,
            "max": 100
        },
        "http_req_connecting": {
            "p(95)": 0,
            "avg": 0.0903105264729111,
            "min": 0,
            "med": 0,
            "max": 252.066,
            "p(90)": 0
        },
        "http_req_sending": {
            "min": 0.013,
            "med": 0.03,
            "max": 8.779,
            "p(90)": 0.05,
            "p(95)": 0.061,
            "avg": 0.03494688320112307
        },
        "checks": {
            "passes": 736942,
            "fails": 0,
            "value": 1
        },
        "http_req_duration{expected_response:true}": {
            "avg": 81.02935376461156,
            "min": 37.423,
            "med": 54.132,
            "max": 1887.158,
            "p(90)": 157.022,
            "p(95)": 211.2065
        },
        "vus": {
            "value": 100,
            "min": 100,
            "max": 100
        },
        "iterations": {
            "rate": 1227.711181726664,
            "count": 368471
        },
        "http_req_failed": {
            "passes": 0,
            "fails": 368471,
            "value": 0
        },
        "iteration_duration": {
            "min": 37.526043,
            "med": 54.252095,
            "max": 1887.375585,
            "p(90)": 157.700861,
            "p(95)": 212.01433,
            "avg": 81.42508055562696
        },
        "http_req_tls_handshaking": {
            "avg": 0.14242875830119608,
            "min": 0,
            "med": 0,
            "max": 362.522,
            "p(90)": 0,
            "p(95)": 0
        },
        "http_req_receiving": {
            "p(95)": 2.315,
            "avg": 1.0776078280240606,
            "min": 0.01,
            "med": 0.037,
            "max": 1803.493,
            "p(90)": 1.713
        },
        "http_req_waiting": {
            "max": 1786.932,
            "p(90)": 154.968,
            "p(95)": 208.03050000000002,
            "avg": 79.9167990533854,
            "min": 36.15,
            "med": 53.696
        },
        "data_sent": {
            "count": 13863827,
            "rate": 46192.985145164836
        },
        "http_reqs": {
            "count": 368471,
            "rate": 1227.711181726664
        },
        "http_req_duration": {
            "p(95)": 211.2065,
            "avg": 81.02935376461156,
            "min": 37.423,
            "med": 54.132,
            "max": 1887.158,
            "p(90)": 157.022
        },
        "http_req_blocked": {
            "med": 0,
            "max": 731.02,
            "p(90)": 0.001,
            "p(95)": 0.001,
            "avg": 0.2914475657527876,
            "min": 0
        }
    }
}