{
    "metrics": {
        "http_reqs": {
            "count": 383003,
            "rate": 1275.6628336296394
        },
        "iteration_duration": {
            "avg": 78.33249992903971,
            "min": 36.677059,
            "med": 52.017186,
            "max": 16140.935468,
            "p(90)": 124.95187599999997,
            "p(95)": 186.70706869999998
        },
        "http_req_failed": {
            "passes": 0,
            "fails": 383003,
            "value": 0
        },
        "checks": {
            "passes": 766006,
            "fails": 0,
            "value": 1
        },
        "vus_max": {
            "value": 100,
            "min": 100,
            "max": 100
        },
        "http_req_connecting": {
            "max": 461.268,
            "p(90)": 0,
            "p(95)": 0,
            "avg": 0.06542031002368129,
            "min": 0,
            "med": 0
        },
        "data_sent": {
            "rate": 47966.91496100141,
            "count": 14401511
        },
        "http_req_receiving": {
            "p(90)": 1.554,
            "p(95)": 2.186,
            "avg": 1.2791223776309815,
            "min": 0.009,
            "med": 0.036,
            "max": 12906.143
        },
        "http_req_waiting": {
            "p(90)": 121.52899999999994,
            "p(95)": 182.08589999999998,
            "avg": 76.73439247212177,
            "min": 0,
            "med": 51.483,
            "max": 16140.161
        },
        "data_received": {
            "count": 67078110,
            "rate": 223416.14002271695
        },
        "http_req_sending": {
            "avg": 0.0356698198186476,
            "min": 0.013,
            "med": 0.029,
            "max": 21.331,
            "p(90)": 0.051,
            "p(95)": 0.062
        },
        "http_req_duration{expected_response:true}": {
            "min": 0.039,
            "med": 51.895,
            "max": 16140.68,
            "p(90)": 123.83179999999999,
            "p(95)": 185.85059999999987,
            "avg": 78.04918466957095
        },
        "http_req_duration": {
            "p(90)": 123.83179999999999,
            "p(95)": 185.85059999999987,
            "avg": 78.04918466957095,
            "min": 0.039,
            "med": 51.895,
            "max": 16140.68
        },
        "http_req_blocked": {
            "p(90)": 0.001,
            "p(95)": 0.001,
            "avg": 0.16197952757461048,
            "min": 0,
            "med": 0,
            "max": 949.773
        },
        "iterations": {
            "count": 383003,
            "rate": 1275.6628336296394
        },
        "vus": {
            "value": 100,
            "min": 100,
            "max": 100
        },
        "http_req_tls_handshaking": {
            "p(90)": 0,
            "p(95)": 0,
            "avg": 0.08339108048762019,
            "min": 0,
            "med": 0,
            "max": 813.882
        }
    },
    "root_group": {
        "name": "",
        "path": "",
        "id": "d41d8cd98f00b204e9800998ecf8427e",
        "groups": {},
        "checks": {
                "is status 200": {
                    "id": "548d37ca5f33793206f7832e7cea54fb",
                    "passes": 766006,
                    "fails": 0,
                    "name": "is status 200",
                    "path": "::is status 200"
                }
            }
    }
}