{
    "root_group": {
        "name": "",
        "path": "",
        "id": "d41d8cd98f00b204e9800998ecf8427e",
        "groups": {},
        "checks": {
                "is status 200": {
                    "name": "is status 200",
                    "path": "::is status 200",
                    "id": "548d37ca5f33793206f7832e7cea54fb",
                    "passes": 681592,
                    "fails": 0
                }
            }
    },
    "metrics": {
        "http_req_sending": {
            "avg": 0.03460584044413664,
            "min": 0.012,
            "med": 0.029,
            "max": 2.452,
            "p(90)": 0.05,
            "p(95)": 0.06
        },
        "vus": {
            "value": 100,
            "min": 100,
            "max": 100
        },
        "data_received": {
            "count": 61011056,
            "rate": 203203.1516439838
        },
        "iteration_duration": {
            "avg": 88.05864028654688,
            "min": 39.179995,
            "med": 61.9216525,
            "max": 1731.645727,
            "p(90)": 164.11762950000002,
            "p(95)": 217.04218375
        },
        "http_req_blocked": {
            "avg": 0.194724943954215,
            "min": 0,
            "med": 0,
            "max": 327.32,
            "p(90)": 0.001,
            "p(95)": 0.001
        },
        "http_req_connecting": {
            "avg": 0.08291488456437279,
            "min": 0,
            "med": 0,
            "max": 220.679,
            "p(90)": 0,
            "p(95)": 0
        },
        "data_sent": {
            "rate": 42767.01841652477,
            "count": 12840652
        },
        "http_req_waiting": {
            "avg": 86.95598300156233,
            "min": 39.036,
            "med": 61.5175,
            "max": 1731.491,
            "p(90)": 161.75400000000002,
            "p(95)": 214.079
        },
        "http_req_tls_handshaking": {
            "p(90)": 0,
            "p(95)": 0,
            "avg": 0.10947036643622574,
            "min": 0,
            "med": 0,
            "max": 197.671
        },
        "vus_max": {
            "value": 100,
            "min": 100,
            "max": 100
        },
        "http_req_receiving": {
            "avg": 0.7707328049624439,
            "min": 0.011,
            "med": 0.032,
            "max": 861.644,
            "p(90)": 0.895,
            "p(95)": 1.714
        },
        "http_req_duration": {
            "p(95)": 216.61925,
            "avg": 87.76132164696813,
            "min": 39.092,
            "med": 61.798,
            "max": 1731.56,
            "p(90)": 163.46249999999998
        },
        "http_req_duration{expected_response:true}": {
            "p(95)": 216.61925,
            "avg": 87.76132164696813,
            "min": 39.092,
            "med": 61.798,
            "max": 1731.56,
            "p(90)": 163.46249999999998
        },
        "http_req_failed": {
            "passes": 0,
            "fails": 340796,
            "value": 0
        },
        "checks": {
            "passes": 681592,
            "fails": 0,
            "value": 1
        },
        "http_reqs": {
            "count": 340796,
            "rate": 1135.053641223045
        },
        "iterations": {
            "rate": 1135.053641223045,
            "count": 340796
        }
    }
}