{
    "root_group": {
        "name": "",
        "path": "",
        "id": "d41d8cd98f00b204e9800998ecf8427e",
        "groups": {},
        "checks": {
                "is status 200": {
                    "passes": 794246,
                    "fails": 0,
                    "name": "is status 200",
                    "path": "::is status 200",
                    "id": "548d37ca5f33793206f7832e7cea54fb"
                }
            }
    },
    "metrics": {
        "http_req_failed": {
            "passes": 0,
            "fails": 397123,
            "value": 0
        },
        "http_reqs": {
            "count": 397123,
            "rate": 1323.0478511795634
        },
        "iterations": {
            "rate": 1323.0478511795634,
            "count": 397123
        },
        "iteration_duration": {
            "p(95)": 143.81678579999993,
            "avg": 75.54215871132536,
            "min": 39.639408,
            "med": 63.030058,
            "max": 1191.620382,
            "p(90)": 104.19635099999999
        },
        "http_req_duration{expected_response:true}": {
            "p(95)": 142.15559999999985,
            "avg": 75.22164217887108,
            "min": 39.562,
            "med": 62.847,
            "max": 1191.472,
            "p(90)": 103.669
        },
        "http_req_receiving": {
            "med": 0.045,
            "max": 660.092,
            "p(90)": 0.746,
            "p(95)": 1.391,
            "avg": 0.6648275219517695,
            "min": 0.012
        },
        "checks": {
            "passes": 794246,
            "fails": 0,
            "value": 1
        },
        "vus": {
            "min": 100,
            "max": 100,
            "value": 100
        },
        "http_req_duration": {
            "avg": 75.22164217887108,
            "min": 39.562,
            "med": 62.847,
            "max": 1191.472,
            "p(90)": 103.669,
            "p(95)": 142.15559999999985
        },
        "http_req_blocked": {
            "med": 0.001,
            "max": 698.569,
            "p(90)": 0.001,
            "p(95)": 0.001,
            "avg": 0.1611445194546775,
            "min": 0
        },
        "http_req_connecting": {
            "max": 175.807,
            "p(90)": 0,
            "p(95)": 0,
            "avg": 0.06034691266937444,
            "min": 0,
            "med": 0
        },
        "http_req_sending": {
            "max": 16.049,
            "p(90)": 0.077,
            "p(95)": 0.096,
            "avg": 0.055758905930923135,
            "min": 0.017,
            "med": 0.047
        },
        "data_sent": {
            "count": 14931073,
            "rate": 49744.09452098014
        },
        "vus_max": {
            "value": 100,
            "min": 100,
            "max": 100
        },
        "http_req_waiting": {
            "med": 62.539,
            "max": 1191.388,
            "p(90)": 102.784,
            "p(95)": 139.78879999999992,
            "avg": 74.50105575098753,
            "min": 39.505
        },
        "data_received": {
            "rate": 238320.31961865383,
            "count": 71533679
        },
        "http_req_tls_handshaking": {
            "avg": 0.08203883935203955,
            "min": 0,
            "med": 0,
            "max": 625.247,
            "p(90)": 0,
            "p(95)": 0
        }
    }
}