{
    "root_group": {
        "id": "d41d8cd98f00b204e9800998ecf8427e",
        "groups": {},
        "checks": {
                "is status 200": {
                    "id": "548d37ca5f33793206f7832e7cea54fb",
                    "passes": 750548,
                    "fails": 0,
                    "name": "is status 200",
                    "path": "::is status 200"
                }
            },
        "name": "",
        "path": ""
    },
    "metrics": {
        "http_req_tls_handshaking": {
            "avg": 0.08961320794939169,
            "min": 0,
            "med": 0,
            "max": 793.856,
            "p(90)": 0,
            "p(95)": 0
        },
        "http_req_sending": {
            "med": 0.047,
            "max": 69.862,
            "p(90)": 0.083,
            "p(95)": 0.103,
            "avg": 0.057991750027996246,
            "min": 0.015
        },
        "vus": {
            "value": 100,
            "min": 100,
            "max": 100
        },
        "vus_max": {
            "value": 100,
            "min": 100,
            "max": 100
        },
        "http_req_waiting": {
            "avg": 77.74456071297266,
            "min": 23.745,
            "med": 55.888,
            "max": 7471.404,
            "p(90)": 120.30040000000002,
            "p(95)": 180.63654999999972
        },
        "http_reqs": {
            "count": 375274,
            "rate": 1250.4127097647672
        },
        "http_req_duration{expected_response:true}": {
            "p(95)": 192.22434999999953,
            "avg": 79.60705857320356,
            "min": 35.922,
            "med": 56.192,
            "max": 7471.547,
            "p(90)": 123.4607
        },
        "http_req_failed": {
            "passes": 0,
            "fails": 375274,
            "value": 0
        },
        "checks": {
            "passes": 750548,
            "fails": 0,
            "value": 1
        },
        "iteration_duration": {
            "min": 36.058758,
            "med": 56.377432,
            "max": 7471.834405,
            "p(90)": 124.2898443,
            "p(95)": 193.72364864999997,
            "avg": 79.94190138198925
        },
        "http_req_receiving": {
            "avg": 1.8045061102021038,
            "min": 0.011,
            "med": 0.045,
            "max": 2250.723,
            "p(90)": 0.673,
            "p(95)": 1.353
        },
        "data_sent": {
            "count": 14115938,
            "rate": 47034.29570247725
        },
        "http_req_blocked": {
            "p(95)": 0.001,
            "avg": 0.17153546208804765,
            "min": 0,
            "med": 0.001,
            "max": 931.937,
            "p(90)": 0.001
        },
        "http_req_connecting": {
            "avg": 0.0667459536232193,
            "min": 0,
            "med": 0,
            "max": 562.264,
            "p(90)": 0,
            "p(95)": 0
        },
        "iterations": {
            "count": 375274,
            "rate": 1250.4127097647672
        },
        "http_req_duration": {
            "min": 35.922,
            "med": 56.192,
            "max": 7471.547,
            "p(90)": 123.4607,
            "p(95)": 192.22434999999953,
            "avg": 79.60705857320356
        },
        "data_received": {
            "count": 60007615,
            "rate": 199945.33188729006
        }
    }
}