{
    "metrics": {
        "http_req_failed": {
            "passes": 0,
            "fails": 430522,
            "value": 0
        },
        "vus": {
            "value": 100,
            "min": 100,
            "max": 100
        },
        "http_req_duration": {
            "p(90)": 99.59490000000002,
            "p(95)": 132.2005999999996,
            "avg": 69.4916894885736,
            "min": 37.699,
            "med": 55.961,
            "max": 1056.132
        },
        "http_req_waiting": {
            "max": 1056.094,
            "p(90)": 99.513,
            "p(95)": 132.12149999999954,
            "avg": 69.40942976433486,
            "min": 37.648,
            "med": 55.878
        },
        "checks": {
            "passes": 861044,
            "fails": 0,
            "value": 1
        },
        "http_req_receiving": {
            "avg": 0.06268722155891579,
            "min": 0.014,
            "med": 0.043,
            "max": 15.98,
            "p(90)": 0.103,
            "p(95)": 0.15094999999995343
        },
        "http_req_blocked": {
            "max": 130.196,
            "p(90)": 0.005,
            "p(95)": 0.006,
            "avg": 0.03337811540453567,
            "min": 0.001,
            "med": 0.003
        },
        "http_req_tls_handshaking": {
            "p(95)": 0,
            "avg": 0,
            "min": 0,
            "med": 0,
            "max": 0,
            "p(90)": 0
        },
        "iterations": {
            "count": 430522,
            "rate": 1433.8347390912152
        },
        "http_req_sending": {
            "avg": 0.019572502682803597,
            "min": 0.005,
            "med": 0.015,
            "max": 33.28,
            "p(90)": 0.027,
            "p(95)": 0.04
        },
        "data_sent": {
            "count": 63717256,
            "rate": 212207.54138549985
        },
        "data_received": {
            "count": 76659171,
            "rate": 255310.02469033835
        },
        "vus_max": {
            "value": 100,
            "min": 100,
            "max": 100
        },
        "http_req_duration{expected_response:true}": {
            "p(95)": 132.2005999999996,
            "avg": 69.4916894885736,
            "min": 37.699,
            "med": 55.961,
            "max": 1056.132,
            "p(90)": 99.59490000000002
        },
        "http_req_connecting": {
            "p(95)": 0,
            "avg": 0.010440428131431142,
            "min": 0,
            "med": 0,
            "max": 47.778,
            "p(90)": 0
        },
        "http_reqs": {
            "count": 430522,
            "rate": 1433.8347390912152
        },
        "iteration_duration": {
            "min": 37.785176,
            "med": 56.125716499999996,
            "max": 1056.248614,
            "p(90)": 99.83481630000001,
            "p(95)": 132.75775294999931,
            "avg": 69.68116786861891
        }
    },
    "root_group": {
        "id": "d41d8cd98f00b204e9800998ecf8427e",
        "groups": {},
        "checks": {
                "is status 200": {
                    "name": "is status 200",
                    "path": "::is status 200",
                    "id": "548d37ca5f33793206f7832e7cea54fb",
                    "passes": 861044,
                    "fails": 0
                }
            },
        "name": "",
        "path": ""
    }
}