{
    "root_group": {
        "checks": {
            "is status 200": {
                "fails": 0,
                "name": "is status 200",
                "path": "::is status 200",
                "id": "548d37ca5f33793206f7832e7cea54fb",
                "passes": 896378
            }
        },
        "name": "",
        "path": "",
        "id": "d41d8cd98f00b204e9800998ecf8427e",
        "groups": {}
    },
    "metrics": {
        "http_req_blocked": {
            "avg": 0.026442630230106432,
            "min": 0.001,
            "med": 0.003,
            "max": 108.071,
            "p(90)": 0.005,
            "p(95)": 0.006
        },
        "http_req_duration{expected_response:true}": {
            "p(90)": 92.35820000000001,
            "p(95)": 111.326,
            "avg": 66.73506842425797,
            "min": 37.814,
            "med": 54.966,
            "max": 4700.956
        },
        "http_req_receiving": {
            "avg": 0.06631918007800638,
            "min": 0.015,
            "med": 0.045,
            "max": 26.613,
            "p(90)": 0.107,
            "p(95)": 0.155
        },
        "vus_max": {
            "value": 100,
            "min": 100,
            "max": 100
        },
        "iteration_duration": {
            "avg": 66.92911141621404,
            "min": 37.982131,
            "med": 55.13902,
            "max": 4701.222979,
            "p(90)": 92.5889518,
            "p(95)": 111.66990699999997
        },
        "http_req_waiting": {
            "max": 4700.907,
            "p(90)": 92.268,
            "p(95)": 111.23279999999993,
            "avg": 66.64786016836644,
            "min": 37.715,
            "med": 54.88
        },
        "checks": {
            "passes": 896378,
            "fails": 0,
            "value": 1
        },
        "vus": {
            "value": 100,
            "min": 100,
            "max": 100
        },
        "data_sent": {
            "count": 66331972,
            "rate": 221046.10838084682
        },
        "http_req_duration": {
            "p(90)": 92.35820000000001,
            "p(95)": 111.326,
            "avg": 66.73506842425797,
            "min": 37.814,
            "med": 54.966,
            "max": 4700.956
        },
        "http_req_tls_handshaking": {
            "avg": 0,
            "min": 0,
            "med": 0,
            "max": 0,
            "p(90)": 0,
            "p(95)": 0
        },
        "iterations": {
            "rate": 1493.5547863570732,
            "count": 448189
        },
        "http_reqs": {
            "count": 448189,
            "rate": 1493.5547863570732
        },
        "http_req_failed": {
            "passes": 0,
            "fails": 448189,
            "value": 0
        },
        "http_req_sending": {
            "med": 0.016,
            "max": 23.645,
            "p(90)": 0.029,
            "p(95)": 0.043,
            "avg": 0.020889075814003476,
            "min": 0.005
        },
        "data_received": {
            "count": 79804916,
            "rate": 265943.6404432598
        },
        "http_req_connecting": {
            "p(90)": 0,
            "p(95)": 0,
            "avg": 0.010385832762517599,
            "min": 0,
            "med": 0,
            "max": 54.727
        }
    }
}