{
    "root_group": {
        "name": "",
        "path": "",
        "id": "d41d8cd98f00b204e9800998ecf8427e",
        "groups": {},
        "checks": {
                "is status 200": {
                    "name": "is status 200",
                    "path": "::is status 200",
                    "id": "548d37ca5f33793206f7832e7cea54fb",
                    "passes": 934640,
                    "fails": 0
                }
            }
    },
    "metrics": {
        "http_req_connecting": {
            "avg": 0.05802010185739968,
            "min": 0,
            "med": 0,
            "max": 202.262,
            "p(90)": 0,
            "p(95)": 0
        },
        "vus_max": {
            "value": 100,
            "min": 100,
            "max": 100
        },
        "iterations": {
            "rate": 1557.3124540694967,
            "count": 467320
        },
        "checks": {
            "fails": 0,
            "passes": 934640,
            "value": 1
        },
        "data_sent": {
            "count": 17579940,
            "rate": 58583.96709705235
        },
        "http_req_failed": {
            "passes": 0,
            "fails": 467320,
            "value": 0
        },
        "http_req_duration{expected_response:true}": {
            "avg": 63.87297788025233,
            "min": 36.281,
            "med": 52.353,
            "max": 4769.52,
            "p(90)": 91.324,
            "p(95)": 109.55505
        },
        "http_req_waiting": {
            "max": 4769.43,
            "p(90)": 90.869,
            "p(95)": 108.469,
            "avg": 63.17387768766612,
            "min": 35.364,
            "med": 52.077
        },
        "http_req_tls_handshaking": {
            "p(95)": 0,
            "avg": 0.07802362620902167,
            "min": 0,
            "med": 0,
            "max": 1086.135,
            "p(90)": 0
        },
        "http_req_receiving": {
            "p(90)": 0.534,
            "p(95)": 1.158,
            "avg": 0.6391598562015273,
            "min": 0.014,
            "med": 0.046,
            "max": 1575.651
        },
        "http_req_blocked": {
            "avg": 0.14713210219924536,
            "min": 0,
            "med": 0.001,
            "max": 1164.205,
            "p(90)": 0.001,
            "p(95)": 0.001
        },
        "iteration_duration": {
            "min": 36.456106,
            "med": 52.533257000000006,
            "max": 4769.748317,
            "p(90)": 91.70149710000001,
            "p(95)": 110.38414485,
            "avg": 64.19161689394551
        },
        "http_req_duration": {
            "avg": 63.87297788025233,
            "min": 36.281,
            "med": 52.353,
            "max": 4769.52,
            "p(90)": 91.324,
            "p(95)": 109.55505
        },
        "vus": {
            "value": 100,
            "min": 100,
            "max": 100
        },
        "http_reqs": {
            "count": 467320,
            "rate": 1557.3124540694967
        },
        "http_req_sending": {
            "avg": 0.059940336386211816,
            "min": 0.019,
            "med": 0.05,
            "max": 19.555,
            "p(90)": 0.081,
            "p(95)": 0.101
        },
        "data_received": {
            "count": 74763860,
            "rate": 249145.53259502753
        }
    }
}