{
    "metrics": {
        "http_req_connecting": {
            "avg": 0.06227291228258294,
            "min": 0,
            "med": 0,
            "max": 101.641,
            "p(90)": 0,
            "p(95)": 0
        },
        "data_sent": {
            "count": 16851854,
            "rate": 56161.145866333056
        },
        "vus_max": {
            "min": 100,
            "max": 100,
            "value": 100
        },
        "iterations": {
            "count": 447642,
            "rate": 1491.829187334347
        },
        "http_req_receiving": {
            "max": 1146.827,
            "p(90)": 0.562,
            "p(95)": 1.176,
            "avg": 0.5443060123939552,
            "min": 0.014,
            "med": 0.044
        },
        "http_req_sending": {
            "max": 22.975,
            "p(90)": 0.078,
            "p(95)": 0.098,
            "avg": 0.056839248774709444,
            "min": 0.017,
            "med": 0.048
        },
        "http_reqs": {
            "count": 447642,
            "rate": 1491.829187334347
        },
        "vus": {
            "value": 100,
            "min": 100,
            "max": 100
        },
        "http_req_duration": {
            "med": 53.17,
            "max": 1207.256,
            "p(90)": 97.24790000000003,
            "p(95)": 128.89584999999985,
            "avg": 66.69399447102882,
            "min": 36.306
        },
        "data_received": {
            "rate": 239107.12695747925,
            "count": 71747083
        },
        "http_req_blocked": {
            "max": 661.723,
            "p(90)": 0.001,
            "p(95)": 0.001,
            "avg": 0.15550281921609085,
            "min": 0,
            "med": 0.001
        },
        "http_req_duration{expected_response:true}": {
            "max": 1207.256,
            "p(90)": 97.24790000000003,
            "p(95)": 128.89584999999985,
            "avg": 66.69399447102882,
            "min": 36.306,
            "med": 53.17
        },
        "http_req_tls_handshaking": {
            "min": 0,
            "med": 0,
            "max": 532.186,
            "p(90)": 0,
            "p(95)": 0,
            "avg": 0.07783204212294652
        },
        "http_req_failed": {
            "passes": 0,
            "fails": 447642,
            "value": 0
        },
        "http_req_waiting": {
            "p(95)": 127.262,
            "avg": 66.09284920986092,
            "min": 30.584,
            "med": 52.877,
            "max": 1168.051,
            "p(90)": 96.722
        },
        "iteration_duration": {
            "p(95)": 130.5629393499998,
            "avg": 67.0107764852957,
            "min": 36.43024,
            "med": 53.3499945,
            "max": 1207.40768,
            "p(90)": 97.66847290000001
        },
        "checks": {
            "passes": 895284,
            "fails": 0,
            "value": 1
        }
    },
    "root_group": {
        "groups": {},
        "checks": {
                "is status 200": {
                    "name": "is status 200",
                    "path": "::is status 200",
                    "id": "548d37ca5f33793206f7832e7cea54fb",
                    "passes": 895284,
                    "fails": 0
                }
            },
        "name": "",
        "path": "",
        "id": "d41d8cd98f00b204e9800998ecf8427e"
    }
}