{
    "metrics": {
        "data_received": {
            "count": 59708814,
            "rate": 198997.39249580557
        },
        "vus": {
            "max": 100,
            "value": 100,
            "min": 100
        },
        "vus_max": {
            "min": 100,
            "max": 100,
            "value": 100
        },
        "http_req_connecting": {
            "p(90)": 0,
            "p(95)": 0,
            "avg": 0.10334755310161715,
            "min": 0,
            "med": 0,
            "max": 627.825
        },
        "http_req_receiving": {
            "p(95)": 1.59,
            "avg": 1.9787752383538229,
            "min": 0.011,
            "med": 0.047,
            "max": 2176.673,
            "p(90)": 0.878
        },
        "iterations": {
            "count": 331440,
            "rate": 1104.622439307031
        },
        "data_sent": {
            "count": 12494880,
            "rate": 41642.90618045087
        },
        "http_req_duration": {
            "avg": 90.0794732711798,
            "min": 39.48,
            "med": 66.729,
            "max": 3472.716,
            "p(90)": 139.45220000000006,
            "p(95)": 211.57884999999982
        },
        "http_req_duration{expected_response:true}": {
            "p(95)": 211.57884999999982,
            "avg": 90.0794732711798,
            "min": 39.48,
            "med": 66.729,
            "max": 3472.716,
            "p(90)": 139.45220000000006
        },
        "http_req_failed": {
            "passes": 0,
            "fails": 331440,
            "value": 0
        },
        "http_req_blocked": {
            "max": 1713.876,
            "p(90)": 0.001,
            "p(95)": 0.001,
            "avg": 0.26935680062661005,
            "min": 0,
            "med": 0.001
        },
        "http_req_waiting": {
            "avg": 88.04295209690963,
            "min": 39.372,
            "med": 66.381,
            "max": 3472.607,
            "p(90)": 135.44540000000015,
            "p(95)": 201.92704999999998
        },
        "checks": {
            "passes": 662880,
            "fails": 0,
            "value": 1
        },
        "http_reqs": {
            "count": 331440,
            "rate": 1104.622439307031
        },
        "http_req_sending": {
            "min": 0.014,
            "med": 0.047,
            "max": 55.697,
            "p(90)": 0.084,
            "p(95)": 0.103,
            "avg": 0.057745935916017926
        },
        "http_req_tls_handshaking": {
            "min": 0,
            "med": 0,
            "max": 1587.395,
            "p(90)": 0,
            "p(95)": 0,
            "avg": 0.1445670166545981
        },
        "iteration_duration": {
            "p(95)": 213.75268569999983,
            "avg": 90.51095977006219,
            "min": 39.621848,
            "med": 66.9004175,
            "max": 3473.06657,
            "p(90)": 140.41237890000008
        }
    },
    "root_group": {
        "name": "",
        "path": "",
        "id": "d41d8cd98f00b204e9800998ecf8427e",
        "groups": {},
        "checks": {
                "is status 200": {
                    "name": "is status 200",
                    "path": "::is status 200",
                    "id": "548d37ca5f33793206f7832e7cea54fb",
                    "passes": 662880,
                    "fails": 0
                }
            }
    }
}