{
    "root_group": {
        "path": "",
        "id": "d41d8cd98f00b204e9800998ecf8427e",
        "groups": {},
        "checks": {
                "is status 200": {
                    "name": "is status 200",
                    "path": "::is status 200",
                    "id": "548d37ca5f33793206f7832e7cea54fb",
                    "passes": 114336,
                    "fails": 0
                }
            },
        "name": ""
    },
    "metrics": {
        "http_reqs": {
            "count": 114336,
            "rate": 742.5271805043596
        },
        "http_req_tls_handshaking": {
            "p(95)": 0,
            "avg": 0.2639529981808004,
            "min": 0,
            "med": 0,
            "max": 199.958,
            "p(90)": 0
        },
        "iterations": {
            "count": 114336,
            "rate": 742.5271805043596
        },
        "data_received": {
            "count": 26524780,
            "rate": 172258.69460973298
        },
        "http_req_sending": {
            "avg": 0.05762115169325212,
            "min": 0.015,
            "med": 0.05,
            "max": 11.44,
            "p(90)": 0.09,
            "p(95)": 0.108
        },
        "http_req_duration": {
            "med": 129.986,
            "max": 1062.033,
            "p(90)": 174.0795,
            "p(95)": 189.942,
            "avg": 133.8493118790226,
            "min": 38.621
        },
        "iteration_duration": {
            "p(90)": 174.5978665,
            "p(95)": 190.8076885,
            "avg": 134.5871241615249,
            "min": 38.716278,
            "med": 130.20791150000002,
            "max": 1062.188847
        },
        "http_req_receiving": {
            "max": 573.696,
            "p(90)": 0.213,
            "p(95)": 0.955,
            "avg": 0.20299815456200207,
            "min": 0.013,
            "med": 0.051
        },
        "data_sent": {
            "count": 4354822,
            "rate": 28281.32610252551
        },
        "vus_max": {
            "max": 100,
            "value": 100,
            "min": 100
        },
        "http_req_connecting": {
            "p(95)": 0,
            "avg": 0.2180824412258607,
            "min": 0,
            "med": 0,
            "max": 185.278,
            "p(90)": 0
        },
        "vus": {
            "value": 100,
            "min": 100,
            "max": 100
        },
        "http_req_duration{expected_response:true}": {
            "med": 129.986,
            "max": 1062.033,
            "p(90)": 174.0795,
            "p(95)": 189.942,
            "avg": 133.8493118790226,
            "min": 38.621
        },
        "http_req_waiting": {
            "p(90)": 173.878,
            "p(95)": 189.75324999999998,
            "avg": 133.5886925727696,
            "min": 38.492,
            "med": 129.791,
            "max": 1061.927
        },
        "http_req_failed": {
            "passes": 0,
            "fails": 114336,
            "value": 0
        },
        "http_req_blocked": {
            "med": 0.001,
            "max": 427.54,
            "p(90)": 0.001,
            "p(95)": 0.001,
            "avg": 0.592174511963221,
            "min": 0
        },
        "checks": {
            "passes": 114336,
            "fails": 0,
            "value": 1
        }
    }
}