{
    "root_group": {
        "id": "d41d8cd98f00b204e9800998ecf8427e",
        "groups": {},
        "checks": {
                "is status 200": {
                    "id": "548d37ca5f33793206f7832e7cea54fb",
                    "passes": 762040,
                    "fails": 0,
                    "name": "is status 200",
                    "path": "::is status 200"
                }
            },
        "name": "",
        "path": ""
    },
    "metrics": {
        "http_req_connecting": {
            "p(95)": 0,
            "avg": 0.01214562490157997,
            "min": 0,
            "med": 0,
            "max": 49.368,
            "p(90)": 0
        },
        "iteration_duration": {
            "p(90)": 104.06966480000001,
            "p(95)": 152.72093839999985,
            "avg": 78.7313559283665,
            "min": 37.566077,
            "med": 57.4464465,
            "max": 29521.197118
        },
        "iterations": {
            "count": 381020,
            "rate": 1269.7836065051047
        },
        "http_req_duration": {
            "min": 37.388,
            "med": 57.28,
            "max": 29520.437,
            "p(90)": 103.801,
            "p(95)": 152.086,
            "avg": 78.537103926303
        },
        "http_req_duration{expected_response:true}": {
            "p(95)": 152.086,
            "avg": 78.537103926303,
            "min": 37.388,
            "med": 57.28,
            "max": 29520.437,
            "p(90)": 103.801
        },
        "checks": {
            "passes": 762040,
            "fails": 0,
            "value": 1
        },
        "data_sent": {
            "count": 56390960,
            "rate": 187927.9737627555
        },
        "data_received": {
            "count": 67844353,
            "rate": 226097.44169163145
        },
        "vus_max": {
            "value": 100,
            "min": 100,
            "max": 100
        },
        "http_req_sending": {
            "avg": 0.01983222140571294,
            "min": 0.005,
            "med": 0.015,
            "max": 10.832,
            "p(90)": 0.029,
            "p(95)": 0.041
        },
        "http_req_receiving": {
            "med": 0.044,
            "max": 38.018,
            "p(90)": 0.103,
            "p(95)": 0.147,
            "avg": 0.06361046664215532,
            "min": 0.014
        },
        "http_req_tls_handshaking": {
            "avg": 0,
            "min": 0,
            "med": 0,
            "max": 0,
            "p(90)": 0,
            "p(95)": 0
        },
        "http_req_waiting": {
            "max": 29520.386,
            "p(90)": 103.70810000000003,
            "p(95)": 152.00909999999996,
            "avg": 78.4536612382552,
            "min": 37.292,
            "med": 57.198
        },
        "http_reqs": {
            "count": 381020,
            "rate": 1269.7836065051047
        },
        "vus": {
            "value": 100,
            "min": 100,
            "max": 100
        },
        "http_req_failed": {
            "passes": 0,
            "fails": 381020,
            "value": 0
        },
        "http_req_blocked": {
            "avg": 0.032383887985310084,
            "min": 0.001,
            "med": 0.003,
            "max": 112.563,
            "p(90)": 0.005,
            "p(95)": 0.007
        }
    }
}