{
    "root_group": {
        "path": "",
        "id": "d41d8cd98f00b204e9800998ecf8427e",
        "groups": {},
        "checks": {
                "is status 200": {
                    "name": "is status 200",
                    "path": "::is status 200",
                    "id": "548d37ca5f33793206f7832e7cea54fb",
                    "passes": 725938,
                    "fails": 0
                }
            },
        "name": ""
    },
    "metrics": {
        "data_received": {
            "count": 64628732,
            "rate": 215320.1166477556
        },
        "http_req_waiting": {
            "avg": 82.19429984929998,
            "min": 37.287,
            "med": 58.928,
            "max": 4454.929,
            "p(90)": 126.15060000000004,
            "p(95)": 195.45419999999996
        },
        "http_req_duration": {
            "max": 4454.982,
            "p(90)": 126.25940000000003,
            "p(95)": 195.52359999999987,
            "avg": 82.27704625739197,
            "min": 37.322,
            "med": 59.007
        },
        "http_req_receiving": {
            "avg": 0.06302881513296163,
            "min": 0.012,
            "med": 0.044,
            "max": 30.779,
            "p(90)": 0.103,
            "p(95)": 0.146
        },
        "checks": {
            "passes": 725938,
            "fails": 0,
            "value": 1
        },
        "http_reqs": {
            "count": 362969,
            "rate": 1209.284555041544
        },
        "vus": {
            "value": 100,
            "min": 100,
            "max": 100
        },
        "http_req_duration{expected_response:true}": {
            "avg": 82.27704625739197,
            "min": 37.322,
            "med": 59.007,
            "max": 4454.982,
            "p(90)": 126.25940000000003,
            "p(95)": 195.52359999999987
        },
        "http_req_blocked": {
            "p(90)": 0.005,
            "p(95)": 0.007,
            "avg": 0.2334260639316854,
            "min": 0.001,
            "med": 0.003,
            "max": 834.59
        },
        "data_sent": {
            "count": 53719412,
            "rate": 178974.11414614855
        },
        "http_req_sending": {
            "p(90)": 0.029,
            "p(95)": 0.04,
            "avg": 0.01971759296249538,
            "min": 0.004,
            "med": 0.015,
            "max": 27.923
        },
        "iteration_duration": {
            "avg": 82.66841381734474,
            "min": 37.40632,
            "med": 59.165969,
            "max": 4455.176535,
            "p(90)": 126.4606778,
            "p(95)": 195.83037339999998
        },
        "vus_max": {
            "max": 100,
            "value": 100,
            "min": 100
        },
        "iterations": {
            "count": 362969,
            "rate": 1209.284555041544
        },
        "http_req_failed": {
            "passes": 0,
            "fails": 362969,
            "value": 0
        },
        "http_req_connecting": {
            "med": 0,
            "max": 412.982,
            "p(90)": 0,
            "p(95)": 0,
            "avg": 0.11324720017411953,
            "min": 0
        },
        "http_req_tls_handshaking": {
            "min": 0,
            "med": 0,
            "max": 0,
            "p(90)": 0,
            "p(95)": 0,
            "avg": 0
        }
    }
}