{
    "root_group": {
        "name": "",
        "path": "",
        "id": "d41d8cd98f00b204e9800998ecf8427e",
        "groups": {},
        "checks": {
                "is status 200": {
                    "passes": 796704,
                    "fails": 0,
                    "name": "is status 200",
                    "path": "::is status 200",
                    "id": "548d37ca5f33793206f7832e7cea54fb"
                }
            }
    },
    "metrics": {
        "vus_max": {
            "max": 100,
            "value": 100,
            "min": 100
        },
        "iterations": {
            "count": 398352,
            "rate": 1327.321167853102
        },
        "checks": {
            "passes": 796704,
            "fails": 0,
            "value": 1
        },
        "http_req_waiting": {
            "avg": 73.74922005161093,
            "min": 36.235,
            "med": 54.044,
            "max": 30266.561,
            "p(90)": 100.39690000000003,
            "p(95)": 141.77879999999982
        },
        "http_req_duration": {
            "max": 30266.674,
            "p(90)": 101.59080000000004,
            "p(95)": 148.31214999999966,
            "avg": 74.95860513565853,
            "min": 36.327,
            "med": 54.346
        },
        "iteration_duration": {
            "max": 30267.503552,
            "p(90)": 102.1503074,
            "p(95)": 150.56277689999976,
            "avg": 75.30501264368031,
            "min": 36.479343,
            "med": 54.529966
        },
        "http_req_tls_handshaking": {
            "max": 512.358,
            "p(90)": 0,
            "p(95)": 0,
            "avg": 0.07853753213238546,
            "min": 0,
            "med": 0
        },
        "http_req_failed": {
            "passes": 0,
            "fails": 398352,
            "value": 0
        },
        "data_received": {
            "count": 63854929,
            "rate": 212766.59570795906
        },
        "http_req_blocked": {
            "avg": 0.18114131471607436,
            "min": 0,
            "med": 0.001,
            "max": 623.569,
            "p(90)": 0.001,
            "p(95)": 0.001
        },
        "http_req_connecting": {
            "p(95)": 0,
            "avg": 0.07570252942121539,
            "min": 0,
            "med": 0,
            "max": 244.166,
            "p(90)": 0
        },
        "data_sent": {
            "count": 14997273,
            "rate": 49971.37685507238
        },
        "http_reqs": {
            "count": 398352,
            "rate": 1327.321167853102
        },
        "http_req_receiving": {
            "min": 0.013,
            "med": 0.046,
            "max": 3110.908,
            "p(90)": 0.622,
            "p(95)": 1.262,
            "avg": 1.151390724786289
        },
        "http_req_sending": {
            "avg": 0.057994359260146844,
            "min": 0.016,
            "med": 0.048,
            "max": 38.899,
            "p(90)": 0.081,
            "p(95)": 0.101
        },
        "vus": {
            "value": 100,
            "min": 100,
            "max": 100
        },
        "http_req_duration{expected_response:true}": {
            "p(90)": 101.59080000000004,
            "p(95)": 148.31214999999966,
            "avg": 74.95860513565853,
            "min": 36.327,
            "med": 54.346,
            "max": 30266.674
        }
    }
}