{
    "root_group": {
        "name": "",
        "path": "",
        "id": "d41d8cd98f00b204e9800998ecf8427e",
        "groups": {},
        "checks": {
                "is status 200": {
                    "name": "is status 200",
                    "path": "::is status 200",
                    "id": "548d37ca5f33793206f7832e7cea54fb",
                    "passes": 742750,
                    "fails": 4
                }
            }
    },
    "metrics": {
        "vus_max": {
            "value": 100,
            "min": 100,
            "max": 100
        },
        "data_sent": {
            "count": 13978289,
            "rate": 46575.775033461694
        },
        "data_received": {
            "count": 85864532,
            "rate": 286101.3337029641
        },
        "http_req_duration{expected_response:true}": {
            "med": 58.356,
            "max": 36888.849,
            "p(90)": 107.50660000000003,
            "p(95)": 157.552,
            "avg": 80.06072309390927,
            "min": 38.396
        },
        "http_req_tls_handshaking": {
            "avg": 0.11346094669298316,
            "min": 0,
            "med": 0,
            "max": 888.941,
            "p(90)": 0,
            "p(95)": 0
        },
        "http_req_sending": {
            "med": 0.048,
            "max": 15.029,
            "p(90)": 0.081,
            "p(95)": 0.1,
            "avg": 0.05744039076194843,
            "min": 0.015
        },
        "vus": {
            "value": 100,
            "min": 100,
            "max": 100
        },
        "http_reqs": {
            "count": 371377,
            "rate": 1237.4312481736429
        },
        "http_req_duration": {
            "p(95)": 157.5582,
            "avg": 80.3834084609455,
            "min": 38.396,
            "med": 58.356,
            "max": 59999.278,
            "p(90)": 107.50840000000002
        },
        "http_req_blocked": {
            "min": 0,
            "med": 0.001,
            "max": 1036.16,
            "p(90)": 0.001,
            "p(95)": 0.001,
            "avg": 0.22706005487709385
        },
        "http_req_receiving": {
            "min": 0,
            "med": 0.048,
            "max": 5763.155,
            "p(90)": 0.72,
            "p(95)": 1.387,
            "avg": 1.2295038249543706
        },
        "iterations": {
            "count": 371377,
            "rate": 1237.4312481736429
        },
        "http_req_waiting": {
            "p(95)": 151.8642,
            "avg": 79.09646424522865,
            "min": 38.294,
            "med": 58.045,
            "max": 59999.233,
            "p(90)": 106.225
        },
        "checks": {
            "passes": 742750,
            "fails": 4,
            "value": 0.9999946146368784
        },
        "iteration_duration": {
            "avg": 80.77566614619221,
            "min": 38.510951,
            "med": 58.536811,
            "max": 60000.935195,
            "p(90)": 108.00902060000011,
            "p(95)": 159.6180356000001
        },
        "http_req_failed": {
            "passes": 2,
            "fails": 371375,
            "value": 0.00000538536312157188
        },
        "http_req_connecting": {
            "avg": 0.09235672645317289,
            "min": 0,
            "med": 0,
            "max": 533.417,
            "p(90)": 0,
            "p(95)": 0
        }
    }
}