{
    "metrics": {
        "http_req_receiving": {
            "med": 0.044,
            "max": 27082.971,
            "p(90)": 0.744,
            "p(95)": 1.488,
            "avg": 1.0445581619439013,
            "min": 0.012
        },
        "iteration_duration": {
            "max": 30860.637976,
            "p(90)": 130.6841801,
            "p(95)": 188.2579028499998,
            "avg": 91.18704295352443,
            "min": 38.816756,
            "med": 66.908843
        },
        "iterations": {
            "count": 328978,
            "rate": 1096.3976007789836
        },
        "http_req_connecting": {
            "max": 991.586,
            "p(90)": 0,
            "p(95)": 0,
            "avg": 0.07741465994686572,
            "min": 0,
            "med": 0
        },
        "data_received": {
            "count": 59248960,
            "rate": 197461.28188708657
        },
        "http_req_sending": {
            "min": 0.014,
            "med": 0.042,
            "max": 485.23,
            "p(90)": 0.076,
            "p(95)": 0.095,
            "avg": 0.05823390621865402
        },
        "http_req_duration": {
            "max": 30859.812,
            "p(90)": 129.83119999999997,
            "p(95)": 186.43274999999983,
            "avg": 90.79392806813911,
            "min": 38.758,
            "med": 66.74
        },
        "data_sent": {
            "count": 12403786,
            "rate": 41338.573433408754
        },
        "http_req_blocked": {
            "avg": 0.23899503310150647,
            "min": 0,
            "med": 0.001,
            "max": 4349.821,
            "p(90)": 0.001,
            "p(95)": 0.001
        },
        "http_req_waiting": {
            "avg": 89.69113599997621,
            "min": 38.712,
            "med": 66.412,
            "max": 23392.89,
            "p(90)": 128.20829999999998,
            "p(95)": 182.57574999999983
        },
        "http_req_failed": {
            "passes": 0,
            "fails": 328978,
            "value": 0
        },
        "vus_max": {
            "min": 100,
            "max": 100,
            "value": 100
        },
        "http_req_duration{expected_response:true}": {
            "p(95)": 186.43274999999983,
            "avg": 90.79392806813911,
            "min": 38.758,
            "med": 66.74,
            "max": 30859.812,
            "p(90)": 129.83119999999997
        },
        "http_req_tls_handshaking": {
            "p(90)": 0,
            "p(95)": 0,
            "avg": 0.14137503419681557,
            "min": 0,
            "med": 0,
            "max": 4305.976
        },
        "checks": {
            "passes": 657956,
            "fails": 0,
            "value": 1
        },
        "http_reqs": {
            "count": 328978,
            "rate": 1096.3976007789836
        },
        "vus": {
            "min": 100,
            "max": 100,
            "value": 100
        }
    },
    "root_group": {
        "groups": {},
        "checks": {
                "is status 200": {
                    "name": "is status 200",
                    "path": "::is status 200",
                    "id": "548d37ca5f33793206f7832e7cea54fb",
                    "passes": 657956,
                    "fails": 0
                }
            },
        "name": "",
        "path": "",
        "id": "d41d8cd98f00b204e9800998ecf8427e"
    }
}