{
    "root_group": {
        "name": "",
        "path": "",
        "id": "d41d8cd98f00b204e9800998ecf8427e",
        "groups": {},
        "checks": {
                "is status 200": {
                    "name": "is status 200",
                    "path": "::is status 200",
                    "id": "548d37ca5f33793206f7832e7cea54fb",
                    "passes": 377684,
                    "fails": 0
                }
            }
    },
    "metrics": {
        "http_req_receiving": {
            "avg": 0.2509495027588753,
            "min": 0.011,
            "med": 0.044,
            "max": 1427.625,
            "p(90)": 0.337,
            "p(95)": 1.048
        },
        "vus_max": {
            "value": 100,
            "min": 100,
            "max": 100
        },
        "iteration_duration": {
            "p(90)": 152.48677430000004,
            "p(95)": 174.16553494999997,
            "avg": 79.43525454912518,
            "min": 37.469663,
            "med": 49.9290245,
            "max": 2589.737212
        },
        "http_req_sending": {
            "p(95)": 0.097,
            "avg": 0.05005564704886839,
            "min": 0.013,
            "med": 0.043,
            "max": 24.617,
            "p(90)": 0.079
        },
        "http_req_duration{expected_response:true}": {
            "avg": 79.16527971796445,
            "min": 37.38,
            "med": 49.801,
            "max": 2589.565,
            "p(90)": 152.12470000000002,
            "p(95)": 173.56254999999993
        },
        "http_req_connecting": {
            "avg": 0.059649521822475966,
            "min": 0,
            "med": 0,
            "max": 234.843,
            "p(90)": 0,
            "p(95)": 0
        },
        "http_req_failed": {
            "passes": 0,
            "fails": 377684,
            "value": 0
        },
        "data_received": {
            "count": 87171356,
            "rate": 290432.4335396512
        },
        "http_req_duration": {
            "min": 37.38,
            "med": 49.801,
            "max": 2589.565,
            "p(90)": 152.12470000000002,
            "p(95)": 173.56254999999993,
            "avg": 79.16527971796445
        },
        "http_req_blocked": {
            "med": 0.001,
            "max": 432.446,
            "p(90)": 0.001,
            "p(95)": 0.001,
            "avg": 0.14619149871239168,
            "min": 0
        },
        "checks": {
            "fails": 0,
            "passes": 377684,
            "value": 1
        },
        "data_sent": {
            "count": 14211508,
            "rate": 47349.072471790176
        },
        "vus": {
            "value": 100,
            "min": 100,
            "max": 100
        },
        "http_reqs": {
            "count": 377684,
            "rate": 1258.3454963002941
        },
        "http_req_tls_handshaking": {
            "avg": 0.08469583831986525,
            "min": 0,
            "med": 0,
            "max": 302.237,
            "p(90)": 0,
            "p(95)": 0
        },
        "http_req_waiting": {
            "avg": 78.86427456815707,
            "min": 36.803,
            "med": 49.553,
            "max": 2589.419,
            "p(90)": 151.888,
            "p(95)": 173.26584999999997
        },
        "iterations": {
            "rate": 1258.3454963002941,
            "count": 377684
        }
    }
}