{
    "root_group": {
        "name": "",
        "path": "",
        "id": "d41d8cd98f00b204e9800998ecf8427e",
        "groups": {},
        "checks": {
                "is status 200": {
                    "id": "548d37ca5f33793206f7832e7cea54fb",
                    "passes": 874762,
                    "fails": 0,
                    "name": "is status 200",
                    "path": "::is status 200"
                }
            }
    },
    "metrics": {
        "http_req_waiting": {
            "max": 4250.11,
            "p(90)": 96.111,
            "p(95)": 114.393,
            "avg": 67.41000837942495,
            "min": 33.47,
            "med": 55.911
        },
        "http_req_failed": {
            "passes": 0,
            "fails": 437381,
            "value": 0
        },
        "iteration_duration": {
            "p(95)": 116.884983,
            "avg": 68.58433860310168,
            "min": 39.955381,
            "med": 56.403091,
            "max": 4250.84034,
            "p(90)": 97.10777
        },
        "data_sent": {
            "count": 16480197,
            "rate": 54920.245293277934
        },
        "http_req_duration": {
            "p(90)": 96.688,
            "p(95)": 115.843,
            "avg": 68.2302832770531,
            "min": 39.696,
            "med": 56.218,
            "max": 4250.626
        },
        "http_req_receiving": {
            "max": 3269.749,
            "p(90)": 0.658,
            "p(95)": 1.325,
            "avg": 0.7607734720988562,
            "min": 0.015,
            "med": 0.049
        },
        "http_req_tls_handshaking": {
            "avg": 0.09870318326584826,
            "min": 0,
            "med": 0,
            "max": 1036.491,
            "p(90)": 0,
            "p(95)": 0
        },
        "vus": {
            "max": 100,
            "value": 100,
            "min": 100
        },
        "iterations": {
            "count": 437381,
            "rate": 1457.5718850095782
        },
        "vus_max": {
            "max": 100,
            "value": 100,
            "min": 100
        },
        "http_req_sending": {
            "avg": 0.059501425530612224,
            "min": 0.019,
            "med": 0.05,
            "max": 14.852,
            "p(90)": 0.081,
            "p(95)": 0.101
        },
        "checks": {
            "passes": 874762,
            "fails": 0,
            "value": 1
        },
        "data_received": {
            "count": 101079890,
            "rate": 336848.66467418754
        },
        "http_req_duration{expected_response:true}": {
            "med": 56.218,
            "max": 4250.626,
            "p(90)": 96.688,
            "p(95)": 115.843,
            "avg": 68.2302832770531,
            "min": 39.696
        },
        "http_req_connecting": {
            "med": 0,
            "max": 449.745,
            "p(90)": 0,
            "p(95)": 0,
            "avg": 0.06656924969305933,
            "min": 0
        },
        "http_req_blocked": {
            "p(90)": 0.001,
            "p(95)": 0.001,
            "avg": 0.1815516014639146,
            "min": 0,
            "med": 0.001,
            "max": 1088.499
        },
        "http_reqs": {
            "count": 437381,
            "rate": 1457.5718850095782
        }
    }
}