{
    "metrics": {
        "iteration_duration": {
            "min": 37.325749,
            "med": 60.676713,
            "max": 14879.043779,
            "p(90)": 124.23331939999998,
            "p(95)": 176.11461809999997,
            "avg": 86.36143497850827
        },
        "http_req_failed": {
            "passes": 0,
            "fails": 347443,
            "value": 0
        },
        "http_req_blocked": {
            "p(95)": 0.006,
            "avg": 0.033158918153863376,
            "min": 0,
            "med": 0.003,
            "max": 105.417,
            "p(90)": 0.005
        },
        "http_req_tls_handshaking": {
            "min": 0,
            "med": 0,
            "max": 0,
            "p(90)": 0,
            "p(95)": 0,
            "avg": 0
        },
        "data_sent": {
            "count": 51421564,
            "rate": 171322.0758695761
        },
        "vus": {
            "value": 100,
            "min": 100,
            "max": 100
        },
        "data_received": {
            "count": 61867957,
            "rate": 206126.49632846002
        },
        "http_req_connecting": {
            "max": 57.992,
            "p(90)": 0,
            "p(95)": 0,
            "avg": 0.016016204096787095,
            "min": 0,
            "med": 0
        },
        "http_req_sending": {
            "p(90)": 0.027,
            "p(95)": 0.037,
            "avg": 0.02016172436918787,
            "min": 0.004,
            "med": 0.014,
            "max": 653.555
        },
        "http_req_duration{expected_response:true}": {
            "med": 60.531,
            "max": 14878.588,
            "p(90)": 124.03779999999993,
            "p(95)": 175.22989999999996,
            "avg": 86.17941650572968,
            "min": 37.266
        },
        "iterations": {
            "count": 347443,
            "rate": 1157.581593713352
        },
        "http_req_duration": {
            "avg": 86.17941650572968,
            "min": 37.266,
            "med": 60.531,
            "max": 14878.588,
            "p(90)": 124.03779999999993,
            "p(95)": 175.22989999999996
        },
        "http_reqs": {
            "count": 347443,
            "rate": 1157.581593713352
        },
        "http_req_waiting": {
            "med": 60.453,
            "max": 14878.533,
            "p(90)": 123.93499999999995,
            "p(95)": 175.14089999999962,
            "avg": 86.09953809689763,
            "min": 37.231
        },
        "http_req_receiving": {
            "min": 0.012,
            "med": 0.04,
            "max": 48.882,
            "p(90)": 0.096,
            "p(95)": 0.14,
            "avg": 0.059716684463375795
        },
        "checks": {
            "passes": 694886,
            "fails": 0,
            "value": 1
        },
        "vus_max": {
            "max": 100,
            "value": 100,
            "min": 100
        }
    },
    "root_group": {
        "groups": {},
        "checks": {
                "is status 200": {
                    "name": "is status 200",
                    "path": "::is status 200",
                    "id": "548d37ca5f33793206f7832e7cea54fb",
                    "passes": 694886,
                    "fails": 0
                }
            },
        "name": "",
        "path": "",
        "id": "d41d8cd98f00b204e9800998ecf8427e"
    }
}