{
    "root_group": {
        "path": "",
        "id": "d41d8cd98f00b204e9800998ecf8427e",
        "groups": {},
        "checks": {
                "is status 200": {
                    "id": "548d37ca5f33793206f7832e7cea54fb",
                    "passes": 717072,
                    "fails": 0,
                    "name": "is status 200",
                    "path": "::is status 200"
                }
            },
        "name": ""
    },
    "metrics": {
        "http_req_duration": {
            "p(90)": 122.941,
            "p(95)": 176.52025,
            "avg": 83.34025432592297,
            "min": 36.168,
            "med": 57.810500000000005,
            "max": 25790.679
        },
        "iteration_duration": {
            "max": 25791.520939,
            "p(90)": 123.6669565,
            "p(95)": 178.11465125,
            "avg": 83.67681694108059,
            "min": 36.313511,
            "med": 57.990893
        },
        "checks": {
            "passes": 717072,
            "fails": 0,
            "value": 1
        },
        "vus_max": {
            "value": 100,
            "min": 100,
            "max": 100
        },
        "http_req_sending": {
            "max": 321.336,
            "p(90)": 0.077,
            "p(95)": 0.096,
            "avg": 0.05565369167949374,
            "min": 0.015,
            "med": 0.042
        },
        "http_req_receiving": {
            "p(90)": 0.595,
            "p(95)": 1.275,
            "avg": 0.8396575546108802,
            "min": 0.012,
            "med": 0.043,
            "max": 5041.115
        },
        "http_req_connecting": {
            "med": 0,
            "max": 444.199,
            "p(90)": 0,
            "p(95)": 0,
            "avg": 0.06986974808666355,
            "min": 0
        },
        "http_req_failed": {
            "passes": 0,
            "fails": 358536,
            "value": 0
        },
        "http_req_duration{expected_response:true}": {
            "p(90)": 122.941,
            "p(95)": 176.52025,
            "avg": 83.34025432592297,
            "min": 36.168,
            "med": 57.810500000000005,
            "max": 25790.679
        },
        "http_req_tls_handshaking": {
            "avg": 0.09428011134167834,
            "min": 0,
            "med": 0,
            "max": 1046.751,
            "p(90)": 0,
            "p(95)": 0
        },
        "data_received": {
            "count": 57339192,
            "rate": 191057.0034465883
        },
        "http_reqs": {
            "count": 358536,
            "rate": 1194.6595582952402
        },
        "http_req_blocked": {
            "avg": 0.17865981100789521,
            "min": 0,
            "med": 0.001,
            "max": 1333.041,
            "p(90)": 0.001,
            "p(95)": 0.001
        },
        "http_req_waiting": {
            "p(95)": 172.741,
            "avg": 82.44494307963596,
            "min": 26.137,
            "med": 57.486,
            "max": 25790.528,
            "p(90)": 121.62100000000001
        },
        "vus": {
            "max": 100,
            "value": 100,
            "min": 100
        },
        "data_sent": {
            "count": 13496632,
            "rate": 44971.4405906057
        },
        "iterations": {
            "count": 358536,
            "rate": 1194.6595582952402
        }
    }
}