{
    "metrics": {
        "http_req_waiting": {
            "p(95)": 195.75889999999995,
            "avg": 120.42401159921017,
            "min": 37.853,
            "med": 114.6135,
            "max": 2075.27,
            "p(90)": 168.3528
        },
        "http_req_blocked": {
            "min": 0,
            "med": 0.001,
            "max": 850.932,
            "p(90)": 0.001,
            "p(95)": 0.001,
            "avg": 0.3609066358652849
        },
        "http_req_connecting": {
            "p(90)": 0,
            "p(95)": 0,
            "avg": 0.1504294054342724,
            "min": 0,
            "med": 0,
            "max": 537.645
        },
        "http_req_receiving": {
            "p(95)": 1.0364499999999826,
            "avg": 0.3978909706600405,
            "min": 0.012,
            "med": 0.05,
            "max": 1019.643,
            "p(90)": 0.265
        },
        "vus_max": {
            "value": 100,
            "min": 100,
            "max": 100
        },
        "http_req_failed": {
            "passes": 0,
            "fails": 247172,
            "value": 0
        },
        "http_req_tls_handshaking": {
            "avg": 0.16862333921317954,
            "min": 0,
            "med": 0,
            "max": 547.385,
            "p(90)": 0,
            "p(95)": 0
        },
        "checks": {
            "passes": 247172,
            "fails": 0,
            "value": 1
        },
        "data_sent": {
            "count": 9322664,
            "rate": 31063.58904869826
        },
        "data_received": {
            "rate": 190315.659889882,
            "count": 57116676
        },
        "iterations": {
            "count": 247172,
            "rate": 823.5896340729266
        },
        "iteration_duration": {
            "avg": 121.38536730573242,
            "min": 38.712763,
            "med": 115.0551965,
            "max": 2075.574585,
            "p(90)": 169.35021339999997,
            "p(95)": 197.49833324999997
        },
        "http_req_duration{expected_response:true}": {
            "avg": 120.87986621866499,
            "min": 38.587,
            "med": 114.854,
            "max": 2075.409,
            "p(90)": 168.71529999999996,
            "p(95)": 196.3746999999999
        },
        "vus": {
            "value": 100,
            "min": 100,
            "max": 100
        },
        "http_reqs": {
            "count": 247172,
            "rate": 823.5896340729266
        },
        "http_req_duration": {
            "avg": 120.87986621866499,
            "min": 38.587,
            "med": 114.854,
            "max": 2075.409,
            "p(90)": 168.71529999999996,
            "p(95)": 196.3746999999999
        },
        "http_req_sending": {
            "med": 0.05,
            "max": 6.86,
            "p(90)": 0.094,
            "p(95)": 0.112,
            "avg": 0.05796364879518322,
            "min": 0.012
        }
    },
    "root_group": {
        "name": "",
        "path": "",
        "id": "d41d8cd98f00b204e9800998ecf8427e",
        "groups": {},
        "checks": {
                "is status 200": {
                    "id": "548d37ca5f33793206f7832e7cea54fb",
                    "passes": 247172,
                    "fails": 0,
                    "name": "is status 200",
                    "path": "::is status 200"
                }
            }
    }
}