{
    "root_group": {
        "name": "",
        "path": "",
        "id": "d41d8cd98f00b204e9800998ecf8427e",
        "groups": {},
        "checks": {
                "is status 200": {
                    "name": "is status 200",
                    "path": "::is status 200",
                    "id": "548d37ca5f33793206f7832e7cea54fb",
                    "passes": 829688,
                    "fails": 0
                }
            }
    },
    "metrics": {
        "http_req_tls_handshaking": {
            "p(90)": 0,
            "p(95)": 0,
            "avg": 0.1118984268785375,
            "min": 0,
            "med": 0,
            "max": 1380.812
        },
        "checks": {
            "passes": 829688,
            "fails": 0,
            "value": 1
        },
        "http_req_waiting": {
            "p(95)": 115.65224999999988,
            "avg": 71.10861959917217,
            "min": 25.763,
            "med": 61.329499999999996,
            "max": 4003.66,
            "p(90)": 90.4517
        },
        "vus_max": {
            "value": 100,
            "min": 100,
            "max": 100
        },
        "http_req_duration": {
            "avg": 71.94456610918907,
            "min": 40.777,
            "med": 61.644,
            "max": 4003.816,
            "p(90)": 91.14670000000001,
            "p(95)": 117.37884999999999
        },
        "http_reqs": {
            "count": 414844,
            "rate": 1382.5600529401681
        },
        "http_req_connecting": {
            "max": 236.195,
            "p(90)": 0,
            "p(95)": 0,
            "avg": 0.0670169581818708,
            "min": 0,
            "med": 0
        },
        "http_req_receiving": {
            "p(95)": 1.421,
            "avg": 0.775572497131609,
            "min": 0.012,
            "med": 0.048,
            "max": 2983.613,
            "p(90)": 0.736
        },
        "data_sent": {
            "count": 15639328,
            "rate": 52121.54484005712
        },
        "http_req_sending": {
            "avg": 0.060374012881963396,
            "min": 0.02,
            "med": 0.051,
            "max": 33.34,
            "p(90)": 0.082,
            "p(95)": 0.101
        },
        "iteration_duration": {
            "p(95)": 118.63933759999985,
            "avg": 72.30793152058648,
            "min": 40.949977,
            "med": 61.833028,
            "max": 4004.131306,
            "p(90)": 91.65804610000002
        },
        "http_req_duration{expected_response:true}": {
            "max": 4003.816,
            "p(90)": 91.14670000000001,
            "p(95)": 117.37884999999999,
            "avg": 71.94456610918907,
            "min": 40.777,
            "med": 61.644
        },
        "vus": {
            "value": 100,
            "min": 100,
            "max": 100
        },
        "http_req_blocked": {
            "avg": 0.1911946273776181,
            "min": 0,
            "med": 0.001,
            "max": 1473.342,
            "p(90)": 0.001,
            "p(95)": 0.001
        },
        "http_req_failed": {
            "passes": 0,
            "fails": 414844,
            "value": 0
        },
        "data_received": {
            "count": 74761824,
            "rate": 249160.43463890895
        },
        "iterations": {
            "count": 414844,
            "rate": 1382.5600529401681
        }
    }
}