{
    "metrics": {
        "http_req_sending": {
            "avg": 0.05749092563613959,
            "min": 0.017,
            "med": 0.048,
            "max": 25.318,
            "p(90)": 0.081,
            "p(95)": 0.1
        },
        "iterations": {
            "count": 352752,
            "rate": 1175.5895406483648
        },
        "checks": {
            "passes": 705502,
            "fails": 2,
            "value": 0.9999971651471855
        },
        "http_req_failed": {
            "passes": 1,
            "fails": 352751,
            "value": 0.000002834852814441874
        },
        "iteration_duration": {
            "avg": 85.04297831649308,
            "min": 40.119629,
            "med": 64.309421,
            "max": 60002.369155,
            "p(90)": 108.76671290000004,
            "p(95)": 167.30157275000005
        },
        "http_req_waiting": {
            "p(95)": 158.9911500000001,
            "avg": 83.29778111534539,
            "min": 38.978,
            "med": 63.79,
            "max": 59999.08,
            "p(90)": 106.611
        },
        "http_req_duration{expected_response:true}": {
            "med": 64.128,
            "max": 59591.234,
            "p(90)": 108.266,
            "p(95)": 165.377,
            "avg": 84.41638522640525,
            "min": 39.954
        },
        "data_sent": {
            "count": 13282909,
            "rate": 44266.93226341461
        },
        "http_req_blocked": {
            "avg": 0.29240826699882005,
            "min": 0,
            "med": 0.001,
            "max": 897.946,
            "p(90)": 0.001,
            "p(95)": 0.001
        },
        "http_reqs": {
            "count": 352752,
            "rate": 1175.5895406483648
        },
        "http_req_receiving": {
            "p(90)": 0.796,
            "p(95)": 1.487,
            "avg": 1.230962611126463,
            "min": 0,
            "med": 0.047,
            "max": 4491.74
        },
        "data_received": {
            "count": 63604767,
            "rate": 211970.72963605102
        },
        "vus": {
            "max": 100,
            "value": 100,
            "min": 100
        },
        "http_req_connecting": {
            "avg": 0.11104430024493123,
            "min": 0,
            "med": 0,
            "max": 406.469,
            "p(90)": 0,
            "p(95)": 0
        },
        "http_req_tls_handshaking": {
            "max": 767.256,
            "p(90)": 0,
            "p(95)": 0,
            "avg": 0.1336726822243389,
            "min": 0,
            "med": 0
        },
        "http_req_duration": {
            "med": 64.128,
            "max": 59999.141,
            "p(90)": 108.266,
            "p(95)": 165.38135000000003,
            "avg": 84.58623465210594,
            "min": 39.954
        },
        "vus_max": {
            "min": 100,
            "max": 100,
            "value": 100
        }
    },
    "root_group": {
        "name": "",
        "path": "",
        "id": "d41d8cd98f00b204e9800998ecf8427e",
        "groups": {},
        "checks": {
                "is status 200": {
                    "name": "is status 200",
                    "path": "::is status 200",
                    "id": "548d37ca5f33793206f7832e7cea54fb",
                    "passes": 705502,
                    "fails": 2
                }
            }
    }
}