{
    "root_group": {
        "path": "",
        "id": "d41d8cd98f00b204e9800998ecf8427e",
        "groups": {},
        "checks": {
                "is status 200": {
                    "name": "is status 200",
                    "path": "::is status 200",
                    "id": "548d37ca5f33793206f7832e7cea54fb",
                    "passes": 671096,
                    "fails": 0
                }
            },
        "name": ""
    },
    "metrics": {
        "checks": {
            "passes": 671096,
            "fails": 0,
            "value": 1
        },
        "http_reqs": {
            "count": 335548,
            "rate": 1117.1899115874505
        },
        "http_req_failed": {
            "fails": 335548,
            "passes": 0,
            "value": 0
        },
        "data_sent": {
            "count": 12654076,
            "rate": 42131.09912042653
        },
        "http_req_connecting": {
            "avg": 0.09938806966514482,
            "min": 0,
            "med": 0,
            "max": 491.801,
            "p(90)": 0,
            "p(95)": 0
        },
        "data_received": {
            "count": 88599759,
            "rate": 294988.36805428565
        },
        "http_req_duration": {
            "min": 39.313,
            "med": 59.629,
            "max": 2454.436,
            "p(90)": 170.82349999999994,
            "p(95)": 225.5442499999998,
            "avg": 89.05172020992467
        },
        "http_req_tls_handshaking": {
            "avg": 0.1361268343128256,
            "min": 0,
            "med": 0,
            "max": 744.04,
            "p(90)": 0,
            "p(95)": 0
        },
        "http_req_receiving": {
            "avg": 0.8634053011787819,
            "min": 0.012,
            "med": 0.033,
            "max": 864.692,
            "p(90)": 0.634,
            "p(95)": 1.401
        },
        "http_req_blocked": {
            "max": 816.202,
            "p(90)": 0.001,
            "p(95)": 0.001,
            "avg": 0.2535245270418199,
            "min": 0,
            "med": 0
        },
        "vus_max": {
            "value": 100,
            "min": 100,
            "max": 100
        },
        "vus": {
            "min": 100,
            "max": 100,
            "value": 100
        },
        "http_req_sending": {
            "avg": 0.034639628309514815,
            "min": 0.012,
            "med": 0.029,
            "max": 5.452,
            "p(90)": 0.049,
            "p(95)": 0.06
        },
        "http_req_duration{expected_response:true}": {
            "p(90)": 170.82349999999994,
            "p(95)": 225.5442499999998,
            "avg": 89.05172020992467,
            "min": 39.313,
            "med": 59.629,
            "max": 2454.436
        },
        "http_req_waiting": {
            "avg": 88.15367528043615,
            "min": 39.231,
            "med": 59.383,
            "max": 2454.344,
            "p(90)": 168.51559999999998,
            "p(95)": 222.1598999999998
        },
        "iterations": {
            "rate": 1117.1899115874505,
            "count": 335548
        },
        "iteration_duration": {
            "avg": 89.4086381910633,
            "min": 39.385818,
            "med": 59.7403555,
            "max": 2454.585021,
            "p(90)": 171.6193541,
            "p(95)": 226.9003556499998
        }
    }
}