{
    "metrics": {
        "http_req_duration{expected_response:true}": {
            "avg": 82.07062009764792,
            "min": 39.403,
            "med": 58.251,
            "max": 3628.036,
            "p(90)": 140.061,
            "p(95)": 194.06990000000002
        },
        "http_req_tls_handshaking": {
            "avg": 0.11508323493390296,
            "min": 0,
            "med": 0,
            "max": 545.582,
            "p(90)": 0,
            "p(95)": 0
        },
        "http_req_blocked": {
            "max": 590.879,
            "p(90)": 0.001,
            "p(95)": 0.001,
            "avg": 0.21442936934624046,
            "min": 0,
            "med": 0
        },
        "http_req_receiving": {
            "avg": 0.7640923078188133,
            "min": 0.012,
            "med": 0.032,
            "max": 1074.403,
            "p(90)": 0.591,
            "p(95)": 1.312
        },
        "http_req_failed": {
            "passes": 0,
            "fails": 364162,
            "value": 0
        },
        "http_req_duration": {
            "p(90)": 140.061,
            "p(95)": 194.06990000000002,
            "avg": 82.07062009764792,
            "min": 39.403,
            "med": 58.251,
            "max": 3628.036
        },
        "data_received": {
            "count": 96126334,
            "rate": 320299.93746099307
        },
        "checks": {
            "passes": 728324,
            "fails": 0,
            "value": 1
        },
        "iteration_duration": {
            "max": 3628.150816,
            "p(90)": 140.77628860000002,
            "p(95)": 195.1467105,
            "avg": 82.38871958113327,
            "min": 39.519158,
            "med": 58.369879499999996
        },
        "vus": {
            "value": 100,
            "min": 100,
            "max": 100
        },
        "iterations": {
            "count": 364162,
            "rate": 1213.4142744450253
        },
        "vus_max": {
            "min": 100,
            "max": 100,
            "value": 100
        },
        "http_req_waiting": {
            "avg": 81.27174951807206,
            "min": 38.843,
            "med": 58.024,
            "max": 3627.968,
            "p(90)": 138.82630000000017,
            "p(95)": 190.9439
        },
        "http_req_connecting": {
            "avg": 0.07305576638968372,
            "min": 0,
            "med": 0,
            "max": 245.98,
            "p(90)": 0,
            "p(95)": 0
        },
        "http_req_sending": {
            "min": 0.012,
            "med": 0.029,
            "max": 8.029,
            "p(90)": 0.05,
            "p(95)": 0.061,
            "avg": 0.03477827175817353
        },
        "http_reqs": {
            "count": 364162,
            "rate": 1213.4142744450253
        },
        "data_sent": {
            "count": 13712794,
            "rate": 45692.02712563117
        }
    },
    "root_group": {
        "groups": {},
        "checks": {
                "is status 200": {
                    "name": "is status 200",
                    "path": "::is status 200",
                    "id": "548d37ca5f33793206f7832e7cea54fb",
                    "passes": 728324,
                    "fails": 0
                }
            },
        "name": "",
        "path": "",
        "id": "d41d8cd98f00b204e9800998ecf8427e"
    }
}