{
    "root_group": {
        "groups": {},
        "checks": {
                "is status 200": {
                    "name": "is status 200",
                    "path": "::is status 200",
                    "id": "548d37ca5f33793206f7832e7cea54fb",
                    "passes": 709480,
                    "fails": 0
                }
            },
        "name": "",
        "path": "",
        "id": "d41d8cd98f00b204e9800998ecf8427e"
    },
    "metrics": {
        "data_sent": {
            "count": 13364180,
            "rate": 44536.50857611005
        },
        "http_req_blocked": {
            "max": 1220.327,
            "p(90)": 0.001,
            "p(95)": 0.001,
            "avg": 0.5150182246155771,
            "min": 0,
            "med": 0
        },
        "http_req_receiving": {
            "min": 0.011,
            "med": 0.034,
            "max": 676.832,
            "p(90)": 0.616,
            "p(95)": 1.379,
            "avg": 0.6804717342278258
        },
        "http_req_duration{expected_response:true}": {
            "avg": 83.94246341264012,
            "min": 37.867,
            "med": 60.536,
            "max": 1345.089,
            "p(90)": 143.967,
            "p(95)": 210.96329999999992
        },
        "data_received": {
            "count": 93678800,
            "rate": 312187.25575379096
        },
        "http_req_failed": {
            "passes": 0,
            "fails": 354740,
            "value": 0
        },
        "iterations": {
            "count": 354740,
            "rate": 1182.1811029400442
        },
        "checks": {
            "fails": 0,
            "passes": 709480,
            "value": 1
        },
        "http_req_sending": {
            "avg": 0.037197539042692906,
            "min": 0.012,
            "med": 0.031,
            "max": 15.978,
            "p(90)": 0.053,
            "p(95)": 0.065
        },
        "iteration_duration": {
            "max": 1758.612044,
            "p(90)": 144.61748670000014,
            "p(95)": 211.47630759999996,
            "avg": 84.56722276278113,
            "min": 38.042742,
            "med": 60.6562755
        },
        "vus": {
            "max": 100,
            "value": 100,
            "min": 100
        },
        "http_req_tls_handshaking": {
            "p(95)": 0,
            "avg": 0.2618597423465074,
            "min": 0,
            "med": 0,
            "max": 1137.029,
            "p(90)": 0
        },
        "http_reqs": {
            "count": 354740,
            "rate": 1182.1811029400442
        },
        "http_req_duration": {
            "p(95)": 210.96329999999992,
            "avg": 83.94246341264012,
            "min": 37.867,
            "med": 60.536,
            "max": 1345.089,
            "p(90)": 143.967
        },
        "http_req_connecting": {
            "avg": 0.19221960027062082,
            "min": 0,
            "med": 0,
            "max": 592.396,
            "p(90)": 0,
            "p(95)": 0
        },
        "http_req_waiting": {
            "max": 1345.026,
            "p(90)": 142.473,
            "p(95)": 208.10624999999993,
            "avg": 83.22479413937135,
            "min": 37.76,
            "med": 60.281
        },
        "vus_max": {
            "value": 100,
            "min": 100,
            "max": 100
        }
    }
}