{
    "root_group": {
        "path": "",
        "id": "d41d8cd98f00b204e9800998ecf8427e",
        "groups": {},
        "checks": {
                "is status 200": {
                    "name": "is status 200",
                    "path": "::is status 200",
                    "id": "548d37ca5f33793206f7832e7cea54fb",
                    "passes": 736718,
                    "fails": 0
                }
            },
        "name": ""
    },
    "metrics": {
        "checks": {
            "passes": 736718,
            "fails": 0,
            "value": 1
        },
        "iterations": {
            "count": 368359,
            "rate": 1227.5061740452459
        },
        "vus_max": {
            "value": 100,
            "min": 100,
            "max": 100
        },
        "http_req_tls_handshaking": {
            "med": 0,
            "max": 356.018,
            "p(90)": 0,
            "p(95)": 0,
            "avg": 0.09432853276287531,
            "min": 0
        },
        "http_req_sending": {
            "avg": 0.036131249677627965,
            "min": 0.013,
            "med": 0.03,
            "max": 112.329,
            "p(90)": 0.051,
            "p(95)": 0.063
        },
        "http_req_blocked": {
            "min": 0,
            "med": 0,
            "max": 575.431,
            "p(90)": 0.001,
            "p(95)": 0.001,
            "avg": 0.17096731177922622
        },
        "http_req_duration": {
            "max": 1555.959,
            "p(90)": 141.98940000000002,
            "p(95)": 195.1747999999998,
            "avg": 81.16599796394404,
            "min": 39.205,
            "med": 57.675
        },
        "http_req_connecting": {
            "med": 0,
            "max": 219.296,
            "p(90)": 0,
            "p(95)": 0,
            "avg": 0.061261239714517586,
            "min": 0
        },
        "http_req_failed": {
            "passes": 0,
            "fails": 368359,
            "value": 0
        },
        "http_req_receiving": {
            "p(95)": 1.32,
            "avg": 0.7245282944082467,
            "min": 0.011,
            "med": 0.033,
            "max": 825.262,
            "p(90)": 0.599
        },
        "data_sent": {
            "count": 13868083,
            "rate": 46213.49690023025
        },
        "data_received": {
            "rate": 323879.11971839634,
            "count": 97192007
        },
        "http_req_duration{expected_response:true}": {
            "p(90)": 141.98940000000002,
            "p(95)": 195.1747999999998,
            "avg": 81.16599796394404,
            "min": 39.205,
            "med": 57.675,
            "max": 1555.959
        },
        "http_reqs": {
            "count": 368359,
            "rate": 1227.5061740452459
        },
        "iteration_duration": {
            "p(95)": 196.10373499999994,
            "avg": 81.44276854282371,
            "min": 39.307253,
            "med": 57.794582,
            "max": 1556.110043,
            "p(90)": 142.70725800000005
        },
        "vus": {
            "min": 100,
            "max": 100,
            "value": 100
        },
        "http_req_waiting": {
            "p(90)": 140.623,
            "p(95)": 192.5456999999998,
            "avg": 80.40533841985432,
            "min": 0,
            "med": 57.433,
            "max": 1555.888
        }
    }
}