{
    "root_group": {
        "name": "",
        "path": "",
        "id": "d41d8cd98f00b204e9800998ecf8427e",
        "groups": {},
        "checks": {
                "is status 200": {
                    "name": "is status 200",
                    "path": "::is status 200",
                    "id": "548d37ca5f33793206f7832e7cea54fb",
                    "passes": 258822,
                    "fails": 258822
                }
            }
    },
    "metrics": {
        "http_req_failed": {
            "passes": 0,
            "fails": 258822,
            "value": 0
        },
        "http_req_receiving": {
            "min": 0.015,
            "med": 0.042,
            "max": 15.865,
            "p(90)": 0.105,
            "p(95)": 0.147,
            "avg": 0.06175189898851078
        },
        "http_req_duration{expected_response:true}": {
            "avg": 115.81159038258009,
            "min": 37.491,
            "med": 87.2925,
            "max": 16746.938,
            "p(90)": 153.4929,
            "p(95)": 362.6311499999993
        },
        "http_req_duration": {
            "avg": 115.81159038258009,
            "min": 37.491,
            "med": 87.2925,
            "max": 16746.938,
            "p(90)": 153.4929,
            "p(95)": 362.6311499999993
        },
        "http_req_tls_handshaking": {
            "avg": 0,
            "min": 0,
            "med": 0,
            "max": 0,
            "p(90)": 0,
            "p(95)": 0
        },
        "vus": {
            "value": 100,
            "min": 100,
            "max": 100
        },
        "checks": {
            "passes": 258822,
            "fails": 258822,
            "value": 0.5
        },
        "vus_max": {
            "value": 100,
            "min": 100,
            "max": 100
        },
        "iterations": {
            "count": 258822,
            "rate": 860.9583872408085
        },
        "http_req_blocked": {
            "avg": 0.04822146108185741,
            "min": 0.001,
            "med": 0.003,
            "max": 119.911,
            "p(90)": 0.005,
            "p(95)": 0.006
        },
        "http_req_sending": {
            "p(95)": 0.038,
            "avg": 0.017938730092507443,
            "min": 0.005,
            "med": 0.014,
            "max": 12.048,
            "p(90)": 0.025
        },
        "http_reqs": {
            "count": 258822,
            "rate": 860.9583872408085
        },
        "data_sent": {
            "count": 37270368,
            "rate": 123978.00776267643
        },
        "data_received": {
            "count": 46349893,
            "rate": 154180.5917814716
        },
        "iteration_duration": {
            "med": 87.436327,
            "max": 16746.843809,
            "p(90)": 154.18372290000002,
            "p(95)": 362.7779089999995,
            "avg": 116.00570709770412,
            "min": 37.638289
        },
        "http_req_connecting": {
            "p(90)": 0,
            "p(95)": 0,
            "avg": 0.023742877344275215,
            "min": 0,
            "med": 0,
            "max": 64.428
        },
        "http_req_waiting": {
            "avg": 115.73189975349783,
            "min": 37.416,
            "med": 87.215,
            "max": 16746.891,
            "p(90)": 153.4277,
            "p(95)": 362.5357499999999
        }
    }
}