{
    "root_group": {
        "groups": {},
        "checks": {
                "is status 200": {
                    "name": "is status 200",
                    "path": "::is status 200",
                    "id": "548d37ca5f33793206f7832e7cea54fb",
                    "passes": 277502,
                    "fails": 277502
                }
            },
        "name": "",
        "path": "",
        "id": "d41d8cd98f00b204e9800998ecf8427e"
    },
    "metrics": {
        "http_req_receiving": {
            "p(90)": 0.621,
            "p(95)": 1.5519500000000117,
            "avg": 1.8748061527485889,
            "min": 0.014,
            "med": 0.039,
            "max": 2061.782
        },
        "iterations": {
            "rate": 924.497431909564,
            "count": 277502
        },
        "data_received": {
            "count": 50289092,
            "rate": 167538.02281447992
        },
        "iteration_duration": {
            "p(95)": 228.45160320000002,
            "avg": 108.11376497938724,
            "min": 40.488291,
            "med": 89.86102600000001,
            "max": 13618.149506,
            "p(90)": 127.99961929999998
        },
        "vus": {
            "value": 100,
            "min": 100,
            "max": 100
        },
        "http_req_sending": {
            "max": 19.697,
            "p(90)": 0.067,
            "p(95)": 0.084,
            "avg": 0.04945483996512898,
            "min": 0.019,
            "med": 0.04
        },
        "vus_max": {
            "value": 100,
            "min": 100,
            "max": 100
        },
        "http_reqs": {
            "count": 277502,
            "rate": 924.497431909564
        },
        "http_req_waiting": {
            "avg": 105.79123457128192,
            "min": 40.304,
            "med": 89.4,
            "max": 13618.067,
            "p(90)": 124.8479,
            "p(95)": 203.01040000000015
        },
        "data_sent": {
            "count": 10439774,
            "rate": 34780.0889821199
        },
        "http_req_connecting": {
            "avg": 0.09517857528954757,
            "min": 0,
            "med": 0,
            "max": 354.717,
            "p(90)": 0,
            "p(95)": 0
        },
        "http_req_tls_handshaking": {
            "min": 0,
            "med": 0,
            "max": 858.572,
            "p(90)": 0,
            "p(95)": 0,
            "avg": 0.13824350815489617
        },
        "checks": {
            "passes": 277502,
            "fails": 277502,
            "value": 0.5
        },
        "http_req_blocked": {
            "avg": 0.26006191306722215,
            "min": 0,
            "med": 0.001,
            "max": 1031.096,
            "p(90)": 0.001,
            "p(95)": 0.001
        },
        "http_req_duration{expected_response:true}": {
            "avg": 107.71549556399768,
            "min": 40.371,
            "med": 89.707,
            "max": 13618.16,
            "p(90)": 127.25779999999999,
            "p(95)": 223.29465000000056
        },
        "http_req_duration": {
            "min": 40.371,
            "med": 89.707,
            "max": 13618.16,
            "p(90)": 127.25779999999999,
            "p(95)": 223.29465000000056,
            "avg": 107.71549556399768
        },
        "http_req_failed": {
            "passes": 0,
            "fails": 277502,
            "value": 0
        }
    }
}