{
    "metrics": {
        "http_req_waiting": {
            "avg": 108.5182143420152,
            "min": 35.795,
            "med": 83.059,
            "max": 7181.346,
            "p(90)": 139.968,
            "p(95)": 308.7148999999998
        },
        "vus": {
            "max": 100,
            "value": 100,
            "min": 100
        },
        "iteration_duration": {
            "max": 7185.486051,
            "p(90)": 153.65580020000004,
            "p(95)": 326.1560750499998,
            "avg": 112.6077707085426,
            "min": 36.518447,
            "med": 83.6127025
        },
        "http_req_blocked": {
            "p(90)": 0.001,
            "p(95)": 0.001,
            "avg": 0.29588441558421147,
            "min": 0,
            "med": 0.001,
            "max": 1585.384
        },
        "iterations": {
            "count": 266420,
            "rate": 886.6218867481477
        },
        "data_sent": {
            "count": 10029140,
            "rate": 33376.079233020486
        },
        "http_req_tls_handshaking": {
            "med": 0,
            "max": 1206.332,
            "p(90)": 0,
            "p(95)": 0,
            "avg": 0.14885939494031974,
            "min": 0
        },
        "http_req_sending": {
            "p(90)": 0.075,
            "p(95)": 0.095,
            "avg": 0.055609871631279756,
            "min": 0.018,
            "med": 0.044,
            "max": 7.037
        },
        "http_req_receiving": {
            "p(95)": 1.252,
            "avg": 3.5889563921630567,
            "min": 0.014,
            "med": 0.041,
            "max": 4437.87,
            "p(90)": 0.298
        },
        "http_req_duration": {
            "p(90)": 151.88700000000006,
            "p(95)": 324.71049999999985,
            "avg": 112.16278060581003,
            "min": 36.314,
            "med": 83.454,
            "max": 7185.424
        },
        "data_received": {
            "count": 48355648,
            "rate": 160923.26351133283
        },
        "http_req_duration{expected_response:true}": {
            "p(90)": 151.88700000000006,
            "p(95)": 324.71049999999985,
            "avg": 112.16278060581003,
            "min": 36.314,
            "med": 83.454,
            "max": 7185.424
        },
        "vus_max": {
            "min": 100,
            "max": 100,
            "value": 100
        },
        "checks": {
            "passes": 266420,
            "fails": 266420,
            "value": 0.5
        },
        "http_reqs": {
            "count": 266420,
            "rate": 886.6218867481477
        },
        "http_req_connecting": {
            "max": 458.337,
            "p(90)": 0,
            "p(95)": 0,
            "avg": 0.11124975602432247,
            "min": 0,
            "med": 0
        },
        "http_req_failed": {
            "passes": 0,
            "fails": 266420,
            "value": 0
        }
    },
    "root_group": {
        "name": "",
        "path": "",
        "id": "d41d8cd98f00b204e9800998ecf8427e",
        "groups": {},
        "checks": {
                "is status 200": {
                    "path": "::is status 200",
                    "id": "548d37ca5f33793206f7832e7cea54fb",
                    "passes": 266420,
                    "fails": 266420,
                    "name": "is status 200"
                }
            }
    }
}