{
    "root_group": {
        "id": "d41d8cd98f00b204e9800998ecf8427e",
        "groups": {},
        "checks": {
                "is status 200": {
                    "name": "is status 200",
                    "path": "::is status 200",
                    "id": "548d37ca5f33793206f7832e7cea54fb",
                    "passes": 269375,
                    "fails": 269375
                }
            },
        "name": "",
        "path": ""
    },
    "metrics": {
        "checks": {
            "passes": 269375,
            "fails": 269375,
            "value": 0.5
        },
        "http_req_waiting": {
            "p(95)": 237.39089999999962,
            "avg": 108.58011150997584,
            "min": 40.772,
            "med": 89.643,
            "max": 13842.527,
            "p(90)": 132.6122
        },
        "iterations": {
            "rate": 896.2328274179565,
            "count": 269375
        },
        "data_received": {
            "count": 48966290,
            "rate": 162914.8827280468
        },
        "vus": {
            "value": 100,
            "min": 100,
            "max": 100
        },
        "http_req_duration": {
            "min": 40.88,
            "med": 90.006,
            "max": 13842.609,
            "p(90)": 136.16160000000002,
            "p(95)": 272.02389999999997,
            "avg": 110.963928894663
        },
        "http_req_blocked": {
            "p(95)": 0.001,
            "avg": 0.28780098004625826,
            "min": 0,
            "med": 0.001,
            "max": 1379.061,
            "p(90)": 0.001
        },
        "http_req_failed": {
            "passes": 0,
            "fails": 269375,
            "value": 0
        },
        "http_req_sending": {
            "med": 0.043,
            "max": 17.315,
            "p(90)": 0.072,
            "p(95)": 0.091,
            "avg": 0.05376992668214604,
            "min": 0.018
        },
        "http_req_connecting": {
            "p(95)": 0,
            "avg": 0.1107535554524362,
            "min": 0,
            "med": 0,
            "max": 744.826,
            "p(90)": 0
        },
        "iteration_duration": {
            "p(95)": 276.9327722999998,
            "avg": 111.39793989666771,
            "min": 40.978705,
            "med": 90.156677,
            "max": 13842.557452,
            "p(90)": 136.97351060000005
        },
        "vus_max": {
            "max": 100,
            "value": 100,
            "min": 100
        },
        "data_sent": {
            "count": 10139075,
            "rate": 33733.53820752749
        },
        "http_req_receiving": {
            "avg": 2.330047458004983,
            "min": 0.013,
            "med": 0.041,
            "max": 1127.035,
            "p(90)": 0.5626000000000058,
            "p(95)": 1.59
        },
        "http_req_tls_handshaking": {
            "min": 0,
            "med": 0,
            "max": 1320.444,
            "p(90)": 0,
            "p(95)": 0,
            "avg": 0.14855074153132258
        },
        "http_reqs": {
            "count": 269375,
            "rate": 896.2328274179565
        },
        "http_req_duration{expected_response:true}": {
            "avg": 110.963928894663,
            "min": 40.88,
            "med": 90.006,
            "max": 13842.609,
            "p(90)": 136.16160000000002,
            "p(95)": 272.02389999999997
        }
    }
}