{
    "root_group": {
        "path": "",
        "id": "d41d8cd98f00b204e9800998ecf8427e",
        "groups": {},
        "checks": {
                "is status 200": {
                    "fails": 265669,
                    "name": "is status 200",
                    "path": "::is status 200",
                    "id": "548d37ca5f33793206f7832e7cea54fb",
                    "passes": 265669
                }
            },
        "name": ""
    },
    "metrics": {
        "http_req_duration{expected_response:true}": {
            "p(95)": 287.56979999999993,
            "avg": 112.55702265601181,
            "min": 40.594,
            "med": 89.657,
            "max": 13555.357,
            "p(90)": 141.47560000000004
        },
        "http_req_sending": {
            "min": 0.018,
            "med": 0.041,
            "max": 21.995,
            "p(90)": 0.07,
            "p(95)": 0.088,
            "avg": 0.051561337604325505
        },
        "http_req_receiving": {
            "p(90)": 0.6312000000000116,
            "p(95)": 1.626,
            "avg": 2.5019902246783925,
            "min": 0.014,
            "med": 0.04,
            "max": 4394.764
        },
        "iterations": {
            "count": 265669,
            "rate": 882.5551382608702
        },
        "iteration_duration": {
            "avg": 112.9673426592504,
            "min": 40.791581,
            "med": 89.818456,
            "max": 13555.291026,
            "p(90)": 142.6645484000001,
            "p(95)": 290.52717899999936
        },
        "data_sent": {
            "count": 10001953,
            "rate": 33226.59027885724
        },
        "data_received": {
            "count": 48130156,
            "rate": 159888.87105043212
        },
        "http_reqs": {
            "rate": 882.5551382608702,
            "count": 265669
        },
        "http_req_waiting": {
            "max": 13555.297,
            "p(90)": 136.80160000000004,
            "p(95)": 248.74719999999974,
            "avg": 110.0034710937301,
            "min": 40.468,
            "med": 89.278
        },
        "http_req_connecting": {
            "avg": 0.10411541429372644,
            "min": 0,
            "med": 0,
            "max": 357.41,
            "p(90)": 0,
            "p(95)": 0
        },
        "vus": {
            "value": 1,
            "min": 1,
            "max": 100
        },
        "http_req_blocked": {
            "med": 0.001,
            "max": 860.696,
            "p(90)": 0.001,
            "p(95)": 0.001,
            "avg": 0.26874728703742407,
            "min": 0
        },
        "http_req_tls_handshaking": {
            "avg": 0.14488653926502523,
            "min": 0,
            "med": 0,
            "max": 772.447,
            "p(90)": 0,
            "p(95)": 0
        },
        "vus_max": {
            "min": 100,
            "max": 100,
            "value": 100
        },
        "http_req_failed": {
            "passes": 0,
            "fails": 265669,
            "value": 0
        },
        "http_req_duration": {
            "p(90)": 141.47560000000004,
            "p(95)": 287.56979999999993,
            "avg": 112.55702265601181,
            "min": 40.594,
            "med": 89.657,
            "max": 13555.357
        },
        "checks": {
            "passes": 265669,
            "fails": 265669,
            "value": 0.5
        }
    }
}