{
    "root_group": {
        "name": "",
        "path": "",
        "id": "d41d8cd98f00b204e9800998ecf8427e",
        "groups": {},
        "checks": {
                "is status 200": {
                    "fails": 306516,
                    "name": "is status 200",
                    "path": "::is status 200",
                    "id": "548d37ca5f33793206f7832e7cea54fb",
                    "passes": 306516
                }
            }
    },
    "metrics": {
        "checks": {
            "fails": 306516,
            "passes": 306516,
            "value": 0.5
        },
        "http_req_duration{expected_response:true}": {
            "p(95)": 189.86025,
            "avg": 97.4690237964741,
            "min": 36.336,
            "med": 82.27,
            "max": 9395.982,
            "p(90)": 114.11
        },
        "http_req_blocked": {
            "p(90)": 0.001,
            "p(95)": 0.001,
            "avg": 0.27051360124766827,
            "min": 0,
            "med": 0.001,
            "max": 717.017
        },
        "vus": {
            "max": 100,
            "value": 100,
            "min": 100
        },
        "http_req_waiting": {
            "max": 9395.922,
            "p(90)": 112.34649999999999,
            "p(95)": 176.47575,
            "avg": 95.90328864398613,
            "min": 36.126,
            "med": 82.0335
        },
        "data_received": {
            "count": 55659682,
            "rate": 185442.61739110327
        },
        "http_req_connecting": {
            "avg": 0.10504146276213969,
            "min": 0,
            "med": 0,
            "max": 446.666,
            "p(90)": 0,
            "p(95)": 0
        },
        "http_req_receiving": {
            "min": 0.014,
            "med": 0.038,
            "max": 2294.225,
            "p(90)": 0.246,
            "p(95)": 1.084,
            "avg": 1.5160798131257185
        },
        "http_req_duration": {
            "avg": 97.4690237964741,
            "min": 36.336,
            "med": 82.27,
            "max": 9395.982,
            "p(90)": 114.11,
            "p(95)": 189.86025
        },
        "http_req_failed": {
            "passes": 0,
            "fails": 306516,
            "value": 0
        },
        "http_reqs": {
            "count": 306516,
            "rate": 1021.2262677363375
        },
        "http_req_tls_handshaking": {
            "avg": 0.13873687181093322,
            "min": 0,
            "med": 0,
            "max": 628.856,
            "p(90)": 0,
            "p(95)": 0
        },
        "http_req_sending": {
            "avg": 0.04965533936239793,
            "min": 0.017,
            "med": 0.04,
            "max": 18.982,
            "p(90)": 0.068,
            "p(95)": 0.085
        },
        "data_sent": {
            "count": 11568952,
            "rate": 38544.53820544715
        },
        "iteration_duration": {
            "p(95)": 194.19917800000002,
            "avg": 97.87751241132091,
            "min": 36.474546,
            "med": 82.418814,
            "max": 9395.950172,
            "p(90)": 114.82674850000001
        },
        "vus_max": {
            "value": 100,
            "min": 100,
            "max": 100
        },
        "iterations": {
            "count": 306516,
            "rate": 1021.2262677363375
        }
    }
}