{
    "metrics": {
        "http_req_duration{expected_response:true}": {
            "avg": 102.60881389630686,
            "min": 37.695,
            "med": 86.22,
            "max": 7737.641,
            "p(90)": 121.10040000000002,
            "p(95)": 198.86220000000006
        },
        "iterations": {
            "count": 291617,
            "rate": 971.4470739133154
        },
        "http_reqs": {
            "count": 291617,
            "rate": 971.4470739133154
        },
        "http_req_sending": {
            "max": 16.706,
            "p(90)": 0.024,
            "p(95)": 0.036,
            "avg": 0.01661324957051302,
            "min": 0.005,
            "med": 0.013
        },
        "iteration_duration": {
            "avg": 102.91031112306017,
            "min": 37.804189,
            "med": 86.358953,
            "max": 7737.646464,
            "p(90)": 121.35250500000001,
            "p(95)": 199.825802
        },
        "http_req_waiting": {
            "avg": 102.53418679295093,
            "min": 37.647,
            "med": 86.147,
            "max": 7737.565,
            "p(90)": 121.02340000000002,
            "p(95)": 198.7834
        },
        "vus_max": {
            "max": 100,
            "value": 100,
            "min": 100
        },
        "http_req_connecting": {
            "min": 0,
            "med": 0,
            "max": 461.526,
            "p(90)": 0,
            "p(95)": 0,
            "avg": 0.1324222250417499
        },
        "data_received": {
            "count": 52227823,
            "rate": 173983.56690526463
        },
        "http_req_duration": {
            "med": 86.22,
            "max": 7737.641,
            "p(90)": 121.10040000000002,
            "p(95)": 198.86220000000006,
            "avg": 102.60881389630686,
            "min": 37.695
        },
        "http_req_tls_handshaking": {
            "avg": 0,
            "min": 0,
            "med": 0,
            "max": 0,
            "p(90)": 0,
            "p(95)": 0
        },
        "data_sent": {
            "count": 41992848,
            "rate": 139888.3786435174
        },
        "http_req_failed": {
            "passes": 0,
            "fails": 291617,
            "value": 0
        },
        "vus": {
            "value": 100,
            "min": 100,
            "max": 100
        },
        "http_req_blocked": {
            "avg": 0.16773327686543352,
            "min": 0.001,
            "med": 0.003,
            "max": 553.91,
            "p(90)": 0.004,
            "p(95)": 0.005
        },
        "http_req_receiving": {
            "med": 0.04,
            "max": 18.026,
            "p(90)": 0.099,
            "p(95)": 0.138,
            "avg": 0.05801385378768551,
            "min": 0.014
        },
        "checks": {
            "passes": 291617,
            "fails": 291617,
            "value": 0.5
        }
    },
    "root_group": {
        "name": "",
        "path": "",
        "id": "d41d8cd98f00b204e9800998ecf8427e",
        "groups": {},
        "checks": {
                "is status 200": {
                    "name": "is status 200",
                    "path": "::is status 200",
                    "id": "548d37ca5f33793206f7832e7cea54fb",
                    "passes": 291617,
                    "fails": 291617
                }
            }
    }
}