{
    "root_group": {
        "id": "d41d8cd98f00b204e9800998ecf8427e",
        "groups": {},
        "checks": {
                "is status 200": {
                    "name": "is status 200",
                    "path": "::is status 200",
                    "id": "548d37ca5f33793206f7832e7cea54fb",
                    "passes": 278694,
                    "fails": 278694
                }
            },
        "name": "",
        "path": ""
    },
    "metrics": {
        "iteration_duration": {
            "p(95)": 303.61280839999984,
            "avg": 107.66143873839388,
            "min": 36.938408,
            "med": 84.83313000000001,
            "max": 3961.370019,
            "p(90)": 149.90895250000005
        },
        "http_req_blocked": {
            "p(95)": 0.006,
            "avg": 0.028647979504420894,
            "min": 0,
            "med": 0.003,
            "max": 83.02,
            "p(90)": 0.005
        },
        "data_sent": {
            "rate": 133099.73207483994,
            "count": 40131936
        },
        "http_req_sending": {
            "min": 0.004,
            "med": 0.013,
            "max": 14.578,
            "p(90)": 0.026,
            "p(95)": 0.037,
            "avg": 0.017669917543985343
        },
        "http_reqs": {
            "count": 278694,
            "rate": 924.3036949641663
        },
        "http_req_receiving": {
            "p(95)": 0.143,
            "avg": 0.0604114943271216,
            "min": 0.012,
            "med": 0.04,
            "max": 52.017,
            "p(90)": 0.1
        },
        "data_received": {
            "count": 49910533,
            "rate": 165530.97687618303
        },
        "vus": {
            "max": 100,
            "value": 1,
            "min": 1
        },
        "http_req_failed": {
            "fails": 278694,
            "passes": 0,
            "value": 0
        },
        "http_req_tls_handshaking": {
            "max": 0,
            "p(90)": 0,
            "p(95)": 0,
            "avg": 0,
            "min": 0,
            "med": 0
        },
        "http_req_duration": {
            "avg": 107.49092782047506,
            "min": 36.835,
            "med": 84.68,
            "max": 3961.214,
            "p(90)": 149.56410000000002,
            "p(95)": 303.4683499999991
        },
        "http_req_duration{expected_response:true}": {
            "max": 3961.214,
            "p(90)": 149.56410000000002,
            "p(95)": 303.4683499999991,
            "avg": 107.49092782047506,
            "min": 36.835,
            "med": 84.68
        },
        "http_req_waiting": {
            "med": 84.602,
            "max": 3961.057,
            "p(90)": 149.4874,
            "p(95)": 303.39104999999944,
            "avg": 107.41284640860557,
            "min": 36.756
        },
        "vus_max": {
            "value": 100,
            "min": 100,
            "max": 100
        },
        "checks": {
            "passes": 278694,
            "fails": 278694,
            "value": 0.5
        },
        "http_req_connecting": {
            "min": 0,
            "med": 0,
            "max": 76.83,
            "p(90)": 0,
            "p(95)": 0,
            "avg": 0.02275783116966996
        },
        "iterations": {
            "count": 278694,
            "rate": 924.3036949641663
        }
    }
}