{
    "metrics": {
        "http_req_connecting": {
            "min": 0,
            "med": 0,
            "max": 71.275,
            "p(90)": 0,
            "p(95)": 0,
            "avg": 0.021313817504391673
        },
        "http_req_tls_handshaking": {
            "max": 0,
            "p(90)": 0,
            "p(95)": 0,
            "avg": 0,
            "min": 0,
            "med": 0
        },
        "http_req_failed": {
            "passes": 0,
            "fails": 282352,
            "value": 0
        },
        "data_received": {
            "count": 50566129,
            "rate": 168260.90634757475
        },
        "vus": {
            "value": 100,
            "min": 100,
            "max": 100
        },
        "http_req_blocked": {
            "max": 143.65,
            "p(90)": 0.004,
            "p(95)": 0.005,
            "avg": 0.04935581118653742,
            "min": 0.001,
            "med": 0.003
        },
        "checks": {
            "passes": 282352,
            "fails": 282352,
            "value": 0.5
        },
        "iteration_duration": {
            "p(90)": 130.2328695,
            "p(95)": 252.59201790000057,
            "avg": 106.28668251021516,
            "min": 38.012129,
            "med": 86.862563,
            "max": 2661.276599
        },
        "http_reqs": {
            "rate": 939.5380735798547,
            "count": 282352
        },
        "http_req_duration": {
            "avg": 106.0943154785509,
            "min": 37.825,
            "med": 86.719,
            "max": 2661.187,
            "p(90)": 129.9218,
            "p(95)": 250.4557000000003
        },
        "http_req_receiving": {
            "avg": 0.06121182424775428,
            "min": 0.015,
            "med": 0.041,
            "max": 12.456,
            "p(90)": 0.103,
            "p(95)": 0.146
        },
        "data_sent": {
            "rate": 135293.48259549908,
            "count": 40658688
        },
        "iterations": {
            "rate": 939.5380735798547,
            "count": 282352
        },
        "http_req_waiting": {
            "max": 2661.095,
            "p(90)": 129.844,
            "p(95)": 250.3815500000007,
            "avg": 106.01559376593626,
            "min": 37.733,
            "med": 86.64
        },
        "vus_max": {
            "value": 100,
            "min": 100,
            "max": 100
        },
        "http_req_sending": {
            "avg": 0.017509888366307045,
            "min": 0.005,
            "med": 0.013,
            "max": 5.535,
            "p(90)": 0.025,
            "p(95)": 0.038
        },
        "http_req_duration{expected_response:true}": {
            "max": 2661.187,
            "p(90)": 129.9218,
            "p(95)": 250.4557000000003,
            "avg": 106.0943154785509,
            "min": 37.825,
            "med": 86.719
        }
    },
    "root_group": {
        "id": "d41d8cd98f00b204e9800998ecf8427e",
        "groups": {},
        "checks": {
                "is status 200": {
                    "fails": 282352,
                    "name": "is status 200",
                    "path": "::is status 200",
                    "id": "548d37ca5f33793206f7832e7cea54fb",
                    "passes": 282352
                }
            },
        "name": "",
        "path": ""
    }
}