{
    "root_group": {
        "path": "",
        "id": "d41d8cd98f00b204e9800998ecf8427e",
        "groups": {},
        "checks": {
                "is status 200": {
                    "path": "::is status 200",
                    "id": "548d37ca5f33793206f7832e7cea54fb",
                    "passes": 277784,
                    "fails": 277784,
                    "name": "is status 200"
                }
            },
        "name": ""
    },
    "metrics": {
        "http_req_blocked": {
            "avg": 0.055202887855813565,
            "min": 0,
            "med": 0.003,
            "max": 146.865,
            "p(90)": 0.004,
            "p(95)": 0.005
        },
        "http_req_connecting": {
            "med": 0,
            "max": 63.474,
            "p(90)": 0,
            "p(95)": 0,
            "avg": 0.021807598709788906,
            "min": 0
        },
        "http_req_sending": {
            "min": 0.004,
            "med": 0.013,
            "max": 11.642,
            "p(90)": 0.024,
            "p(95)": 0.036,
            "avg": 0.01686669138612516
        },
        "http_req_receiving": {
            "min": 0.011,
            "med": 0.04,
            "max": 16.199,
            "p(90)": 0.099,
            "p(95)": 0.138,
            "avg": 0.05811250107998757
        },
        "iteration_duration": {
            "avg": 108.01455171548564,
            "min": 37.784953,
            "med": 86.55832699999999,
            "max": 7954.436313,
            "p(90)": 135.0395012,
            "p(95)": 297.30174219999884
        },
        "data_received": {
            "count": 49750840,
            "rate": 165553.37809674678
        },
        "http_reqs": {
            "count": 277784,
            "rate": 924.3679017525474
        },
        "http_req_duration": {
            "min": 37.69,
            "med": 86.415,
            "max": 7954.359,
            "p(90)": 134.6331,
            "p(95)": 297.159549999999,
            "avg": 107.8226014313294
        },
        "iterations": {
            "count": 277784,
            "rate": 924.3679017525474
        },
        "http_req_failed": {
            "passes": 0,
            "fails": 277784,
            "value": 0
        },
        "data_sent": {
            "count": 40000896,
            "rate": 133108.97785236684
        },
        "http_req_duration{expected_response:true}": {
            "max": 7954.359,
            "p(90)": 134.6331,
            "p(95)": 297.159549999999,
            "avg": 107.8226014313294,
            "min": 37.69,
            "med": 86.415
        },
        "http_req_tls_handshaking": {
            "avg": 0,
            "min": 0,
            "med": 0,
            "max": 0,
            "p(90)": 0,
            "p(95)": 0
        },
        "checks": {
            "passes": 277784,
            "fails": 277784,
            "value": 0.5
        },
        "http_req_waiting": {
            "avg": 107.74762223886476,
            "min": 37.607,
            "med": 86.342,
            "max": 7954.3,
            "p(90)": 134.54840000000002,
            "p(95)": 297.1070999999989
        },
        "vus": {
            "value": 100,
            "min": 100,
            "max": 100
        },
        "vus_max": {
            "max": 100,
            "value": 100,
            "min": 100
        }
    }
}