{
    "metrics": {
        "http_req_receiving": {
            "p(90)": 0.29,
            "p(95)": 1.1745499999999884,
            "avg": 2.136935718489467,
            "min": 0.012,
            "med": 0.039,
            "max": 2492.506
        },
        "data_sent": {
            "rate": 36127.06910354071,
            "count": 10859790
        },
        "http_reqs": {
            "count": 288870,
            "rate": 960.9786609077896
        },
        "http_req_waiting": {
            "med": 82.2475,
            "max": 4890.771,
            "p(90)": 125.88030000000002,
            "p(95)": 228.00604999999942,
            "avg": 101.18262076366611,
            "min": 35.646
        },
        "http_req_connecting": {
            "min": 0,
            "med": 0,
            "max": 414.818,
            "p(90)": 0,
            "p(95)": 0,
            "avg": 0.09989306954685495
        },
        "checks": {
            "passes": 288870,
            "fails": 288870,
            "value": 0.5
        },
        "http_req_failed": {
            "passes": 0,
            "fails": 288870,
            "value": 0
        },
        "vus": {
            "value": 100,
            "min": 100,
            "max": 100
        },
        "http_req_sending": {
            "avg": 0.051110042579720995,
            "min": 0.016,
            "med": 0.041,
            "max": 17.485,
            "p(90)": 0.069,
            "p(95)": 0.087
        },
        "http_req_duration": {
            "avg": 103.37066652473253,
            "min": 36.724,
            "med": 82.534,
            "max": 4890.904,
            "p(90)": 129.56210000000002,
            "p(95)": 261.8321999999997
        },
        "data_received": {
            "count": 52281411,
            "rate": 173923.63462162836
        },
        "iteration_duration": {
            "avg": 103.87054545519766,
            "min": 36.912553,
            "med": 82.68858700000001,
            "max": 4891.006094,
            "p(90)": 130.28568570000004,
            "p(95)": 266.47078524999995
        },
        "http_req_tls_handshaking": {
            "avg": 0.22574214006300414,
            "min": 0,
            "med": 0,
            "max": 1589.668,
            "p(90)": 0,
            "p(95)": 0
        },
        "http_req_blocked": {
            "p(90)": 0.001,
            "p(95)": 0.001,
            "avg": 0.35878794959736554,
            "min": 0,
            "med": 0.001,
            "max": 1776.082
        },
        "iterations": {
            "rate": 960.9786609077896,
            "count": 288870
        },
        "http_req_duration{expected_response:true}": {
            "med": 82.534,
            "max": 4890.904,
            "p(90)": 129.56210000000002,
            "p(95)": 261.8321999999997,
            "avg": 103.37066652473253,
            "min": 36.724
        },
        "vus_max": {
            "value": 100,
            "min": 100,
            "max": 100
        }
    },
    "root_group": {
        "name": "",
        "path": "",
        "id": "d41d8cd98f00b204e9800998ecf8427e",
        "groups": {},
        "checks": {
                "is status 200": {
                    "fails": 288870,
                    "name": "is status 200",
                    "path": "::is status 200",
                    "id": "548d37ca5f33793206f7832e7cea54fb",
                    "passes": 288870
                }
            }
    }
}