{
    "root_group": {
        "checks": {
            "is status 200": {
                "name": "is status 200",
                "path": "::is status 200",
                "id": "548d37ca5f33793206f7832e7cea54fb",
                "passes": 294856,
                "fails": 294856
            }
        },
        "name": "",
        "path": "",
        "id": "d41d8cd98f00b204e9800998ecf8427e",
        "groups": {}
    },
    "metrics": {
        "http_req_receiving": {
            "med": 0.04,
            "max": 1304.004,
            "p(90)": 0.277,
            "p(95)": 1.08925,
            "avg": 1.779777576173131,
            "min": 0.014
        },
        "iteration_duration": {
            "avg": 101.75794676068404,
            "min": 36.470492,
            "med": 83.102405,
            "max": 4550.901562,
            "p(90)": 125.041829,
            "p(95)": 233.77711675
        },
        "http_req_duration": {
            "p(90)": 124.40350000000001,
            "p(95)": 228.479,
            "avg": 101.35220028420693,
            "min": 36.314,
            "med": 82.952,
            "max": 4550.824
        },
        "vus_max": {
            "min": 100,
            "max": 100,
            "value": 100
        },
        "checks": {
            "passes": 294856,
            "fails": 294856,
            "value": 0.5
        },
        "http_reqs": {
            "count": 294856,
            "rate": 980.9974333390708
        },
        "vus": {
            "min": 100,
            "max": 100,
            "value": 100
        },
        "data_sent": {
            "count": 11085332,
            "rate": 36881.332717365316
        },
        "http_req_tls_handshaking": {
            "min": 0,
            "med": 0,
            "max": 1235.079,
            "p(90)": 0,
            "p(95)": 0,
            "avg": 0.12762304989554224
        },
        "http_req_sending": {
            "avg": 0.05405575942156123,
            "min": 0.019,
            "med": 0.043,
            "max": 10.515,
            "p(90)": 0.073,
            "p(95)": 0.092
        },
        "http_req_duration{expected_response:true}": {
            "max": 4550.824,
            "p(90)": 124.40350000000001,
            "p(95)": 228.479,
            "avg": 101.35220028420693,
            "min": 36.314,
            "med": 82.952
        },
        "http_req_failed": {
            "passes": 0,
            "fails": 294856,
            "value": 0
        },
        "http_req_blocked": {
            "p(90)": 0.001,
            "p(95)": 0.001,
            "avg": 0.2581804779282551,
            "min": 0,
            "med": 0.001,
            "max": 1401.484
        },
        "http_req_connecting": {
            "min": 0,
            "med": 0,
            "max": 420.8,
            "p(90)": 0,
            "p(95)": 0,
            "avg": 0.09405586794910058
        },
        "http_req_waiting": {
            "avg": 99.51836694861053,
            "min": 35.996,
            "med": 82.685,
            "max": 4550.727,
            "p(90)": 121.89500000000001,
            "p(95)": 200.0315
        },
        "data_received": {
            "count": 53561593,
            "rate": 178201.5128013401
        },
        "iterations": {
            "count": 294856,
            "rate": 980.9974333390708
        }
    }
}