{
    "metrics": {
        "http_req_sending": {
            "avg": 0.05610635170864355,
            "min": 0.02,
            "med": 0.044,
            "max": 11.533,
            "p(90)": 0.075,
            "p(95)": 0.095
        },
        "http_req_duration{expected_response:true}": {
            "min": 40.299,
            "med": 90.551,
            "max": 13614.676,
            "p(90)": 171.5466000000002,
            "p(95)": 343.8884499999998,
            "avg": 122.74042396177002
        },
        "http_req_waiting": {
            "p(95)": 326.9667999999998,
            "avg": 118.54519337159337,
            "min": 39.553,
            "med": 90.0675,
            "max": 13614.606,
            "p(90)": 154.44650000000007
        },
        "data_sent": {
            "count": 9184956,
            "rate": 30569.713895861674
        },
        "http_req_tls_handshaking": {
            "avg": 0.15229332725750036,
            "min": 0,
            "med": 0,
            "max": 843.42,
            "p(90)": 0,
            "p(95)": 0
        },
        "http_req_duration": {
            "avg": 122.74042396177002,
            "min": 40.299,
            "med": 90.551,
            "max": 13614.676,
            "p(90)": 171.5466000000002,
            "p(95)": 343.8884499999998
        },
        "vus": {
            "min": 100,
            "max": 100,
            "value": 100
        },
        "http_reqs": {
            "count": 243588,
            "rate": 810.7186869991706
        },
        "http_req_failed": {
            "passes": 0,
            "fails": 243588,
            "value": 0
        },
        "data_received": {
            "count": 44257020,
            "rate": 147297.8683058937
        },
        "http_req_receiving": {
            "avg": 4.139124238468506,
            "min": 0.015,
            "med": 0.042,
            "max": 6006.514,
            "p(90)": 0.689,
            "p(95)": 1.783
        },
        "http_req_blocked": {
            "min": 0,
            "med": 0.001,
            "max": 980.138,
            "p(90)": 0.001,
            "p(95)": 0.001,
            "avg": 0.2865894830611172
        },
        "vus_max": {
            "min": 100,
            "max": 100,
            "value": 100
        },
        "checks": {
            "passes": 243588,
            "fails": 243588,
            "value": 0.5
        },
        "http_req_connecting": {
            "p(90)": 0,
            "p(95)": 0,
            "avg": 0.10859923723664545,
            "min": 0,
            "med": 0,
            "max": 393.783
        },
        "iteration_duration": {
            "avg": 123.17762270977967,
            "min": 40.428946,
            "med": 90.711748,
            "max": 13614.612786,
            "p(90)": 173.6100507000001,
            "p(95)": 344.6511021
        },
        "iterations": {
            "count": 243588,
            "rate": 810.7186869991706
        }
    },
    "root_group": {
        "checks": {
            "is status 200": {
                "fails": 243588,
                "name": "is status 200",
                "path": "::is status 200",
                "id": "548d37ca5f33793206f7832e7cea54fb",
                "passes": 243588
            }
        },
        "name": "",
        "path": "",
        "id": "d41d8cd98f00b204e9800998ecf8427e",
        "groups": {}
    }
}