{
    "root_group": {
        "name": "",
        "path": "",
        "id": "d41d8cd98f00b204e9800998ecf8427e",
        "groups": {},
        "checks": {
                "is status 200": {
                    "path": "::is status 200",
                    "id": "548d37ca5f33793206f7832e7cea54fb",
                    "passes": 270227,
                    "fails": 270227,
                    "name": "is status 200"
                }
            }
    },
    "metrics": {
        "iteration_duration": {
            "med": 87.757181,
            "max": 14342.647984,
            "p(90)": 153.79275459999997,
            "p(95)": 271.6313842999999,
            "avg": 111.12116987776021,
            "min": 39.611227
        },
        "checks": {
            "passes": 270227,
            "fails": 270227,
            "value": 0.5
        },
        "data_received": {
            "count": 49113642,
            "rate": 163055.1830582166
        },
        "iterations": {
            "count": 270227,
            "rate": 897.1420395228008
        },
        "vus_max": {
            "value": 100,
            "min": 100,
            "max": 100
        },
        "vus": {
            "min": 2,
            "max": 100,
            "value": 2
        },
        "http_req_connecting": {
            "avg": 0.0951253057614524,
            "min": 0,
            "med": 0,
            "max": 472.039,
            "p(90)": 0,
            "p(95)": 0
        },
        "http_req_sending": {
            "p(90)": 0.075,
            "p(95)": 0.098,
            "avg": 0.05929233200237503,
            "min": 0.014,
            "med": 0.041,
            "max": 19.594
        },
        "http_req_duration": {
            "avg": 110.72329756834108,
            "min": 39.525,
            "med": 87.587,
            "max": 14342.666,
            "p(90)": 152.97459999999998,
            "p(95)": 269.04889999999955
        },
        "http_req_waiting": {
            "avg": 108.64806335414293,
            "min": 39.448,
            "med": 87.226,
            "max": 14342.576,
            "p(90)": 149.70159999999998,
            "p(95)": 248.7525999999997
        },
        "http_req_receiving": {
            "p(90)": 0.68,
            "p(95)": 1.644,
            "avg": 2.015941882195676,
            "min": 0.011,
            "med": 0.04,
            "max": 2391.208
        },
        "http_req_failed": {
            "passes": 0,
            "fails": 270227,
            "value": 0
        },
        "http_req_tls_handshaking": {
            "avg": 0.14122297179778479,
            "min": 0,
            "med": 0,
            "max": 1285.331,
            "p(90)": 0,
            "p(95)": 0
        },
        "data_sent": {
            "count": 10170599,
            "rate": 33765.95207003208
        },
        "http_reqs": {
            "count": 270227,
            "rate": 897.1420395228008
        },
        "http_req_blocked": {
            "avg": 0.25485383769924996,
            "min": 0,
            "med": 0.001,
            "max": 1654.696,
            "p(90)": 0.001,
            "p(95)": 0.001
        },
        "http_req_duration{expected_response:true}": {
            "p(95)": 269.04889999999955,
            "avg": 110.72329756834108,
            "min": 39.525,
            "med": 87.587,
            "max": 14342.666,
            "p(90)": 152.97459999999998
        }
    }
}