{
    "root_group": {
        "groups": {},
        "checks": {
                "is status 200": {
                    "path": "::is status 200",
                    "id": "548d37ca5f33793206f7832e7cea54fb",
                    "passes": 281865,
                    "fails": 281865,
                    "name": "is status 200"
                }
            },
        "name": "",
        "path": "",
        "id": "d41d8cd98f00b204e9800998ecf8427e"
    },
    "metrics": {
        "vus_max": {
            "max": 100,
            "value": 100,
            "min": 100
        },
        "http_req_waiting": {
            "avg": 103.86564959466305,
            "min": 36.386,
            "med": 81.259,
            "max": 6036.179,
            "p(90)": 144.4872,
            "p(95)": 266.911
        },
        "http_req_duration": {
            "avg": 106.06362798502678,
            "min": 36.477,
            "med": 81.586,
            "max": 6036.291,
            "p(90)": 148.46360000000004,
            "p(95)": 293.37459999999993
        },
        "data_received": {
            "count": 51208475,
            "rate": 170461.24157826154
        },
        "http_req_receiving": {
            "med": 0.04,
            "max": 1962.197,
            "p(90)": 0.314,
            "p(95)": 1.136,
            "avg": 2.137003828073981,
            "min": 0.011
        },
        "checks": {
            "passes": 281865,
            "fails": 281865,
            "value": 0.5
        },
        "http_req_duration{expected_response:true}": {
            "avg": 106.06362798502678,
            "min": 36.477,
            "med": 81.586,
            "max": 6036.291,
            "p(90)": 148.46360000000004,
            "p(95)": 293.37459999999993
        },
        "iteration_duration": {
            "p(95)": 295.69158399999964,
            "avg": 106.45035589727696,
            "min": 36.706695,
            "med": 81.75592,
            "max": 6036.54608,
            "p(90)": 149.47900260000003
        },
        "http_req_blocked": {
            "p(95)": 0.001,
            "avg": 0.24081044116855949,
            "min": 0,
            "med": 0.001,
            "max": 1441.816,
            "p(90)": 0.001
        },
        "http_req_connecting": {
            "min": 0,
            "med": 0,
            "max": 300.145,
            "p(90)": 0,
            "p(95)": 0,
            "avg": 0.08842500842601954
        },
        "iterations": {
            "count": 281865,
            "rate": 938.2637904654783
        },
        "http_req_sending": {
            "med": 0.042,
            "max": 40.564,
            "p(90)": 0.076,
            "p(95)": 0.099,
            "avg": 0.06097456229048775,
            "min": 0.015
        },
        "http_req_failed": {
            "passes": 0,
            "fails": 281865,
            "value": 0
        },
        "http_req_tls_handshaking": {
            "min": 0,
            "med": 0,
            "max": 1197.32,
            "p(90)": 0,
            "p(95)": 0,
            "avg": 0.13341925744594044
        },
        "vus": {
            "value": 100,
            "min": 100,
            "max": 100
        },
        "data_sent": {
            "rate": 35286.977200174915,
            "count": 10600605
        },
        "http_reqs": {
            "count": 281865,
            "rate": 938.2637904654783
        }
    }
}