{
    "metrics": {
        "http_req_sending": {
            "med": 0.044,
            "max": 23.754,
            "p(90)": 0.075,
            "p(95)": 0.095,
            "avg": 0.05573736074726468,
            "min": 0.017
        },
        "http_req_receiving": {
            "min": 0.013,
            "med": 0.042,
            "max": 4706.104,
            "p(90)": 0.725,
            "p(95)": 1.8219499999999826,
            "avg": 3.9131155668456006
        },
        "vus": {
            "value": 100,
            "min": 100,
            "max": 100
        },
        "data_received": {
            "count": 45365561,
            "rate": 151110.7458457375
        },
        "http_req_tls_handshaking": {
            "avg": 0.15192891838733563,
            "min": 0,
            "med": 0,
            "max": 1207.15,
            "p(90)": 0,
            "p(95)": 0
        },
        "http_reqs": {
            "count": 251162,
            "rate": 836.609893308872
        },
        "http_req_failed": {
            "fails": 251162,
            "passes": 0,
            "value": 0
        },
        "http_req_duration{expected_response:true}": {
            "p(95)": 338.1099,
            "avg": 119.03119574617246,
            "min": 39.316,
            "med": 88.668,
            "max": 13324.608,
            "p(90)": 163.30019999999988
        },
        "http_req_duration": {
            "avg": 119.03119574617246,
            "min": 39.316,
            "med": 88.668,
            "max": 13324.608,
            "p(90)": 163.30019999999988,
            "p(95)": 338.1099
        },
        "vus_max": {
            "value": 100,
            "min": 100,
            "max": 100
        },
        "data_sent": {
            "count": 9465194,
            "rate": 31528.15689669526
        },
        "http_req_connecting": {
            "p(90)": 0,
            "p(95)": 0,
            "avg": 0.10230794865465315,
            "min": 0,
            "med": 0,
            "max": 1114.477
        },
        "iterations": {
            "count": 251162,
            "rate": 836.609893308872
        },
        "http_req_waiting": {
            "avg": 115.06234281857972,
            "min": 39.213,
            "med": 88.186,
            "max": 13324.526,
            "p(90)": 149.03869999999998,
            "p(95)": 320.96049999999985
        },
        "checks": {
            "passes": 502324,
            "fails": 0,
            "value": 1
        },
        "http_req_blocked": {
            "min": 0,
            "med": 0.001,
            "max": 1309.084,
            "p(90)": 0.001,
            "p(95)": 0.001,
            "avg": 0.2700227980343541
        },
        "iteration_duration": {
            "avg": 119.45061844427042,
            "min": 39.436596,
            "med": 88.8431215,
            "max": 13324.556542,
            "p(90)": 165.33771609999997,
            "p(95)": 338.86255954999996
        }
    },
    "root_group": {
        "name": "",
        "path": "",
        "id": "d41d8cd98f00b204e9800998ecf8427e",
        "groups": {},
        "checks": {
                "is status 200": {
                    "name": "is status 200",
                    "path": "::is status 200",
                    "id": "548d37ca5f33793206f7832e7cea54fb",
                    "passes": 502324,
                    "fails": 0
                }
            }
    }
}