{
    "root_group": {
        "name": "",
        "path": "",
        "id": "d41d8cd98f00b204e9800998ecf8427e",
        "groups": {},
        "checks": {
                "is status 200": {
                    "passes": 528528,
                    "fails": 0,
                    "name": "is status 200",
                    "path": "::is status 200",
                    "id": "548d37ca5f33793206f7832e7cea54fb"
                }
            }
    },
    "metrics": {
        "http_req_blocked": {
            "avg": 0.2709134653223529,
            "min": 0,
            "med": 0.001,
            "max": 2343.92,
            "p(90)": 0.001,
            "p(95)": 0.001
        },
        "http_req_receiving": {
            "med": 0.041,
            "max": 5009.042,
            "p(90)": 0.283,
            "p(95)": 1.132,
            "avg": 3.5817370962374406,
            "min": 0.014
        },
        "http_req_duration": {
            "min": 36.746,
            "med": 83.7765,
            "max": 9506.131,
            "p(90)": 155.87900000000022,
            "p(95)": 327.2892499999999,
            "avg": 113.12097502497554
        },
        "iterations": {
            "count": 264264,
            "rate": 879.8280863382548
        },
        "http_req_tls_handshaking": {
            "min": 0,
            "med": 0,
            "max": 2048.088,
            "p(90)": 0,
            "p(95)": 0,
            "avg": 0.15442998289589202
        },
        "iteration_duration": {
            "min": 36.866337,
            "med": 83.949408,
            "max": 9506.144545,
            "p(90)": 157.77197860000044,
            "p(95)": 327.9444441999999,
            "avg": 113.54114477360854
        },
        "vus": {
            "value": 100,
            "min": 100,
            "max": 100
        },
        "http_reqs": {
            "count": 264264,
            "rate": 879.8280863382548
        },
        "http_req_sending": {
            "avg": 0.05624291995884741,
            "min": 0.018,
            "med": 0.044,
            "max": 17.321,
            "p(90)": 0.075,
            "p(95)": 0.096
        },
        "checks": {
            "fails": 0,
            "passes": 528528,
            "value": 1
        },
        "http_req_waiting": {
            "med": 83.4,
            "max": 9506.054,
            "p(90)": 142.5096000000001,
            "p(95)": 311.91079999999977,
            "avg": 109.48299500878234,
            "min": 36.603
        },
        "http_req_duration{expected_response:true}": {
            "avg": 113.12097502497554,
            "min": 36.746,
            "med": 83.7765,
            "max": 9506.131,
            "p(90)": 155.87900000000022,
            "p(95)": 327.2892499999999
        },
        "data_received": {
            "rate": 158825.86937882937,
            "count": 47704728
        },
        "vus_max": {
            "max": 100,
            "value": 100,
            "min": 100
        },
        "http_req_connecting": {
            "avg": 0.11259884055338594,
            "min": 0,
            "med": 0,
            "max": 1031.869,
            "p(90)": 0,
            "p(95)": 0
        },
        "data_sent": {
            "count": 9949368,
            "rate": 33124.95613369611
        },
        "http_req_failed": {
            "passes": 0,
            "fails": 264264,
            "value": 0
        }
    }
}