{
    "root_group": {
        "checks": {
            "is status 200": {
                "id": "548d37ca5f33793206f7832e7cea54fb",
                "passes": 587226,
                "fails": 0,
                "name": "is status 200",
                "path": "::is status 200"
            }
        },
        "name": "",
        "path": "",
        "id": "d41d8cd98f00b204e9800998ecf8427e",
        "groups": {}
    },
    "metrics": {
        "http_req_blocked": {
            "max": 924.859,
            "p(90)": 0.001,
            "p(95)": 0.001,
            "avg": 0.20653352542170114,
            "min": 0,
            "med": 0.001
        },
        "vus": {
            "max": 100,
            "value": 100,
            "min": 100
        },
        "http_req_tls_handshaking": {
            "p(90)": 0,
            "p(95)": 0,
            "avg": 0.11437313402335722,
            "min": 0,
            "med": 0,
            "max": 773.253
        },
        "http_req_duration": {
            "avg": 101.82620898597526,
            "min": 36.632,
            "med": 83.415,
            "max": 5396.538,
            "p(90)": 125.03359999999998,
            "p(95)": 232.9497999999994
        },
        "http_req_sending": {
            "min": 0.017,
            "med": 0.042,
            "max": 11.29,
            "p(90)": 0.072,
            "p(95)": 0.091,
            "avg": 0.053326198090699314
        },
        "checks": {
            "passes": 587226,
            "fails": 0,
            "value": 1
        },
        "iterations": {
            "count": 293613,
            "rate": 977.8813042675115
        },
        "vus_max": {
            "value": 100,
            "min": 100,
            "max": 100
        },
        "data_sent": {
            "count": 11039945,
            "rate": 36768.657435609435
        },
        "data_received": {
            "count": 53045971,
            "rate": 176670.18595095107
        },
        "iteration_duration": {
            "p(90)": 125.60182579999999,
            "p(95)": 237.6695675999995,
            "avg": 102.177927177965,
            "min": 36.875736,
            "med": 83.565181,
            "max": 5396.624585
        },
        "http_req_receiving": {
            "avg": 1.7297347631068198,
            "min": 0.013,
            "med": 0.04,
            "max": 1742.502,
            "p(90)": 0.284,
            "p(95)": 1.026
        },
        "http_req_failed": {
            "passes": 0,
            "fails": 293613,
            "value": 0
        },
        "http_reqs": {
            "count": 293613,
            "rate": 977.8813042675115
        },
        "http_req_duration{expected_response:true}": {
            "p(95)": 232.9497999999994,
            "avg": 101.82620898597526,
            "min": 36.632,
            "med": 83.415,
            "max": 5396.538,
            "p(90)": 125.03359999999998
        },
        "http_req_connecting": {
            "min": 0,
            "med": 0,
            "max": 233.072,
            "p(90)": 0,
            "p(95)": 0,
            "avg": 0.08863414085888568
        },
        "http_req_waiting": {
            "avg": 100.04314802478281,
            "min": 36.563,
            "med": 83.151,
            "max": 5396.451,
            "p(90)": 122.63059999999997,
            "p(95)": 202.89039999999994
        }
    }
}