{
    "root_group": {
        "path": "",
        "id": "d41d8cd98f00b204e9800998ecf8427e",
        "groups": {},
        "checks": {
                "is status 200": {
                    "name": "is status 200",
                    "path": "::is status 200",
                    "id": "548d37ca5f33793206f7832e7cea54fb",
                    "passes": 516984,
                    "fails": 0
                }
            },
        "name": ""
    },
    "metrics": {
        "vus_max": {
            "value": 100,
            "min": 100,
            "max": 100
        },
        "iterations": {
            "count": 258492,
            "rate": 860.8491063615185
        },
        "http_req_sending": {
            "p(95)": 0.039,
            "avg": 0.01809741887564218,
            "min": 0.005,
            "med": 0.014,
            "max": 15.779,
            "p(90)": 0.026
        },
        "http_req_blocked": {
            "max": 1173.039,
            "p(90)": 0.005,
            "p(95)": 0.006,
            "avg": 0.12867999009611644,
            "min": 0.001,
            "med": 0.003
        },
        "http_req_tls_handshaking": {
            "avg": 0,
            "min": 0,
            "med": 0,
            "max": 0,
            "p(90)": 0,
            "p(95)": 0
        },
        "http_req_failed": {
            "passes": 0,
            "fails": 258492,
            "value": 0
        },
        "data_sent": {
            "count": 37222848,
            "rate": 123962.27131605866
        },
        "http_req_duration{expected_response:true}": {
            "avg": 115.79883301610842,
            "min": 37.597,
            "med": 87.095,
            "max": 9250.389,
            "p(90)": 154.0408,
            "p(95)": 364.36734999999993
        },
        "checks": {
            "passes": 516984,
            "fails": 0,
            "value": 1
        },
        "http_req_connecting": {
            "med": 0,
            "max": 1081.052,
            "p(90)": 0,
            "p(95)": 0,
            "avg": 0.08917492224130728,
            "min": 0
        },
        "vus": {
            "max": 100,
            "value": 100,
            "min": 100
        },
        "iteration_duration": {
            "p(90)": 154.7697714,
            "p(95)": 364.60139614999997,
            "avg": 116.07374272677646,
            "min": 37.726631,
            "med": 87.2494475,
            "max": 9250.404148
        },
        "http_req_waiting": {
            "avg": 115.71864444934735,
            "min": 37.537,
            "med": 87.019,
            "max": 9250.29,
            "p(90)": 153.96359999999993,
            "p(95)": 364.29434999999995
        },
        "http_req_duration": {
            "avg": 115.79883301610842,
            "min": 37.597,
            "med": 87.095,
            "max": 9250.389,
            "p(90)": 154.0408,
            "p(95)": 364.36734999999993
        },
        "http_reqs": {
            "rate": 860.8491063615185,
            "count": 258492
        },
        "data_received": {
            "count": 46032055,
            "rate": 153299.34160722292
        },
        "http_req_receiving": {
            "max": 17.574,
            "p(90)": 0.105,
            "p(95)": 0.147,
            "avg": 0.06209114788853804,
            "min": 0.013,
            "med": 0.042
        }
    }
}