{
    "root_group": {
        "id": "d41d8cd98f00b204e9800998ecf8427e",
        "groups": {},
        "checks": {
                "is status 200": {
                    "passes": 626838,
                    "fails": 0,
                    "name": "is status 200",
                    "path": "::is status 200",
                    "id": "548d37ca5f33793206f7832e7cea54fb"
                }
            },
        "name": "",
        "path": ""
    },
    "metrics": {
        "data_sent": {
            "count": 11832103,
            "rate": 39432.69431073325
        },
        "http_req_blocked": {
            "avg": 0.23668093829569564,
            "min": 0,
            "med": 0.001,
            "max": 650.382,
            "p(90)": 0.001,
            "p(95)": 0.001
        },
        "data_received": {
            "count": 76023418,
            "rate": 253362.24696920704
        },
        "iteration_duration": {
            "p(90)": 113.87394820000002,
            "p(95)": 173.29710209999973,
            "avg": 95.71785183252899,
            "min": 38.130899,
            "med": 84.018987,
            "max": 4582.347039
        },
        "http_req_failed": {
            "passes": 0,
            "fails": 313419,
            "value": 0
        },
        "http_req_tls_handshaking": {
            "avg": 0.12270899339223225,
            "min": 0,
            "med": 0,
            "max": 584.827,
            "p(90)": 0,
            "p(95)": 0
        },
        "http_req_receiving": {
            "avg": 1.5408471183943087,
            "min": 0.013,
            "med": 0.04,
            "max": 2431.518,
            "p(90)": 0.431,
            "p(95)": 1.188
        },
        "http_req_sending": {
            "avg": 0.04763492002720228,
            "min": 0.013,
            "med": 0.039,
            "max": 16.938,
            "p(90)": 0.066,
            "p(95)": 0.082
        },
        "iterations": {
            "count": 313419,
            "rate": 1044.52738605941
        },
        "http_req_connecting": {
            "avg": 0.09344303631879361,
            "min": 0,
            "med": 0,
            "max": 470.202,
            "p(90)": 0,
            "p(95)": 0
        },
        "checks": {
            "passes": 626838,
            "fails": 0,
            "value": 1
        },
        "http_req_duration{expected_response:true}": {
            "p(95)": 169.69149999999965,
            "avg": 95.34743780051818,
            "min": 38.005,
            "med": 83.867,
            "max": 4582.267,
            "p(90)": 113.29320000000001
        },
        "vus": {
            "value": 100,
            "min": 100,
            "max": 100
        },
        "vus_max": {
            "max": 100,
            "value": 100,
            "min": 100
        },
        "http_req_duration": {
            "p(95)": 169.69149999999965,
            "avg": 95.34743780051818,
            "min": 38.005,
            "med": 83.867,
            "max": 4582.267,
            "p(90)": 113.29320000000001
        },
        "http_req_waiting": {
            "med": 83.601,
            "max": 4582.179,
            "p(90)": 112.05540000000003,
            "p(95)": 158.5152999999999,
            "avg": 93.75895576209415,
            "min": 37.936
        },
        "http_reqs": {
            "count": 313419,
            "rate": 1044.52738605941
        }
    }
}