{
    "root_group": {
        "path": "",
        "id": "d41d8cd98f00b204e9800998ecf8427e",
        "groups": {},
        "checks": {
                "is status 200": {
                    "name": "is status 200",
                    "path": "::is status 200",
                    "id": "548d37ca5f33793206f7832e7cea54fb",
                    "passes": 552830,
                    "fails": 0
                }
            },
        "name": ""
    },
    "metrics": {
        "http_req_blocked": {
            "avg": 0.13888073367827067,
            "min": 0.001,
            "med": 0.003,
            "max": 685.666,
            "p(90)": 0.004,
            "p(95)": 0.005
        },
        "http_req_tls_handshaking": {
            "avg": 0,
            "min": 0,
            "med": 0,
            "max": 0,
            "p(90)": 0,
            "p(95)": 0
        },
        "http_req_connecting": {
            "avg": 0.08555141363529477,
            "min": 0,
            "med": 0,
            "max": 547.79,
            "p(90)": 0,
            "p(95)": 0
        },
        "http_reqs": {
            "count": 276415,
            "rate": 919.4009852869266
        },
        "iteration_duration": {
            "p(95)": 296.00604359999994,
            "avg": 108.5582398566538,
            "min": 38.245035,
            "med": 86.809757,
            "max": 4575.286176,
            "p(90)": 135.46627520000004
        },
        "http_req_failed": {
            "passes": 0,
            "fails": 276415,
            "value": 0
        },
        "http_req_duration": {
            "med": 86.662,
            "max": 4575.234,
            "p(90)": 135.00760000000002,
            "p(95)": 294.2112999999993,
            "avg": 108.28204839824129,
            "min": 38.03
        },
        "checks": {
            "passes": 552830,
            "fails": 0,
            "value": 1
        },
        "iterations": {
            "rate": 919.4009852869266,
            "count": 276415
        },
        "data_received": {
            "count": 49229513,
            "rate": 163745.32046884418
        },
        "data_sent": {
            "count": 39803760,
            "rate": 132393.74188131743
        },
        "vus_max": {
            "value": 100,
            "min": 100,
            "max": 100
        },
        "http_req_waiting": {
            "p(90)": 134.936,
            "p(95)": 294.08999999999963,
            "avg": 108.20671781922195,
            "min": 37.859,
            "med": 86.586,
            "max": 4575.189
        },
        "http_req_receiving": {
            "med": 0.04,
            "max": 12.561,
            "p(90)": 0.099,
            "p(95)": 0.139,
            "avg": 0.058409521914523276,
            "min": 0.014
        },
        "http_req_duration{expected_response:true}": {
            "avg": 108.28204839824129,
            "min": 38.03,
            "med": 86.662,
            "max": 4575.234,
            "p(90)": 135.00760000000002,
            "p(95)": 294.2112999999993
        },
        "vus": {
            "value": 100,
            "min": 100,
            "max": 100
        },
        "http_req_sending": {
            "avg": 0.016921057106177306,
            "min": 0.005,
            "med": 0.013,
            "max": 14.234,
            "p(90)": 0.024,
            "p(95)": 0.036
        }
    }
}