{
    "root_group": {
        "name": "",
        "path": "",
        "id": "d41d8cd98f00b204e9800998ecf8427e",
        "groups": {},
        "checks": {
                "is status 200": {
                    "name": "is status 200",
                    "path": "::is status 200",
                    "id": "548d37ca5f33793206f7832e7cea54fb",
                    "passes": 518114,
                    "fails": 0
                }
            }
    },
    "metrics": {
        "http_req_waiting": {
            "max": 5629.61,
            "p(90)": 155.14759999999995,
            "p(95)": 291.2525999999992,
            "avg": 112.66853692430638,
            "min": 38.187,
            "med": 87.479
        },
        "http_req_blocked": {
            "med": 0.001,
            "max": 1922.424,
            "p(90)": 0.001,
            "p(95)": 0.001,
            "avg": 0.2561357732079454,
            "min": 0
        },
        "http_req_duration": {
            "p(90)": 161.3758,
            "p(95)": 317.79419999999976,
            "avg": 115.4407139587085,
            "min": 38.363,
            "med": 87.906,
            "max": 5629.685
        },
        "http_reqs": {
            "rate": 860.5534114792159,
            "count": 259057
        },
        "http_req_receiving": {
            "avg": 2.710680004787022,
            "min": 0.013,
            "med": 0.042,
            "max": 2049.607,
            "p(90)": 0.711,
            "p(95)": 1.6891999999999825
        },
        "vus_max": {
            "value": 100,
            "min": 100,
            "max": 100
        },
        "http_req_connecting": {
            "min": 0,
            "med": 0,
            "max": 788.665,
            "p(90)": 0,
            "p(95)": 0,
            "avg": 0.10437358573595772
        },
        "checks": {
            "passes": 518114,
            "fails": 0,
            "value": 1
        },
        "http_req_duration{expected_response:true}": {
            "avg": 115.4407139587085,
            "min": 38.363,
            "med": 87.906,
            "max": 5629.685,
            "p(90)": 161.3758,
            "p(95)": 317.79419999999976
        },
        "data_received": {
            "count": 46848966,
            "rate": 155626.12674266202
        },
        "vus": {
            "value": 1,
            "min": 1,
            "max": 100
        },
        "http_req_failed": {
            "passes": 0,
            "fails": 259057,
            "value": 0
        },
        "http_req_tls_handshaking": {
            "med": 0,
            "max": 1845.06,
            "p(90)": 0,
            "p(95)": 0,
            "avg": 0.14777044434236478,
            "min": 0
        },
        "http_req_sending": {
            "p(95)": 0.101,
            "avg": 0.06149702961126338,
            "min": 0.016,
            "med": 0.043,
            "max": 14.704,
            "p(90)": 0.077
        },
        "data_sent": {
            "rate": 32412.502062506926,
            "count": 9757309
        },
        "iteration_duration": {
            "min": 38.741825,
            "med": 88.07372,
            "max": 5629.741316,
            "p(90)": 162.84002619999998,
            "p(95)": 319.06279739999997,
            "avg": 115.84436391339543
        },
        "iterations": {
            "count": 259057,
            "rate": 860.5534114792159
        }
    }
}