{
    "root_group": {
        "name": "",
        "path": "",
        "id": "d41d8cd98f00b204e9800998ecf8427e",
        "groups": {},
        "checks": {
                "is status 200": {
                    "name": "is status 200",
                    "path": "::is status 200",
                    "id": "548d37ca5f33793206f7832e7cea54fb",
                    "passes": 607398,
                    "fails": 0
                }
            }
    },
    "metrics": {
        "http_req_connecting": {
            "p(95)": 0,
            "avg": 0.06678524460073954,
            "min": 0,
            "med": 0,
            "max": 455.86,
            "p(90)": 0
        },
        "checks": {
            "fails": 0,
            "passes": 607398,
            "value": 1
        },
        "data_sent": {
            "rate": 145641.18445522344,
            "count": 43732656
        },
        "http_req_sending": {
            "min": 0.005,
            "med": 0.013,
            "max": 28.441,
            "p(90)": 0.024,
            "p(95)": 0.036,
            "avg": 0.0165013549600255
        },
        "http_req_receiving": {
            "max": 18.042,
            "p(90)": 0.097,
            "p(95)": 0.135,
            "avg": 0.056943177290688984,
            "min": 0.014,
            "med": 0.039
        },
        "data_received": {
            "count": 54085398,
            "rate": 180118.52347710537
        },
        "vus": {
            "min": 100,
            "max": 100,
            "value": 100
        },
        "http_req_waiting": {
            "max": 10508.011,
            "p(90)": 116.718,
            "p(95)": 181.90739999999968,
            "avg": 98.46682381239167,
            "min": 37.347,
            "med": 84.967
        },
        "iteration_duration": {
            "p(95)": 183.53705209999998,
            "avg": 98.78291280502378,
            "min": 37.515955,
            "med": 85.177405,
            "max": 10508.123944,
            "p(90)": 117.05887640000006
        },
        "http_req_duration": {
            "min": 37.402,
            "med": 85.039,
            "max": 10508.139,
            "p(90)": 116.77840000000003,
            "p(95)": 182.02729999999946,
            "avg": 98.54026834464347
        },
        "http_reqs": {
            "count": 303699,
            "rate": 1011.3971142723849
        },
        "http_req_tls_handshaking": {
            "max": 0,
            "p(90)": 0,
            "p(95)": 0,
            "avg": 0,
            "min": 0,
            "med": 0
        },
        "vus_max": {
            "value": 100,
            "min": 100,
            "max": 100
        },
        "http_req_duration{expected_response:true}": {
            "med": 85.039,
            "max": 10508.139,
            "p(90)": 116.77840000000003,
            "p(95)": 182.02729999999946,
            "avg": 98.54026834464347,
            "min": 37.402
        },
        "http_req_blocked": {
            "avg": 0.11028218729673794,
            "min": 0.001,
            "med": 0.003,
            "max": 577.035,
            "p(90)": 0.004,
            "p(95)": 0.005
        },
        "iterations": {
            "count": 303699,
            "rate": 1011.3971142723849
        },
        "http_req_failed": {
            "fails": 303699,
            "passes": 0,
            "value": 0
        }
    }
}