{
    "root_group": {
        "name": "",
        "path": "",
        "id": "d41d8cd98f00b204e9800998ecf8427e",
        "groups": {},
        "checks": {
                "is status 200": {
                    "path": "::is status 200",
                    "id": "548d37ca5f33793206f7832e7cea54fb",
                    "passes": 571762,
                    "fails": 0,
                    "name": "is status 200"
                }
            }
    },
    "metrics": {
        "data_sent": {
            "count": 10749197,
            "rate": 35820.67344497755
        },
        "iterations": {
            "count": 285881,
            "rate": 952.6711572151507
        },
        "http_req_duration": {
            "avg": 104.51403412259045,
            "min": 36.905,
            "med": 83.269,
            "max": 5812.159,
            "p(90)": 130.6,
            "p(95)": 273.47
        },
        "http_req_tls_handshaking": {
            "p(95)": 0,
            "avg": 0.16006734620349033,
            "min": 0,
            "med": 0,
            "max": 1081.965,
            "p(90)": 0
        },
        "iteration_duration": {
            "avg": 104.94205057659173,
            "min": 37.065935,
            "med": 83.427778,
            "max": 5812.2154,
            "p(90)": 131.381091,
            "p(95)": 277.824093
        },
        "http_req_receiving": {
            "avg": 2.1048291351997905,
            "min": 0.012,
            "med": 0.039,
            "max": 2571.863,
            "p(90)": 0.269,
            "p(95)": 1.043
        },
        "http_req_failed": {
            "passes": 0,
            "fails": 285881,
            "value": 0
        },
        "http_req_duration{expected_response:true}": {
            "min": 36.905,
            "med": 83.269,
            "max": 5812.159,
            "p(90)": 130.6,
            "p(95)": 273.47,
            "avg": 104.51403412259045
        },
        "http_req_blocked": {
            "min": 0,
            "med": 0.001,
            "max": 1322.775,
            "p(90)": 0.001,
            "p(95)": 0.001,
            "avg": 0.2872499921289134
        },
        "vus": {
            "value": 100,
            "min": 100,
            "max": 100
        },
        "vus_max": {
            "value": 100,
            "min": 100,
            "max": 100
        },
        "data_received": {
            "count": 51442224,
            "rate": 171426.30348921753
        },
        "http_reqs": {
            "count": 285881,
            "rate": 952.6711572151507
        },
        "http_req_sending": {
            "med": 0.041,
            "max": 15.559,
            "p(90)": 0.069,
            "p(95)": 0.086,
            "avg": 0.0514326310597964,
            "min": 0.016
        },
        "checks": {
            "passes": 571762,
            "fails": 0,
            "value": 1
        },
        "http_req_connecting": {
            "p(95)": 0,
            "avg": 0.12169937491473728,
            "min": 0,
            "med": 0,
            "max": 1251.929,
            "p(90)": 0
        },
        "http_req_waiting": {
            "avg": 102.35777235632818,
            "min": 36.633,
            "med": 83.004,
            "max": 5812.06,
            "p(90)": 126.906,
            "p(95)": 237.106
        }
    }
}