{
    "root_group": {
        "name": "",
        "path": "",
        "id": "d41d8cd98f00b204e9800998ecf8427e",
        "groups": {},
        "checks": {
                "is status 200": {
                    "name": "is status 200",
                    "path": "::is status 200",
                    "id": "548d37ca5f33793206f7832e7cea54fb",
                    "passes": 510326,
                    "fails": 0
                }
            }
    },
    "metrics": {
        "data_received": {
            "count": 61897709,
            "rate": 205202.5193092109
        },
        "http_req_tls_handshaking": {
            "avg": 0.1475295830508341,
            "min": 0,
            "med": 0,
            "max": 1261.245,
            "p(90)": 0,
            "p(95)": 0
        },
        "vus": {
            "min": 2,
            "max": 100,
            "value": 2
        },
        "http_req_sending": {
            "med": 0.043,
            "max": 16.113,
            "p(90)": 0.075,
            "p(95)": 0.095,
            "avg": 0.05556351822169915,
            "min": 0.019
        },
        "http_req_blocked": {
            "avg": 0.2875127349965361,
            "min": 0,
            "med": 0.001,
            "max": 1533.842,
            "p(90)": 0.001,
            "p(95)": 0.001
        },
        "http_req_duration": {
            "min": 38.417,
            "med": 86.95,
            "max": 9181.213,
            "p(90)": 162.75920000000042,
            "p(95)": 333.7405999999999,
            "avg": 117.16079348102967
        },
        "iteration_duration": {
            "max": 9181.342694,
            "p(90)": 164.71618940000008,
            "p(95)": 334.5893795999999,
            "avg": 117.59820070757495,
            "min": 38.560426,
            "med": 87.120507
        },
        "http_req_waiting": {
            "avg": 113.27064419214123,
            "min": 38.31,
            "med": 86.52,
            "max": 9180.878,
            "p(90)": 147.19920000000005,
            "p(95)": 317.9783999999999
        },
        "http_req_connecting": {
            "avg": 0.11025444519777558,
            "min": 0,
            "med": 0,
            "max": 555.865,
            "p(90)": 0,
            "p(95)": 0
        },
        "http_req_failed": {
            "passes": 0,
            "fails": 255163,
            "value": 0
        },
        "http_reqs": {
            "count": 255163,
            "rate": 845.9132216750734
        },
        "http_req_duration{expected_response:true}": {
            "med": 86.95,
            "max": 9181.213,
            "p(90)": 162.75920000000042,
            "p(95)": 333.7405999999999,
            "avg": 117.16079348102967,
            "min": 38.417
        },
        "vus_max": {
            "value": 100,
            "min": 100,
            "max": 100
        },
        "http_req_receiving": {
            "min": 0.014,
            "med": 0.043,
            "max": 6221.459,
            "p(90)": 0.475,
            "p(95)": 1.4,
            "avg": 3.834585770664692
        },
        "data_sent": {
            "count": 9617131,
            "rate": 31882.593743925336
        },
        "checks": {
            "fails": 0,
            "passes": 510326,
            "value": 1
        },
        "iterations": {
            "count": 255163,
            "rate": 845.9132216750734
        }
    }
}