{
    "metrics": {
        "http_req_failed": {
            "passes": 0,
            "fails": 262803,
            "value": 0
        },
        "checks": {
            "fails": 0,
            "passes": 525606,
            "value": 1
        },
        "data_received": {
            "count": 47519473,
            "rate": 158346.13320435712
        },
        "data_sent": {
            "rate": 32973.518744716304,
            "count": 9895311
        },
        "vus": {
            "min": 100,
            "max": 100,
            "value": 100
        },
        "http_req_blocked": {
            "max": 794.32,
            "p(90)": 0.001,
            "p(95)": 0.001,
            "avg": 0.22568856519784503,
            "min": 0,
            "med": 0.001
        },
        "http_req_sending": {
            "avg": 0.06369354992144799,
            "min": 0.016,
            "med": 0.044,
            "max": 42.756,
            "p(90)": 0.079,
            "p(95)": 0.104
        },
        "http_reqs": {
            "count": 262803,
            "rate": 875.7218087099717
        },
        "http_req_duration{expected_response:true}": {
            "p(90)": 159.3428,
            "p(95)": 318.9078,
            "avg": 113.77976035661824,
            "min": 37.558,
            "med": 85.06,
            "max": 7727.652
        },
        "iterations": {
            "count": 262803,
            "rate": 875.7218087099717
        },
        "vus_max": {
            "value": 100,
            "min": 100,
            "max": 100
        },
        "http_req_duration": {
            "avg": 113.77976035661824,
            "min": 37.558,
            "med": 85.06,
            "max": 7727.652,
            "p(90)": 159.3428,
            "p(95)": 318.9078
        },
        "http_req_waiting": {
            "p(90)": 152.71360000000004,
            "p(95)": 302.1746,
            "avg": 111.39489644334394,
            "min": 37.239,
            "med": 84.724,
            "max": 7727.47
        },
        "http_req_tls_handshaking": {
            "med": 0,
            "max": 651.598,
            "p(90)": 0,
            "p(95)": 0,
            "avg": 0.1254383245244537,
            "min": 0
        },
        "http_req_receiving": {
            "avg": 2.321170363352266,
            "min": 0.011,
            "med": 0.041,
            "max": 2073.087,
            "p(90)": 0.3,
            "p(95)": 1.048
        },
        "http_req_connecting": {
            "min": 0,
            "med": 0,
            "max": 379.901,
            "p(90)": 0,
            "p(95)": 0,
            "avg": 0.09544029558262274
        },
        "iteration_duration": {
            "max": 7727.802995,
            "p(90)": 160.9390228,
            "p(95)": 320.1551735,
            "avg": 114.15771499847358,
            "min": 37.721391,
            "med": 85.228085
        }
    },
    "root_group": {
        "name": "",
        "path": "",
        "id": "d41d8cd98f00b204e9800998ecf8427e",
        "groups": {},
        "checks": {
                "is status 200": {
                    "id": "548d37ca5f33793206f7832e7cea54fb",
                    "passes": 525606,
                    "fails": 0,
                    "name": "is status 200",
                    "path": "::is status 200"
                }
            }
    }
}