{
    "root_group": {
        "name": "",
        "path": "",
        "id": "d41d8cd98f00b204e9800998ecf8427e",
        "groups": {},
        "checks": {
                "is status 200": {
                    "passes": 493410,
                    "fails": 0,
                    "name": "is status 200",
                    "path": "::is status 200",
                    "id": "548d37ca5f33793206f7832e7cea54fb"
                }
            }
    },
    "metrics": {
        "http_req_sending": {
            "p(95)": 0.105,
            "avg": 0.06550935327620319,
            "min": 0.016,
            "med": 0.044,
            "max": 20.913,
            "p(90)": 0.08
        },
        "http_req_connecting": {
            "avg": 0.11178055977787242,
            "min": 0,
            "med": 0,
            "max": 1105.355,
            "p(90)": 0,
            "p(95)": 0
        },
        "http_req_duration{expected_response:true}": {
            "p(90)": 173.59480000000005,
            "p(95)": 335.32739999999995,
            "avg": 121.13756606067736,
            "min": 39.371,
            "med": 89.414,
            "max": 10075.739
        },
        "iterations": {
            "count": 246705,
            "rate": 821.2402689744051
        },
        "vus_max": {
            "value": 100,
            "min": 100,
            "max": 100
        },
        "http_reqs": {
            "count": 246705,
            "rate": 821.2402689744051
        },
        "http_req_tls_handshaking": {
            "max": 3737.399,
            "p(90)": 0,
            "p(95)": 0,
            "avg": 0.1839102409760646,
            "min": 0,
            "med": 0
        },
        "iteration_duration": {
            "p(95)": 336.6695864,
            "avg": 121.61431225283492,
            "min": 39.499159,
            "med": 89.593466,
            "max": 10075.757922,
            "p(90)": 175.50420780000002
        },
        "checks": {
            "passes": 493410,
            "fails": 0,
            "value": 1
        },
        "vus": {
            "max": 100,
            "value": 100,
            "min": 100
        },
        "http_req_blocked": {
            "max": 3898.294,
            "p(90)": 0.001,
            "p(95)": 0.001,
            "avg": 0.32161837417125994,
            "min": 0,
            "med": 0.001
        },
        "http_req_waiting": {
            "min": 38.435,
            "med": 89.041,
            "max": 10075.634,
            "p(90)": 163.49980000000002,
            "p(95)": 318.875,
            "avg": 118.45732531971306
        },
        "http_req_duration": {
            "max": 10075.739,
            "p(90)": 173.59480000000005,
            "p(95)": 335.32739999999995,
            "avg": 121.13756606067736,
            "min": 39.371,
            "med": 89.414
        },
        "data_sent": {
            "rate": 30972.097817180944,
            "count": 9304185
        },
        "data_received": {
            "count": 59939029,
            "rate": 199527.14496270716
        },
        "http_req_receiving": {
            "min": 0.014,
            "med": 0.044,
            "max": 2019.109,
            "p(90)": 0.5,
            "p(95)": 1.335,
            "avg": 2.614731387690071
        },
        "http_req_failed": {
            "passes": 0,
            "fails": 246705,
            "value": 0
        }
    }
}