{
    "root_group": {
        "name": "",
        "path": "",
        "id": "d41d8cd98f00b204e9800998ecf8427e",
        "groups": {},
        "checks": {
                "is status 200": {
                    "name": "is status 200",
                    "path": "::is status 200",
                    "id": "548d37ca5f33793206f7832e7cea54fb",
                    "passes": 552016,
                    "fails": 0
                }
            }
    },
    "metrics": {
        "http_req_connecting": {
            "med": 0,
            "max": 454.183,
            "p(90)": 0,
            "p(95)": 0,
            "avg": 0.12297821802266606,
            "min": 0
        },
        "vus": {
            "value": 100,
            "min": 100,
            "max": 100
        },
        "http_req_duration{expected_response:true}": {
            "avg": 108.27354295889718,
            "min": 40.299,
            "med": 88.1995,
            "max": 12347.941,
            "p(90)": 133.08360000000005,
            "p(95)": 253.41804999999943
        },
        "data_sent": {
            "count": 10384496,
            "rate": 34604.20699479836
        },
        "http_req_receiving": {
            "avg": 2.220780259992829,
            "min": 0.014,
            "med": 0.041,
            "max": 1298.927,
            "p(90)": 0.62,
            "p(95)": 1.657
        },
        "checks": {
            "passes": 552016,
            "fails": 0,
            "value": 1
        },
        "http_req_duration": {
            "p(95)": 253.41804999999943,
            "avg": 108.27354295889718,
            "min": 40.299,
            "med": 88.1995,
            "max": 12347.941,
            "p(90)": 133.08360000000005
        },
        "http_req_waiting": {
            "avg": 105.99861689516126,
            "min": 40.236,
            "med": 87.86,
            "max": 12347.874,
            "p(90)": 130.0453,
            "p(95)": 222.7650999999995
        },
        "iteration_duration": {
            "avg": 108.69849243586978,
            "min": 40.460813,
            "med": 88.3595765,
            "max": 12347.907126,
            "p(90)": 133.8091797,
            "p(95)": 259.0107724499994
        },
        "vus_max": {
            "min": 100,
            "max": 100,
            "value": 100
        },
        "http_req_failed": {
            "passes": 0,
            "fails": 276008,
            "value": 0
        },
        "http_reqs": {
            "count": 276008,
            "rate": 919.7401553450745
        },
        "http_req_blocked": {
            "avg": 0.2781031709218229,
            "min": 0,
            "med": 0.001,
            "max": 1131.619,
            "p(90)": 0.001,
            "p(95)": 0.001
        },
        "iterations": {
            "count": 276008,
            "rate": 919.7401553450745
        },
        "data_received": {
            "count": 49883025,
            "rate": 166224.96870591518
        },
        "http_req_sending": {
            "avg": 0.05414580374483141,
            "min": 0.019,
            "med": 0.043,
            "max": 13.825,
            "p(90)": 0.073,
            "p(95)": 0.092
        },
        "http_req_tls_handshaking": {
            "avg": 0.13855782803397,
            "min": 0,
            "med": 0,
            "max": 913.699,
            "p(90)": 0,
            "p(95)": 0
        }
    }
}