{
    "root_group": {
        "name": "",
        "path": "",
        "id": "d41d8cd98f00b204e9800998ecf8427e",
        "groups": {},
        "checks": {
                "is status 200": {
                    "name": "is status 200",
                    "path": "::is status 200",
                    "id": "548d37ca5f33793206f7832e7cea54fb",
                    "passes": 542820,
                    "fails": 0
                }
            }
    },
    "metrics": {
        "vus": {
            "min": 100,
            "max": 100,
            "value": 100
        },
        "http_req_duration": {
            "p(95)": 279.7422999999997,
            "avg": 110.17955469216498,
            "min": 40.107,
            "med": 87.935,
            "max": 6083.117,
            "p(90)": 140.336
        },
        "http_req_waiting": {
            "min": 39.587,
            "med": 87.572,
            "max": 6083.053,
            "p(90)": 135.5602,
            "p(95)": 242.73389999999978,
            "avg": 107.61207817692681
        },
        "http_reqs": {
            "rate": 903.5394728185241,
            "count": 271410
        },
        "http_req_blocked": {
            "p(95)": 0.001,
            "avg": 0.2320381341870231,
            "min": 0,
            "med": 0.001,
            "max": 1949.303,
            "p(90)": 0.001
        },
        "data_received": {
            "count": 48874802,
            "rate": 162707.02197114972
        },
        "checks": {
            "passes": 542820,
            "fails": 0,
            "value": 1
        },
        "data_sent": {
            "count": 10214370,
            "rate": 34004.22418102998
        },
        "vus_max": {
            "max": 100,
            "value": 100,
            "min": 100
        },
        "http_req_duration{expected_response:true}": {
            "max": 6083.117,
            "p(90)": 140.336,
            "p(95)": 279.7422999999997,
            "avg": 110.17955469216498,
            "min": 40.107,
            "med": 87.935
        },
        "http_req_connecting": {
            "avg": 0.09324536678825394,
            "min": 0,
            "med": 0,
            "max": 1802.698,
            "p(90)": 0,
            "p(95)": 0
        },
        "http_req_sending": {
            "avg": 0.05067929700454788,
            "min": 0.015,
            "med": 0.041,
            "max": 15.607,
            "p(90)": 0.069,
            "p(95)": 0.087
        },
        "http_req_receiving": {
            "avg": 2.5167972182308955,
            "min": 0.012,
            "med": 0.04,
            "max": 2477.464,
            "p(90)": 0.697,
            "p(95)": 1.677
        },
        "iteration_duration": {
            "avg": 110.55215515891736,
            "min": 40.220056,
            "med": 88.094758,
            "max": 6083.159886,
            "p(90)": 141.4871353,
            "p(95)": 282.00015614999984
        },
        "http_req_tls_handshaking": {
            "avg": 0.13585213883055164,
            "min": 0,
            "med": 0,
            "max": 649.937,
            "p(90)": 0,
            "p(95)": 0
        },
        "http_req_failed": {
            "passes": 0,
            "fails": 271410,
            "value": 0
        },
        "iterations": {
            "count": 271410,
            "rate": 903.5394728185241
        }
    }
}