{
    "root_group": {
        "name": "",
        "path": "",
        "id": "d41d8cd98f00b204e9800998ecf8427e",
        "groups": {},
        "checks": {
                "is status 200": {
                    "path": "::is status 200",
                    "id": "548d37ca5f33793206f7832e7cea54fb",
                    "passes": 564158,
                    "fails": 0,
                    "name": "is status 200"
                }
            }
    },
    "metrics": {
        "checks": {
            "passes": 564158,
            "fails": 0,
            "value": 1
        },
        "http_req_duration": {
            "p(90)": 130.84480000000005,
            "p(95)": 236.3741999999981,
            "avg": 105.89834135827144,
            "min": 39.679,
            "med": 86.588,
            "max": 4661.203
        },
        "http_req_waiting": {
            "max": 4661.126,
            "p(90)": 127.751,
            "p(95)": 208.7446999999996,
            "avg": 103.95451037830051,
            "min": 37.974,
            "med": 86.289
        },
        "iteration_duration": {
            "max": 4661.253929,
            "p(90)": 131.62014340000002,
            "p(95)": 242.05546019999912,
            "avg": 106.36827843356348,
            "min": 39.836531,
            "med": 86.738691
        },
        "vus": {
            "value": 100,
            "min": 100,
            "max": 100
        },
        "http_req_blocked": {
            "med": 0.001,
            "max": 1304.212,
            "p(90)": 0.001,
            "p(95)": 0.001,
            "avg": 0.32319155626683976,
            "min": 0
        },
        "http_req_tls_handshaking": {
            "avg": 0.15727649700970286,
            "min": 0,
            "med": 0,
            "max": 1017.964,
            "p(90)": 0,
            "p(95)": 0
        },
        "iterations": {
            "count": 282079,
            "rate": 939.4429585068641
        },
        "http_req_failed": {
            "passes": 0,
            "fails": 282079,
            "value": 0
        },
        "data_sent": {
            "count": 10613023,
            "rate": 35345.8773103329
        },
        "http_reqs": {
            "count": 282079,
            "rate": 939.4429585068641
        },
        "http_req_receiving": {
            "min": 0.014,
            "med": 0.042,
            "max": 2018.634,
            "p(90)": 0.431,
            "p(95)": 1.26,
            "avg": 1.8905438866420203
        },
        "http_req_duration{expected_response:true}": {
            "avg": 105.89834135827144,
            "min": 39.679,
            "med": 86.588,
            "max": 4661.203,
            "p(90)": 130.84480000000005,
            "p(95)": 236.3741999999981
        },
        "data_received": {
            "count": 68461310,
            "rate": 228005.2595537263
        },
        "http_req_connecting": {
            "p(90)": 0,
            "p(95)": 0,
            "avg": 0.12878340110394598,
            "min": 0,
            "med": 0,
            "max": 316.675
        },
        "vus_max": {
            "value": 100,
            "min": 100,
            "max": 100
        },
        "http_req_sending": {
            "p(90)": 0.072,
            "p(95)": 0.09,
            "avg": 0.05328709333202373,
            "min": 0.018,
            "med": 0.043,
            "max": 13.406
        }
    }
}