{
    "root_group": {
        "groups": {},
        "checks": {
                "is status 200": {
                    "name": "is status 200",
                    "path": "::is status 200",
                    "id": "548d37ca5f33793206f7832e7cea54fb",
                    "passes": 554832,
                    "fails": 0
                }
            },
        "name": "",
        "path": "",
        "id": "d41d8cd98f00b204e9800998ecf8427e"
    },
    "metrics": {
        "http_req_duration{expected_response:true}": {
            "avg": 107.71264937854862,
            "min": 38.562,
            "med": 86.267,
            "max": 10586.672,
            "p(90)": 135.178,
            "p(95)": 272.949
        },
        "checks": {
            "passes": 554832,
            "fails": 0,
            "value": 1
        },
        "data_received": {
            "count": 67135615,
            "rate": 223699.0824643094
        },
        "vus": {
            "value": 100,
            "min": 100,
            "max": 100
        },
        "iterations": {
            "count": 277416,
            "rate": 924.3633898478305
        },
        "http_req_blocked": {
            "p(95)": 0.001,
            "avg": 0.2924743886430168,
            "min": 0,
            "med": 0.001,
            "max": 974.116,
            "p(90)": 0.001
        },
        "http_req_tls_handshaking": {
            "avg": 0.11994697854485672,
            "min": 0,
            "med": 0,
            "max": 665.896,
            "p(90)": 0,
            "p(95)": 0
        },
        "http_req_receiving": {
            "avg": 2.2205518283014953,
            "min": 0.013,
            "med": 0.041,
            "max": 2082.825,
            "p(90)": 0.461,
            "p(95)": 1.31
        },
        "http_req_waiting": {
            "avg": 105.441445302362,
            "min": 36.929,
            "med": 85.9785,
            "max": 10586.575,
            "p(90)": 131.6275,
            "p(95)": 237.638
        },
        "data_sent": {
            "count": 10440492,
            "rate": 34788.21905297155
        },
        "iteration_duration": {
            "avg": 108.14662873138208,
            "min": 38.685737,
            "med": 86.4218585,
            "max": 10586.674398,
            "p(90)": 136.04844400000002,
            "p(95)": 277.733916
        },
        "vus_max": {
            "value": 100,
            "min": 100,
            "max": 100
        },
        "http_reqs": {
            "count": 277416,
            "rate": 924.3633898478305
        },
        "http_req_duration": {
            "min": 38.562,
            "med": 86.267,
            "max": 10586.672,
            "p(90)": 135.178,
            "p(95)": 272.949,
            "avg": 107.71264937854862
        },
        "http_req_connecting": {
            "med": 0,
            "max": 859.822,
            "p(90)": 0,
            "p(95)": 0,
            "avg": 0.1330828971652681,
            "min": 0
        },
        "http_req_failed": {
            "passes": 0,
            "fails": 277416,
            "value": 0
        },
        "http_req_sending": {
            "avg": 0.050652247887663544,
            "min": 0.015,
            "med": 0.041,
            "max": 8.115,
            "p(90)": 0.069,
            "p(95)": 0.087
        }
    }
}