{
    "root_group": {
        "id": "d41d8cd98f00b204e9800998ecf8427e",
        "groups": {},
        "checks": {
                "is status 200": {
                    "passes": 564014,
                    "fails": 0,
                    "name": "is status 200",
                    "path": "::is status 200",
                    "id": "548d37ca5f33793206f7832e7cea54fb"
                }
            },
        "name": "",
        "path": ""
    },
    "metrics": {
        "http_req_waiting": {
            "p(90)": 130.0074,
            "p(95)": 249.40410000000003,
            "avg": 106.05778341672512,
            "min": 38.142,
            "med": 86.672,
            "max": 3921.974
        },
        "data_sent": {
            "rate": 135311.974375651,
            "count": 40609008
        },
        "data_received": {
            "count": 50223042,
            "rate": 167346.5890171768
        },
        "vus": {
            "value": 100,
            "min": 100,
            "max": 100
        },
        "http_reqs": {
            "count": 282007,
            "rate": 939.6664887197987
        },
        "http_req_sending": {
            "max": 11.849,
            "p(90)": 0.025,
            "p(95)": 0.038,
            "avg": 0.017598790100967664,
            "min": 0.005,
            "med": 0.014
        },
        "http_req_duration": {
            "min": 38.262,
            "med": 86.753,
            "max": 3922.079,
            "p(90)": 130.078,
            "p(95)": 249.47140000000002,
            "avg": 106.13617096384205
        },
        "http_req_connecting": {
            "avg": 0.06391988142138315,
            "min": 0,
            "med": 0,
            "max": 592.941,
            "p(90)": 0,
            "p(95)": 0
        },
        "vus_max": {
            "value": 100,
            "min": 100,
            "max": 100
        },
        "iteration_duration": {
            "avg": 106.38751042915207,
            "min": 38.397724,
            "med": 86.891304,
            "max": 3922.194304,
            "p(90)": 130.307388,
            "p(95)": 253.55807830000015
        },
        "iterations": {
            "count": 282007,
            "rate": 939.6664887197987
        },
        "http_req_blocked": {
            "med": 0.003,
            "max": 709.26,
            "p(90)": 0.004,
            "p(95)": 0.005,
            "avg": 0.1090701010973833,
            "min": 0.001
        },
        "http_req_duration{expected_response:true}": {
            "avg": 106.13617096384205,
            "min": 38.262,
            "med": 86.753,
            "max": 3922.079,
            "p(90)": 130.078,
            "p(95)": 249.47140000000002
        },
        "checks": {
            "passes": 564014,
            "fails": 0,
            "value": 1
        },
        "http_req_failed": {
            "passes": 0,
            "fails": 282007,
            "value": 0
        },
        "http_req_receiving": {
            "max": 9.238,
            "p(90)": 0.103,
            "p(95)": 0.145,
            "avg": 0.060788757016687366,
            "min": 0.014,
            "med": 0.041
        },
        "http_req_tls_handshaking": {
            "avg": 0,
            "min": 0,
            "med": 0,
            "max": 0,
            "p(90)": 0,
            "p(95)": 0
        }
    }
}