{
    "metrics": {
        "http_req_blocked": {
            "avg": 0.2144081785860413,
            "min": 0,
            "med": 0.001,
            "max": 1444.908,
            "p(90)": 0.001,
            "p(95)": 0.001
        },
        "data_received": {
            "count": 52305583,
            "rate": 174184.91915620363
        },
        "vus": {
            "min": 100,
            "max": 100,
            "value": 100
        },
        "http_req_sending": {
            "avg": 0.04912691136766057,
            "min": 0.018,
            "med": 0.04,
            "max": 17.99,
            "p(90)": 0.067,
            "p(95)": 0.084
        },
        "http_req_tls_handshaking": {
            "min": 0,
            "med": 0,
            "max": 1365.028,
            "p(90)": 0,
            "p(95)": 0,
            "avg": 0.1274307774961428
        },
        "http_req_failed": {
            "passes": 0,
            "fails": 290368,
            "value": 0
        },
        "vus_max": {
            "value": 100,
            "min": 100,
            "max": 100
        },
        "iterations": {
            "count": 290368,
            "rate": 966.966119191302
        },
        "http_req_duration{expected_response:true}": {
            "p(95)": 198.0619499999992,
            "avg": 102.96169311700982,
            "min": 38.876,
            "med": 87.2185,
            "max": 7387.902,
            "p(90)": 120.87530000000002
        },
        "data_sent": {
            "count": 10916398,
            "rate": 36353.13467602384
        },
        "iteration_duration": {
            "avg": 103.31460838939063,
            "min": 39.041038,
            "med": 87.37005450000001,
            "max": 7387.977867,
            "p(90)": 121.3686683,
            "p(95)": 202.9429723499994
        },
        "http_req_waiting": {
            "min": 38.55,
            "med": 86.896,
            "max": 7387.832,
            "p(90)": 118.89260000000003,
            "p(95)": 183.09165,
            "avg": 101.02498919302435
        },
        "checks": {
            "passes": 580736,
            "fails": 0,
            "value": 1
        },
        "http_req_connecting": {
            "p(95)": 0,
            "avg": 0.08513527317059728,
            "min": 0,
            "med": 0,
            "max": 266.136,
            "p(90)": 0
        },
        "http_reqs": {
            "rate": 966.966119191302,
            "count": 290368
        },
        "http_req_duration": {
            "avg": 102.96169311700982,
            "min": 38.876,
            "med": 87.2185,
            "max": 7387.902,
            "p(90)": 120.87530000000002,
            "p(95)": 198.0619499999992
        },
        "http_req_receiving": {
            "max": 2059.103,
            "p(90)": 0.657,
            "p(95)": 1.577,
            "avg": 1.8875770126186313,
            "min": 0.012,
            "med": 0.039
        }
    },
    "root_group": {
        "name": "",
        "path": "",
        "id": "d41d8cd98f00b204e9800998ecf8427e",
        "groups": {},
        "checks": {
                "is status 200": {
                    "passes": 580736,
                    "fails": 0,
                    "name": "is status 200",
                    "path": "::is status 200",
                    "id": "548d37ca5f33793206f7832e7cea54fb"
                }
            }
    }
}