{
    "metrics": {
        "http_req_sending": {
            "min": 0.015,
            "med": 0.039,
            "max": 16.473,
            "p(90)": 0.066,
            "p(95)": 0.082,
            "avg": 0.047841838250720053
        },
        "vus_max": {
            "value": 100,
            "min": 100,
            "max": 100
        },
        "http_reqs": {
            "count": 319717,
            "rate": 1065.5100253296623
        },
        "data_sent": {
            "count": 12059129,
            "rate": 40189.05108656614
        },
        "http_req_duration{expected_response:true}": {
            "avg": 93.4477427224691,
            "min": 37.237,
            "med": 81.541,
            "max": 9268.464,
            "p(90)": 109.78380000000004,
            "p(95)": 171.595200000001
        },
        "http_req_tls_handshaking": {
            "min": 0,
            "med": 0,
            "max": 1247.142,
            "p(90)": 0,
            "p(95)": 0,
            "avg": 0.13486426746153632
        },
        "http_req_waiting": {
            "p(90)": 108.68240000000003,
            "p(95)": 160.83260000000007,
            "avg": 92.0055312385632,
            "min": 36.337,
            "med": 81.309,
            "max": 9268.391
        },
        "http_req_receiving": {
            "p(90)": 0.237,
            "p(95)": 0.922,
            "avg": 1.3943696456553658,
            "min": 0.012,
            "med": 0.038,
            "max": 4377.473
        },
        "http_req_connecting": {
            "med": 0,
            "max": 650.877,
            "p(90)": 0,
            "p(95)": 0,
            "avg": 0.10676790411520189,
            "min": 0
        },
        "http_req_blocked": {
            "avg": 0.2510560214191018,
            "min": 0,
            "med": 0.001,
            "max": 1325.354,
            "p(90)": 0.001,
            "p(95)": 0.001
        },
        "http_req_failed": {
            "passes": 0,
            "fails": 319717,
            "value": 0
        },
        "checks": {
            "passes": 639434,
            "fails": 0,
            "value": 1
        },
        "vus": {
            "value": 100,
            "min": 100,
            "max": 100
        },
        "http_req_duration": {
            "avg": 93.4477427224691,
            "min": 37.237,
            "med": 81.541,
            "max": 9268.464,
            "p(90)": 109.78380000000004,
            "p(95)": 171.595200000001
        },
        "iteration_duration": {
            "avg": 93.83311309422892,
            "min": 37.34352,
            "med": 81.703554,
            "max": 9268.456054,
            "p(90)": 110.31499000000005,
            "p(95)": 175.73411300000006
        },
        "iterations": {
            "rate": 1065.5100253296623,
            "count": 319717
        },
        "data_received": {
            "count": 57711599,
            "rate": 192333.49278363466
        }
    },
    "root_group": {
        "checks": {
            "is status 200": {
                "passes": 639434,
                "fails": 0,
                "name": "is status 200",
                "path": "::is status 200",
                "id": "548d37ca5f33793206f7832e7cea54fb"
            }
        },
        "name": "",
        "path": "",
        "id": "d41d8cd98f00b204e9800998ecf8427e",
        "groups": {}
    }
}