{
    "root_group": {
        "name": "",
        "path": "",
        "id": "d41d8cd98f00b204e9800998ecf8427e",
        "groups": {},
        "checks": {
                "is status 200": {
                    "id": "548d37ca5f33793206f7832e7cea54fb",
                    "passes": 306592,
                    "fails": 306592,
                    "name": "is status 200",
                    "path": "::is status 200"
                }
            }
    },
    "metrics": {
        "http_req_blocked": {
            "p(95)": 0.001,
            "avg": 0.22668699117940566,
            "min": 0,
            "med": 0.001,
            "max": 728.28,
            "p(90)": 0.001
        },
        "http_req_connecting": {
            "med": 0,
            "max": 239.337,
            "p(90)": 0,
            "p(95)": 0,
            "avg": 0.08950005218661934,
            "min": 0
        },
        "http_req_failed": {
            "fails": 306592,
            "passes": 0,
            "value": 0
        },
        "http_req_waiting": {
            "avg": 96.04179049029337,
            "min": 39.72,
            "med": 86.4575,
            "max": 3862.122,
            "p(90)": 117.34090000000002,
            "p(95)": 159.14725000000007
        },
        "checks": {
            "passes": 306592,
            "fails": 306592,
            "value": 0.5
        },
        "iterations": {
            "rate": 1021.8127895138874,
            "count": 306592
        },
        "data_sent": {
            "count": 11580505,
            "rate": 38595.619318278106
        },
        "data_received": {
            "count": 81431273,
            "rate": 271394.9359989723
        },
        "vus": {
            "max": 100,
            "value": 100,
            "min": 100
        },
        "vus_max": {
            "value": 100,
            "min": 100,
            "max": 100
        },
        "iteration_duration": {
            "p(90)": 119.04367160000001,
            "p(95)": 169.89624920000023,
            "avg": 97.84630399551146,
            "min": 39.974209,
            "med": 86.87648200000001,
            "max": 8607.052344
        },
        "http_req_duration": {
            "med": 86.711,
            "max": 8606.997,
            "p(90)": 118.467,
            "p(95)": 167.05580000000026,
            "avg": 97.48479400310521,
            "min": 39.873
        },
        "http_req_tls_handshaking": {
            "max": 659.02,
            "p(90)": 0,
            "p(95)": 0,
            "avg": 0.13419144008976105,
            "min": 0,
            "med": 0
        },
        "http_req_receiving": {
            "max": 8551.534,
            "p(90)": 0.276,
            "p(95)": 1.099,
            "avg": 1.3954750971977365,
            "min": 0.012,
            "med": 0.039
        },
        "http_reqs": {
            "count": 306592,
            "rate": 1021.8127895138874
        },
        "http_req_sending": {
            "p(90)": 0.066,
            "p(95)": 0.082,
            "avg": 0.04752841561425347,
            "min": 0.015,
            "med": 0.04,
            "max": 14.334
        },
        "http_req_duration{expected_response:true}": {
            "avg": 97.48479400310521,
            "min": 39.873,
            "med": 86.711,
            "max": 8606.997,
            "p(90)": 118.467,
            "p(95)": 167.05580000000026
        }
    }
}