{
    "root_group": {
        "name": "",
        "path": "",
        "id": "d41d8cd98f00b204e9800998ecf8427e",
        "groups": {},
        "checks": {
                "is status 200": {
                    "name": "is status 200",
                    "path": "::is status 200",
                    "id": "548d37ca5f33793206f7832e7cea54fb",
                    "passes": 265511,
                    "fails": 265511
                }
            }
    },
    "metrics": {
        "iterations": {
            "count": 265511,
            "rate": 884.7840490235499
        },
        "http_req_sending": {
            "med": 0.041,
            "max": 20.19,
            "p(90)": 0.069,
            "p(95)": 0.087,
            "avg": 0.050908613955742824,
            "min": 0.018
        },
        "data_sent": {
            "count": 10001207,
            "rate": 33327.84112365465
        },
        "data_received": {
            "count": 70383027,
            "rate": 234543.12481062493
        },
        "http_req_tls_handshaking": {
            "avg": 0.17214187359469088,
            "min": 0,
            "med": 0,
            "max": 4302.529,
            "p(90)": 0,
            "p(95)": 0
        },
        "http_reqs": {
            "count": 265511,
            "rate": 884.7840490235499
        },
        "http_req_receiving": {
            "max": 3785.248,
            "p(90)": 0.285,
            "p(95)": 1.2,
            "avg": 2.231987962834177,
            "min": 0.014,
            "med": 0.041
        },
        "vus": {
            "value": 100,
            "min": 100,
            "max": 100
        },
        "http_req_connecting": {
            "med": 0,
            "max": 980.349,
            "p(90)": 0,
            "p(95)": 0,
            "avg": 0.11935106266783671,
            "min": 0
        },
        "vus_max": {
            "value": 100,
            "min": 100,
            "max": 100
        },
        "http_req_failed": {
            "passes": 0,
            "fails": 265511,
            "value": 0
        },
        "http_req_blocked": {
            "p(95)": 0.001,
            "avg": 0.29250114307869224,
            "min": 0,
            "med": 0.001,
            "max": 4340.266,
            "p(90)": 0.001
        },
        "http_req_waiting": {
            "p(90)": 135.337,
            "p(95)": 226.81150000000002,
            "avg": 110.2737881632021,
            "min": 41.527,
            "med": 90.977,
            "max": 12596.29
        },
        "iteration_duration": {
            "med": 91.428553,
            "max": 12596.338044,
            "p(90)": 139.942091,
            "p(95)": 268.880829,
            "avg": 112.99109105596683,
            "min": 41.872825
        },
        "checks": {
            "passes": 265511,
            "fails": 265511,
            "value": 0.5
        },
        "http_req_duration{expected_response:true}": {
            "p(95)": 263.7685,
            "avg": 112.55668473999158,
            "min": 41.78,
            "med": 91.262,
            "max": 12596.363,
            "p(90)": 139.138
        },
        "http_req_duration": {
            "avg": 112.55668473999158,
            "min": 41.78,
            "med": 91.262,
            "max": 12596.363,
            "p(90)": 139.138,
            "p(95)": 263.7685
        }
    }
}