{
    "root_group": {
        "name": "",
        "path": "",
        "id": "d41d8cd98f00b204e9800998ecf8427e",
        "groups": {},
        "checks": {
                "is status 200": {
                    "id": "548d37ca5f33793206f7832e7cea54fb",
                    "passes": 268300,
                    "fails": 268300,
                    "name": "is status 200",
                    "path": "::is status 200"
                }
            }
    },
    "metrics": {
        "http_req_duration": {
            "max": 6882.003,
            "p(90)": 137.92510000000001,
            "p(95)": 247.40219999999925,
            "avg": 111.45163579575154,
            "min": 41.817,
            "med": 91.503
        },
        "http_req_receiving": {
            "med": 0.042,
            "max": 2146.026,
            "p(90)": 0.28,
            "p(95)": 1.145,
            "avg": 1.8878366008203837,
            "min": 0.014
        },
        "checks": {
            "passes": 268300,
            "fails": 268300,
            "value": 0.5
        },
        "vus": {
            "value": 100,
            "min": 100,
            "max": 100
        },
        "iteration_duration": {
            "min": 41.98687,
            "med": 91.66034400000001,
            "max": 6882.036258,
            "p(90)": 138.75415790000002,
            "p(95)": 253.62812399999942,
            "avg": 111.84214616959143
        },
        "http_req_failed": {
            "passes": 0,
            "fails": 268300,
            "value": 0
        },
        "http_req_blocked": {
            "p(95)": 0.001,
            "avg": 0.2405051919481472,
            "min": 0,
            "med": 0.001,
            "max": 1402.382,
            "p(90)": 0.001
        },
        "data_received": {
            "count": 71311536,
            "rate": 237363.71107103044
        },
        "http_req_tls_handshaking": {
            "p(90)": 0,
            "p(95)": 0,
            "avg": 0.13924788669399918,
            "min": 0,
            "med": 0,
            "max": 1296.651
        },
        "vus_max": {
            "value": 100,
            "min": 100,
            "max": 100
        },
        "http_req_connecting": {
            "max": 367.926,
            "p(90)": 0,
            "p(95)": 0,
            "avg": 0.0971089638464406,
            "min": 0,
            "med": 0
        },
        "http_req_duration{expected_response:true}": {
            "min": 41.817,
            "med": 91.503,
            "max": 6882.003,
            "p(90)": 137.92510000000001,
            "p(95)": 247.40219999999925,
            "avg": 111.45163579575154
        },
        "http_req_waiting": {
            "p(90)": 135.12870000000004,
            "p(95)": 222.48704999999998,
            "avg": 109.50898552366739,
            "min": 41.712,
            "med": 91.198,
            "max": 6881.917
        },
        "data_sent": {
            "count": 10104400,
            "rate": 33632.95781689684
        },
        "iterations": {
            "count": 268300,
            "rate": 893.0488284582381
        },
        "http_reqs": {
            "count": 268300,
            "rate": 893.0488284582381
        },
        "http_req_sending": {
            "med": 0.043,
            "max": 10.449,
            "p(90)": 0.073,
            "p(95)": 0.093,
            "avg": 0.05481367126352509,
            "min": 0.019
        }
    }
}