{
    "root_group": {
        "checks": {
            "is status 200": {
                "name": "is status 200",
                "path": "::is status 200",
                "id": "548d37ca5f33793206f7832e7cea54fb",
                "passes": 243072,
                "fails": 243072
            }
        },
        "name": "",
        "path": "",
        "id": "d41d8cd98f00b204e9800998ecf8427e",
        "groups": {}
    },
    "metrics": {
        "iterations": {
            "count": 243072,
            "rate": 809.8591637282568
        },
        "vus_max": {
            "min": 100,
            "max": 100,
            "value": 100
        },
        "checks": {
            "passes": 243072,
            "fails": 243072,
            "value": 0.5
        },
        "data_received": {
            "count": 64656679,
            "rate": 215420.96162612864
        },
        "data_sent": {
            "count": 9170964,
            "rate": 30555.511270824896
        },
        "http_req_duration": {
            "avg": 122.4151641159804,
            "min": 41.698,
            "med": 94.356,
            "max": 4727.483,
            "p(90)": 165.82479999999998,
            "p(95)": 326.33044999999964
        },
        "http_req_connecting": {
            "med": 0,
            "max": 1506.285,
            "p(90)": 0,
            "p(95)": 0,
            "avg": 0.3469982844589261,
            "min": 0
        },
        "http_req_tls_handshaking": {
            "max": 3358.218,
            "p(90)": 0,
            "p(95)": 0,
            "avg": 0.4958003760202738,
            "min": 0,
            "med": 0
        },
        "http_req_sending": {
            "med": 0.044,
            "max": 15.148,
            "p(90)": 0.077,
            "p(95)": 0.102,
            "avg": 0.06012068852029345,
            "min": 0.019
        },
        "http_req_failed": {
            "passes": 0,
            "fails": 243072,
            "value": 0
        },
        "http_reqs": {
            "count": 243072,
            "rate": 809.8591637282568
        },
        "http_req_blocked": {
            "avg": 0.8547332230718206,
            "min": 0,
            "med": 0.001,
            "max": 3940.044,
            "p(90)": 0.001,
            "p(95)": 0.001
        },
        "http_req_waiting": {
            "p(90)": 159.38559999999993,
            "p(95)": 303.2501499999999,
            "avg": 119.69174993006389,
            "min": 41.58,
            "med": 93.986,
            "max": 4727.367
        },
        "vus": {
            "max": 100,
            "value": 100,
            "min": 100
        },
        "iteration_duration": {
            "p(90)": 166.96235699999997,
            "p(95)": 327.2395639,
            "avg": 123.42276604614777,
            "min": 41.816098,
            "med": 94.520088,
            "max": 4727.62577
        },
        "http_req_receiving": {
            "p(95)": 1.221,
            "avg": 2.6632934974002898,
            "min": 0.014,
            "med": 0.043,
            "max": 1851.224,
            "p(90)": 0.3128999999999942
        },
        "http_req_duration{expected_response:true}": {
            "min": 41.698,
            "med": 94.356,
            "max": 4727.483,
            "p(90)": 165.82479999999998,
            "p(95)": 326.33044999999964,
            "avg": 122.4151641159804
        }
    }
}