{
    "root_group": {
        "id": "d41d8cd98f00b204e9800998ecf8427e",
        "groups": {},
        "checks": {
                "is status 200": {
                    "id": "548d37ca5f33793206f7832e7cea54fb",
                    "passes": 240834,
                    "fails": 240834,
                    "name": "is status 200",
                    "path": "::is status 200"
                }
            },
        "name": "",
        "path": ""
    },
    "metrics": {
        "data_sent": {
            "count": 9088158,
            "rate": 30281.134454182742
        },
        "http_req_receiving": {
            "min": 0.014,
            "med": 0.043,
            "max": 5482.887,
            "p(90)": 0.317,
            "p(95)": 1.295,
            "avg": 3.7216019374344254
        },
        "http_req_duration{expected_response:true}": {
            "p(95)": 346.92109999999985,
            "avg": 124.13670482988385,
            "min": 41.012,
            "med": 92.223,
            "max": 8017.172,
            "p(90)": 181.0104
        },
        "http_req_duration": {
            "avg": 124.13670482988385,
            "min": 41.012,
            "med": 92.223,
            "max": 8017.172,
            "p(90)": 181.0104,
            "p(95)": 346.92109999999985
        },
        "http_req_tls_handshaking": {
            "avg": 0.18212595812883564,
            "min": 0,
            "med": 0,
            "max": 870.28,
            "p(90)": 0,
            "p(95)": 0
        },
        "vus_max": {
            "value": 100,
            "min": 100,
            "max": 100
        },
        "http_reqs": {
            "count": 240834,
            "rate": 802.442776098154
        },
        "iteration_duration": {
            "max": 8017.208874,
            "p(90)": 183.22438540000007,
            "p(95)": 347.6046197999998,
            "avg": 124.57359577307083,
            "min": 41.149694,
            "med": 92.391985
        },
        "vus": {
            "value": 100,
            "min": 100,
            "max": 100
        },
        "http_req_connecting": {
            "p(95)": 0,
            "avg": 0.10004687461072771,
            "min": 0,
            "med": 0,
            "max": 675.954,
            "p(90)": 0
        },
        "http_req_sending": {
            "p(95)": 0.095,
            "avg": 0.055537635881988685,
            "min": 0.019,
            "med": 0.044,
            "max": 9.566,
            "p(90)": 0.074
        },
        "data_received": {
            "count": 63990552,
            "rate": 213212.2382675755
        },
        "http_req_waiting": {
            "min": 40.903,
            "med": 91.803,
            "max": 8016.457,
            "p(90)": 163.678,
            "p(95)": 330.35369999999995,
            "avg": 120.35956525656734
        },
        "iterations": {
            "count": 240834,
            "rate": 802.442776098154
        },
        "checks": {
            "fails": 240834,
            "passes": 240834,
            "value": 0.5
        },
        "http_req_failed": {
            "passes": 0,
            "fails": 240834,
            "value": 0
        },
        "http_req_blocked": {
            "p(95)": 0.001,
            "avg": 0.2861656327590487,
            "min": 0,
            "med": 0.001,
            "max": 1000.322,
            "p(90)": 0.001
        }
    }
}