{
    "metrics": {
        "http_req_connecting": {
            "avg": 64.055,
            "min": 64.055,
            "med": 64.055,
            "max": 64.055,
            "p(90)": 64.055,
            "p(95)": 64.055
        },
        "http_req_receiving": {
            "avg": 0.225,
            "min": 0.225,
            "med": 0.225,
            "max": 0.225,
            "p(90)": 0.225,
            "p(95)": 0.225
        },
        "vus": {
            "value": 1,
            "min": 1,
            "max": 1
        },
        "http_req_sending": {
            "min": 0.281,
            "med": 0.281,
            "max": 0.281,
            "p(90)": 0.281,
            "p(95)": 0.281,
            "avg": 0.281
        },
        "iteration_duration": {
            "min": 3428.548944,
            "med": 3428.548944,
            "max": 3428.548944,
            "p(90)": 3428.548944,
            "p(95)": 3428.548944,
            "avg": 3428.548944
        },
        "http_req_duration": {
            "avg": 3215.813,
            "min": 3215.813,
            "med": 3215.813,
            "max": 3215.813,
            "p(90)": 3215.813,
            "p(95)": 3215.813
        },
        "http_req_duration{expected_response:true}": {
            "max": 3215.813,
            "p(90)": 3215.813,
            "p(95)": 3215.813,
            "avg": 3215.813,
            "min": 3215.813,
            "med": 3215.813
        },
        "http_req_blocked": {
            "med": 212.445,
            "max": 212.445,
            "p(90)": 212.445,
            "p(95)": 212.445,
            "avg": 212.445,
            "min": 212.445
        },
        "http_reqs": {
            "count": 1,
            "rate": 0.29156270026712977
        },
        "checks": {
            "passes": 1,
            "fails": 0,
            "value": 1
        },
        "data_received": {
            "count": 1912,
            "rate": 557.4678829107521
        },
        "http_req_tls_handshaking": {
            "p(90)": 145.278,
            "p(95)": 145.278,
            "avg": 145.278,
            "min": 145.278,
            "med": 145.278,
            "max": 145.278
        },
        "http_req_waiting": {
            "avg": 3215.307,
            "min": 3215.307,
            "med": 3215.307,
            "max": 3215.307,
            "p(90)": 3215.307,
            "p(95)": 3215.307
        },
        "vus_max": {
            "min": 1,
            "max": 1,
            "value": 1
        },
        "data_sent": {
            "count": 602,
            "rate": 175.52074556081212
        },
        "http_req_failed": {
            "passes": 0,
            "fails": 1,
            "value": 0
        },
        "iterations": {
            "count": 1,
            "rate": 0.29156270026712977
        }
    },
    "root_group": {
        "checks": {
            "is status 200": {
                "name": "is status 200",
                "path": "::is status 200",
                "id": "548d37ca5f33793206f7832e7cea54fb",
                "passes": 1,
                "fails": 0
            }
        },
        "name": "",
        "path": "",
        "id": "d41d8cd98f00b204e9800998ecf8427e",
        "groups": {}
    }
}