{
    "metrics": {
        "http_req_sending": {
            "avg": 0.222,
            "min": 0.222,
            "med": 0.222,
            "max": 0.222,
            "p(90)": 0.222,
            "p(95)": 0.222
        },
        "http_req_tls_handshaking": {
            "min": 0,
            "med": 0,
            "max": 0,
            "p(90)": 0,
            "p(95)": 0,
            "avg": 0
        },
        "data_sent": {
            "count": 151,
            "rate": 74.79487135034464
        },
        "data_received": {
            "count": 244,
            "rate": 120.86058681777543
        },
        "http_req_receiving": {
            "avg": 0.178,
            "min": 0.178,
            "med": 0.178,
            "max": 0.178,
            "p(90)": 0.178,
            "p(95)": 0.178
        },
        "http_req_failed": {
            "passes": 0,
            "fails": 1,
            "value": 0
        },
        "http_reqs": {
            "rate": 0.49533027384334194,
            "count": 1
        },
        "checks": {
            "passes": 1,
            "fails": 0,
            "value": 1
        },
        "vus_max": {
            "value": 1,
            "min": 1,
            "max": 1
        },
        "http_req_blocked": {
            "p(95)": 15.858,
            "avg": 15.858,
            "min": 15.858,
            "med": 15.858,
            "max": 15.858,
            "p(90)": 15.858
        },
        "http_req_duration": {
            "p(95)": 2001.625,
            "avg": 2001.625,
            "min": 2001.625,
            "med": 2001.625,
            "max": 2001.625,
            "p(90)": 2001.625
        },
        "http_req_connecting": {
            "p(90)": 7.872,
            "p(95)": 7.872,
            "avg": 7.872,
            "min": 7.872,
            "med": 7.872,
            "max": 7.872
        },
        "http_req_duration{expected_response:true}": {
            "p(95)": 2001.625,
            "avg": 2001.625,
            "min": 2001.625,
            "med": 2001.625,
            "max": 2001.625,
            "p(90)": 2001.625
        },
        "http_req_waiting": {
            "avg": 2001.225,
            "min": 2001.225,
            "med": 2001.225,
            "max": 2001.225,
            "p(90)": 2001.225,
            "p(95)": 2001.225
        },
        "iterations": {
            "count": 1,
            "rate": 0.49533027384334194
        },
        "vus": {
            "value": 1,
            "min": 1,
            "max": 1
        },
        "iteration_duration": {
            "max": 2017.739998,
            "p(90)": 2017.739998,
            "p(95)": 2017.739998,
            "avg": 2017.739998,
            "min": 2017.739998,
            "med": 2017.739998
        }
    },
    "root_group": {
        "groups": {},
        "checks": {
                "is status 200": {
                    "id": "548d37ca5f33793206f7832e7cea54fb",
                    "passes": 1,
                    "fails": 0,
                    "name": "is status 200",
                    "path": "::is status 200"
                }
            },
        "name": "",
        "path": "",
        "id": "d41d8cd98f00b204e9800998ecf8427e"
    }
}