{
    "root_group": {
        "name": "",
        "path": "",
        "id": "d41d8cd98f00b204e9800998ecf8427e",
        "groups": {},
        "checks": {
                "is status 200": {
                    "name": "is status 200",
                    "path": "::is status 200",
                    "id": "548d37ca5f33793206f7832e7cea54fb",
                    "passes": 1,
                    "fails": 0
                }
            }
    },
    "metrics": {
        "vus": {
            "value": 1,
            "min": 1,
            "max": 1
        },
        "http_req_duration{expected_response:true}": {
            "max": 2064.273,
            "p(90)": 2064.273,
            "p(95)": 2064.273,
            "avg": 2064.273,
            "min": 2064.273,
            "med": 2064.273
        },
        "checks": {
            "passes": 1,
            "fails": 0,
            "value": 1
        },
        "http_req_connecting": {
            "p(90)": 7.478,
            "p(95)": 7.478,
            "avg": 7.478,
            "min": 7.478,
            "med": 7.478,
            "max": 7.478
        },
        "http_req_sending": {
            "p(95)": 0.144,
            "avg": 0.144,
            "min": 0.144,
            "med": 0.144,
            "max": 0.144,
            "p(90)": 0.144
        },
        "http_req_failed": {
            "passes": 0,
            "fails": 1,
            "value": 0
        },
        "data_sent": {
            "count": 151,
            "rate": 55.18771864935551
        },
        "iterations": {
            "count": 1,
            "rate": 0.365481580459308
        },
        "vus_max": {
            "value": 1,
            "min": 1,
            "max": 1
        },
        "http_req_duration": {
            "min": 2064.273,
            "med": 2064.273,
            "max": 2064.273,
            "p(90)": 2064.273,
            "p(95)": 2064.273,
            "avg": 2064.273
        },
        "http_reqs": {
            "count": 1,
            "rate": 0.365481580459308
        },
        "http_req_receiving": {
            "max": 0.414,
            "p(90)": 0.414,
            "p(95)": 0.414,
            "avg": 0.414,
            "min": 0.414,
            "med": 0.414
        },
        "http_req_waiting": {
            "avg": 2063.715,
            "min": 2063.715,
            "med": 2063.715,
            "max": 2063.715,
            "p(90)": 2063.715,
            "p(95)": 2063.715
        },
        "http_req_blocked": {
            "avg": 669.97,
            "min": 669.97,
            "med": 669.97,
            "max": 669.97,
            "p(90)": 669.97,
            "p(95)": 669.97
        },
        "http_req_tls_handshaking": {
            "avg": 0,
            "min": 0,
            "med": 0,
            "max": 0,
            "p(90)": 0,
            "p(95)": 0
        },
        "data_received": {
            "count": 244,
            "rate": 89.17750563207116
        },
        "iteration_duration": {
            "min": 2734.676621,
            "med": 2734.676621,
            "max": 2734.676621,
            "p(90)": 2734.676621,
            "p(95)": 2734.676621,
            "avg": 2734.676621
        }
    }
}