{
    "metrics": {
        "vus_max": {
            "value": 1,
            "min": 1,
            "max": 1
        },
        "http_req_sending": {
            "min": 0.277,
            "med": 0.277,
            "max": 0.277,
            "p(90)": 0.277,
            "p(95)": 0.277,
            "avg": 0.277
        },
        "http_req_failed": {
            "passes": 0,
            "fails": 1,
            "value": 0
        },
        "http_req_waiting": {
            "p(90)": 2997.356,
            "p(95)": 2997.356,
            "avg": 2997.356,
            "min": 2997.356,
            "med": 2997.356,
            "max": 2997.356
        },
        "http_req_receiving": {
            "p(90)": 0.308,
            "p(95)": 0.308,
            "avg": 0.308,
            "min": 0.308,
            "med": 0.308,
            "max": 0.308
        },
        "data_received": {
            "count": 244,
            "rate": 73.11016953469272
        },
        "vus": {
            "value": 1,
            "min": 1,
            "max": 1
        },
        "http_req_connecting": {
            "avg": 4.084,
            "min": 4.084,
            "med": 4.084,
            "max": 4.084,
            "p(90)": 4.084,
            "p(95)": 4.084
        },
        "iterations": {
            "count": 1,
            "rate": 0.29963184235529805
        },
        "http_req_duration": {
            "avg": 2997.941,
            "min": 2997.941,
            "med": 2997.941,
            "max": 2997.941,
            "p(90)": 2997.941,
            "p(95)": 2997.941
        },
        "http_req_tls_handshaking": {
            "p(95)": 0,
            "avg": 0,
            "min": 0,
            "med": 0,
            "max": 0,
            "p(90)": 0
        },
        "http_req_duration{expected_response:true}": {
            "max": 2997.941,
            "p(90)": 2997.941,
            "p(95)": 2997.941,
            "avg": 2997.941,
            "min": 2997.941,
            "med": 2997.941
        },
        "checks": {
            "passes": 1,
            "fails": 0,
            "value": 1
        },
        "http_req_blocked": {
            "avg": 337.72,
            "min": 337.72,
            "med": 337.72,
            "max": 337.72,
            "p(90)": 337.72,
            "p(95)": 337.72
        },
        "data_sent": {
            "count": 151,
            "rate": 45.24440819565
        },
        "iteration_duration": {
            "max": 3336.184045,
            "p(90)": 3336.184045,
            "p(95)": 3336.184045,
            "avg": 3336.184045,
            "min": 3336.184045,
            "med": 3336.184045
        },
        "http_reqs": {
            "count": 1,
            "rate": 0.29963184235529805
        }
    },
    "root_group": {
        "name": "",
        "path": "",
        "id": "d41d8cd98f00b204e9800998ecf8427e",
        "groups": {},
        "checks": {
                "is status 200": {
                    "fails": 0,
                    "name": "is status 200",
                    "path": "::is status 200",
                    "id": "548d37ca5f33793206f7832e7cea54fb",
                    "passes": 1
                }
            }
    }
}