{
    "root_group": {
        "name": "",
        "path": "",
        "id": "d41d8cd98f00b204e9800998ecf8427e",
        "groups": {},
        "checks": {
                "is status 200": {
                    "fails": 0,
                    "name": "is status 200",
                    "path": "::is status 200",
                    "id": "548d37ca5f33793206f7832e7cea54fb",
                    "passes": 1
                }
            }
    },
    "metrics": {
        "vus_max": {
            "value": 1,
            "min": 1,
            "max": 1
        },
        "http_req_failed": {
            "passes": 0,
            "fails": 1,
            "value": 0
        },
        "http_req_waiting": {
            "avg": 2291.82,
            "min": 2291.82,
            "med": 2291.82,
            "max": 2291.82,
            "p(90)": 2291.82,
            "p(95)": 2291.82
        },
        "data_sent": {
            "count": 151,
            "rate": 65.28397230921948
        },
        "http_reqs": {
            "count": 1,
            "rate": 0.43234418747827474
        },
        "iterations": {
            "count": 1,
            "rate": 0.43234418747827474
        },
        "vus": {
            "value": 1,
            "min": 1,
            "max": 1
        },
        "http_req_receiving": {
            "max": 0.18,
            "p(90)": 0.18,
            "p(95)": 0.18,
            "avg": 0.18,
            "min": 0.18,
            "med": 0.18
        },
        "checks": {
            "passes": 1,
            "fails": 0,
            "value": 1
        },
        "http_req_blocked": {
            "avg": 18.928,
            "min": 18.928,
            "med": 18.928,
            "max": 18.928,
            "p(90)": 18.928,
            "p(95)": 18.928
        },
        "http_req_duration{expected_response:true}": {
            "max": 2292.144,
            "p(90)": 2292.144,
            "p(95)": 2292.144,
            "avg": 2292.144,
            "min": 2292.144,
            "med": 2292.144
        },
        "http_req_connecting": {
            "avg": 4.691,
            "min": 4.691,
            "med": 4.691,
            "max": 4.691,
            "p(90)": 4.691,
            "p(95)": 4.691
        },
        "http_req_sending": {
            "p(95)": 0.144,
            "avg": 0.144,
            "min": 0.144,
            "med": 0.144,
            "max": 0.144,
            "p(90)": 0.144
        },
        "data_received": {
            "rate": 105.49198174469903,
            "count": 244
        },
        "http_req_tls_handshaking": {
            "avg": 0,
            "min": 0,
            "med": 0,
            "max": 0,
            "p(90)": 0,
            "p(95)": 0
        },
        "iteration_duration": {
            "max": 2311.342397,
            "p(90)": 2311.342397,
            "p(95)": 2311.342397,
            "avg": 2311.342397,
            "min": 2311.342397,
            "med": 2311.342397
        },
        "http_req_duration": {
            "min": 2292.144,
            "med": 2292.144,
            "max": 2292.144,
            "p(90)": 2292.144,
            "p(95)": 2292.144,
            "avg": 2292.144
        }
    }
}