{
    "metrics": {
        "data_received": {
            "count": 197,
            "rate": 41.5485853761212
        },
        "http_reqs": {
            "count": 1,
            "rate": 0.2109065247518843
        },
        "http_req_failed": {
            "fails": 1,
            "passes": 0,
            "value": 0
        },
        "http_req_receiving": {
            "med": 0.843,
            "max": 0.843,
            "p(90)": 0.843,
            "p(95)": 0.843,
            "avg": 0.843,
            "min": 0.843
        },
        "iterations": {
            "count": 1,
            "rate": 0.2109065247518843
        },
        "http_req_sending": {
            "avg": 0.283,
            "min": 0.283,
            "med": 0.283,
            "max": 0.283,
            "p(90)": 0.283,
            "p(95)": 0.283
        },
        "vus_max": {
            "value": 1,
            "min": 1,
            "max": 1
        },
        "http_req_tls_handshaking": {
            "avg": 0,
            "min": 0,
            "med": 0,
            "max": 0,
            "p(90)": 0,
            "p(95)": 0
        },
        "http_req_connecting": {
            "max": 64.049,
            "p(90)": 64.049,
            "p(95)": 64.049,
            "avg": 64.049,
            "min": 64.049,
            "med": 64.049
        },
        "http_req_blocked": {
            "med": 69.063,
            "max": 69.063,
            "p(90)": 69.063,
            "p(95)": 69.063,
            "avg": 69.063,
            "min": 69.063
        },
        "checks": {
            "passes": 1,
            "fails": 0,
            "value": 1
        },
        "data_sent": {
            "count": 151,
            "rate": 31.846885237534526
        },
        "vus": {
            "value": 1,
            "min": 1,
            "max": 1
        },
        "http_req_duration": {
            "med": 4670.656,
            "max": 4670.656,
            "p(90)": 4670.656,
            "p(95)": 4670.656,
            "avg": 4670.656,
            "min": 4670.656
        },
        "http_req_duration{expected_response:true}": {
            "max": 4670.656,
            "p(90)": 4670.656,
            "p(95)": 4670.656,
            "avg": 4670.656,
            "min": 4670.656,
            "med": 4670.656
        },
        "http_req_waiting": {
            "min": 4669.53,
            "med": 4669.53,
            "max": 4669.53,
            "p(90)": 4669.53,
            "p(95)": 4669.53,
            "avg": 4669.53
        },
        "iteration_duration": {
            "p(95)": 4740.090209,
            "avg": 4740.090209,
            "min": 4740.090209,
            "med": 4740.090209,
            "max": 4740.090209,
            "p(90)": 4740.090209
        }
    },
    "root_group": {
        "name": "",
        "path": "",
        "id": "d41d8cd98f00b204e9800998ecf8427e",
        "groups": {},
        "checks": {
                "is status 200": {
                    "name": "is status 200",
                    "path": "::is status 200",
                    "id": "548d37ca5f33793206f7832e7cea54fb",
                    "passes": 1,
                    "fails": 0
                }
            }
    }
}