{
    "metrics": {
        "http_req_sending": {
            "max": 0.383,
            "p(90)": 0.383,
            "p(95)": 0.383,
            "avg": 0.383,
            "min": 0.383,
            "med": 0.383
        },
        "iteration_duration": {
            "p(90)": 2795.128992,
            "p(95)": 2795.128992,
            "avg": 2795.128992,
            "min": 2795.128992,
            "med": 2795.128992,
            "max": 2795.128992
        },
        "http_req_receiving": {
            "med": 0.204,
            "max": 0.204,
            "p(90)": 0.204,
            "p(95)": 0.204,
            "avg": 0.204,
            "min": 0.204
        },
        "http_req_duration": {
            "max": 2460.222,
            "p(90)": 2460.222,
            "p(95)": 2460.222,
            "avg": 2460.222,
            "min": 2460.222,
            "med": 2460.222
        },
        "vus_max": {
            "min": 1,
            "max": 1,
            "value": 1
        },
        "http_req_duration{expected_response:true}": {
            "min": 2460.222,
            "med": 2460.222,
            "max": 2460.222,
            "p(90)": 2460.222,
            "p(95)": 2460.222,
            "avg": 2460.222
        },
        "http_req_tls_handshaking": {
            "med": 24.704,
            "max": 24.704,
            "p(90)": 24.704,
            "p(95)": 24.704,
            "avg": 24.704,
            "min": 24.704
        },
        "iterations": {
            "rate": 0.35764151159330726,
            "count": 1
        },
        "checks": {
            "passes": 1,
            "fails": 0,
            "value": 1
        },
        "http_req_waiting": {
            "max": 2459.635,
            "p(90)": 2459.635,
            "p(95)": 2459.635,
            "avg": 2459.635,
            "min": 2459.635,
            "med": 2459.635
        },
        "data_sent": {
            "count": 602,
            "rate": 215.30018997917097
        },
        "http_reqs": {
            "count": 1,
            "rate": 0.35764151159330726
        },
        "http_req_connecting": {
            "p(90)": 306.866,
            "p(95)": 306.866,
            "avg": 306.866,
            "min": 306.866,
            "med": 306.866,
            "max": 306.866
        },
        "vus": {
            "max": 1,
            "value": 1,
            "min": 1
        },
        "http_req_failed": {
            "passes": 0,
            "fails": 1,
            "value": 0
        },
        "data_received": {
            "count": 1860,
            "rate": 665.2132115635515
        },
        "http_req_blocked": {
            "avg": 334.608,
            "min": 334.608,
            "med": 334.608,
            "max": 334.608,
            "p(90)": 334.608,
            "p(95)": 334.608
        }
    },
    "root_group": {
        "name": "",
        "path": "",
        "id": "d41d8cd98f00b204e9800998ecf8427e",
        "groups": {},
        "checks": {
                "is status 200": {
                    "passes": 1,
                    "fails": 0,
                    "name": "is status 200",
                    "path": "::is status 200",
                    "id": "548d37ca5f33793206f7832e7cea54fb"
                }
            }
    }
}