{
    "metrics": {
        "iterations": {
            "count": 1,
            "rate": 0.40750427268229905
        },
        "http_req_duration": {
            "avg": 2440.735,
            "min": 2440.735,
            "med": 2440.735,
            "max": 2440.735,
            "p(90)": 2440.735,
            "p(95)": 2440.735
        },
        "vus_max": {
            "value": 1,
            "min": 1,
            "max": 1
        },
        "http_req_duration{expected_response:true}": {
            "p(95)": 2440.735,
            "avg": 2440.735,
            "min": 2440.735,
            "med": 2440.735,
            "max": 2440.735,
            "p(90)": 2440.735
        },
        "iteration_duration": {
            "max": 2452.774117,
            "p(90)": 2452.774117,
            "p(95)": 2452.774117,
            "avg": 2452.774117,
            "min": 2452.774117,
            "med": 2452.774117
        },
        "http_req_blocked": {
            "max": 11.707,
            "p(90)": 11.707,
            "p(95)": 11.707,
            "avg": 11.707,
            "min": 11.707,
            "med": 11.707
        },
        "checks": {
            "passes": 1,
            "fails": 0,
            "value": 1
        },
        "data_sent": {
            "count": 151,
            "rate": 61.53314517502716
        },
        "http_reqs": {
            "count": 1,
            "rate": 0.40750427268229905
        },
        "http_req_receiving": {
            "max": 0.176,
            "p(90)": 0.176,
            "p(95)": 0.176,
            "avg": 0.176,
            "min": 0.176,
            "med": 0.176
        },
        "http_req_failed": {
            "passes": 0,
            "fails": 1,
            "value": 0
        },
        "http_req_waiting": {
            "max": 2440.404,
            "p(90)": 2440.404,
            "p(95)": 2440.404,
            "avg": 2440.404,
            "min": 2440.404,
            "med": 2440.404
        },
        "http_req_tls_handshaking": {
            "avg": 0,
            "min": 0,
            "med": 0,
            "max": 0,
            "p(90)": 0,
            "p(95)": 0
        },
        "vus": {
            "max": 1,
            "value": 1,
            "min": 1
        },
        "http_req_sending": {
            "max": 0.155,
            "p(90)": 0.155,
            "p(95)": 0.155,
            "avg": 0.155,
            "min": 0.155,
            "med": 0.155
        },
        "http_req_connecting": {
            "med": 9.544,
            "max": 9.544,
            "p(90)": 9.544,
            "p(95)": 9.544,
            "avg": 9.544,
            "min": 9.544
        },
        "data_received": {
            "rate": 73.75827335549613,
            "count": 181
        }
    },
    "root_group": {
        "name": "",
        "path": "",
        "id": "d41d8cd98f00b204e9800998ecf8427e",
        "groups": {},
        "checks": {
                "is status 200": {
                    "name": "is status 200",
                    "path": "::is status 200",
                    "id": "548d37ca5f33793206f7832e7cea54fb",
                    "passes": 1,
                    "fails": 0
                }
            }
    }
}