{
    "metrics": {
        "http_req_duration": {
            "p(90)": 1775.76,
            "p(95)": 1775.76,
            "avg": 1775.76,
            "min": 1775.76,
            "med": 1775.76,
            "max": 1775.76
        },
        "http_req_blocked": {
            "avg": 74.583,
            "min": 74.583,
            "med": 74.583,
            "max": 74.583,
            "p(90)": 74.583,
            "p(95)": 74.583
        },
        "http_req_tls_handshaking": {
            "max": 0,
            "p(90)": 0,
            "p(95)": 0,
            "avg": 0,
            "min": 0,
            "med": 0
        },
        "iteration_duration": {
            "p(90)": 1850.778261,
            "p(95)": 1850.778261,
            "avg": 1850.778261,
            "min": 1850.778261,
            "med": 1850.778261,
            "max": 1850.778261
        },
        "iterations": {
            "count": 1,
            "rate": 0.5399868351209598
        },
        "http_req_waiting": {
            "max": 1775.444,
            "p(90)": 1775.444,
            "p(95)": 1775.444,
            "avg": 1775.444,
            "min": 1775.444,
            "med": 1775.444
        },
        "vus": {
            "value": 1,
            "min": 1,
            "max": 1
        },
        "vus_max": {
            "max": 1,
            "value": 1,
            "min": 1
        },
        "http_req_duration{expected_response:true}": {
            "avg": 1775.76,
            "min": 1775.76,
            "med": 1775.76,
            "max": 1775.76,
            "p(90)": 1775.76,
            "p(95)": 1775.76
        },
        "http_req_failed": {
            "passes": 0,
            "fails": 1,
            "value": 0
        },
        "checks": {
            "passes": 1,
            "fails": 0,
            "value": 1
        },
        "http_req_sending": {
            "avg": 0.155,
            "min": 0.155,
            "med": 0.155,
            "max": 0.155,
            "p(90)": 0.155,
            "p(95)": 0.155
        },
        "http_req_receiving": {
            "avg": 0.161,
            "min": 0.161,
            "med": 0.161,
            "max": 0.161,
            "p(90)": 0.161,
            "p(95)": 0.161
        },
        "http_req_connecting": {
            "min": 71.613,
            "med": 71.613,
            "max": 71.613,
            "p(90)": 71.613,
            "p(95)": 71.613,
            "avg": 71.613
        },
        "data_sent": {
            "count": 151,
            "rate": 81.53801210326493
        },
        "http_reqs": {
            "count": 1,
            "rate": 0.5399868351209598
        },
        "data_received": {
            "count": 181,
            "rate": 97.73761715689372
        }
    },
    "root_group": {
        "groups": {},
        "checks": {
                "is status 200": {
                    "name": "is status 200",
                    "path": "::is status 200",
                    "id": "548d37ca5f33793206f7832e7cea54fb",
                    "passes": 1,
                    "fails": 0
                }
            },
        "name": "",
        "path": "",
        "id": "d41d8cd98f00b204e9800998ecf8427e"
    }
}