{
    "metrics": {
        "data_received": {
            "count": 1882,
            "rate": 804.9301759426814
        },
        "http_reqs": {
            "count": 1,
            "rate": 0.4276993495975991
        },
        "http_req_connecting": {
            "p(90)": 16.981,
            "p(95)": 16.981,
            "avg": 16.981,
            "min": 16.981,
            "med": 16.981,
            "max": 16.981
        },
        "http_req_blocked": {
            "p(90)": 37.028,
            "p(95)": 37.028,
            "avg": 37.028,
            "min": 37.028,
            "med": 37.028,
            "max": 37.028
        },
        "vus": {
            "value": 1,
            "min": 1,
            "max": 1
        },
        "iterations": {
            "count": 1,
            "rate": 0.4276993495975991
        },
        "iteration_duration": {
            "p(90)": 2336.413575,
            "p(95)": 2336.413575,
            "avg": 2336.413575,
            "min": 2336.413575,
            "med": 2336.413575,
            "max": 2336.413575
        },
        "http_req_failed": {
            "passes": 0,
            "fails": 1,
            "value": 0
        },
        "http_req_sending": {
            "p(95)": 0.242,
            "avg": 0.242,
            "min": 0.242,
            "med": 0.242,
            "max": 0.242,
            "p(90)": 0.242
        },
        "http_req_duration{expected_response:true}": {
            "p(90)": 2298.82,
            "p(95)": 2298.82,
            "avg": 2298.82,
            "min": 2298.82,
            "med": 2298.82,
            "max": 2298.82
        },
        "data_sent": {
            "count": 602,
            "rate": 257.47500845775465
        },
        "vus_max": {
            "value": 1,
            "min": 1,
            "max": 1
        },
        "http_req_duration": {
            "max": 2298.82,
            "p(90)": 2298.82,
            "p(95)": 2298.82,
            "avg": 2298.82,
            "min": 2298.82,
            "med": 2298.82
        },
        "http_req_tls_handshaking": {
            "min": 17.619,
            "med": 17.619,
            "max": 17.619,
            "p(90)": 17.619,
            "p(95)": 17.619,
            "avg": 17.619
        },
        "http_req_waiting": {
            "avg": 2298.079,
            "min": 2298.079,
            "med": 2298.079,
            "max": 2298.079,
            "p(90)": 2298.079,
            "p(95)": 2298.079
        },
        "http_req_receiving": {
            "med": 0.499,
            "max": 0.499,
            "p(90)": 0.499,
            "p(95)": 0.499,
            "avg": 0.499,
            "min": 0.499
        },
        "checks": {
            "passes": 1,
            "fails": 0,
            "value": 1
        }
    },
    "root_group": {
        "path": "",
        "id": "d41d8cd98f00b204e9800998ecf8427e",
        "groups": {},
        "checks": {
                "is status 200": {
                    "id": "548d37ca5f33793206f7832e7cea54fb",
                    "passes": 1,
                    "fails": 0,
                    "name": "is status 200",
                    "path": "::is status 200"
                }
            },
        "name": ""
    }
}