{
    "metrics": {
        "http_req_blocked": {
            "p(90)": 32.18,
            "p(95)": 32.18,
            "avg": 32.18,
            "min": 32.18,
            "med": 32.18,
            "max": 32.18
        },
        "http_req_sending": {
            "avg": 0.168,
            "min": 0.168,
            "med": 0.168,
            "max": 0.168,
            "p(90)": 0.168,
            "p(95)": 0.168
        },
        "data_received": {
            "count": 182,
            "rate": 48.988178775629294
        },
        "http_req_tls_handshaking": {
            "max": 0,
            "p(90)": 0,
            "p(95)": 0,
            "avg": 0,
            "min": 0,
            "med": 0
        },
        "http_req_connecting": {
            "avg": 30.015,
            "min": 30.015,
            "med": 30.015,
            "max": 30.015,
            "p(90)": 30.015,
            "p(95)": 30.015
        },
        "http_req_receiving": {
            "avg": 0.405,
            "min": 0.405,
            "med": 0.405,
            "max": 0.405,
            "p(90)": 0.405,
            "p(95)": 0.405
        },
        "vus": {
            "min": 1,
            "max": 1,
            "value": 1
        },
        "http_req_duration": {
            "max": 3680.796,
            "p(90)": 3680.796,
            "p(95)": 3680.796,
            "avg": 3680.796,
            "min": 3680.796,
            "med": 3680.796
        },
        "data_sent": {
            "count": 149,
            "rate": 40.10570679982838
        },
        "http_req_failed": {
            "passes": 0,
            "fails": 1,
            "value": 0
        },
        "http_reqs": {
            "count": 1,
            "rate": 0.26916581744851265
        },
        "checks": {
            "fails": 0,
            "passes": 1,
            "value": 1
        },
        "iteration_duration": {
            "p(95)": 3713.587268,
            "avg": 3713.587268,
            "min": 3713.587268,
            "med": 3713.587268,
            "max": 3713.587268,
            "p(90)": 3713.587268
        },
        "iterations": {
            "count": 1,
            "rate": 0.26916581744851265
        },
        "http_req_duration{expected_response:true}": {
            "avg": 3680.796,
            "min": 3680.796,
            "med": 3680.796,
            "max": 3680.796,
            "p(90)": 3680.796,
            "p(95)": 3680.796
        },
        "http_req_waiting": {
            "avg": 3680.223,
            "min": 3680.223,
            "med": 3680.223,
            "max": 3680.223,
            "p(90)": 3680.223,
            "p(95)": 3680.223
        },
        "vus_max": {
            "value": 1,
            "min": 1,
            "max": 1
        }
    },
    "root_group": {
        "name": "",
        "path": "",
        "id": "d41d8cd98f00b204e9800998ecf8427e",
        "groups": {},
        "checks": {
                "is status 200": {
                    "name": "is status 200",
                    "path": "::is status 200",
                    "id": "548d37ca5f33793206f7832e7cea54fb",
                    "passes": 1,
                    "fails": 0
                }
            }
    }
}