{
    "root_group": {
        "id": "d41d8cd98f00b204e9800998ecf8427e",
        "groups": {},
        "checks": {
                "is status 200": {
                    "fails": 0,
                    "name": "is status 200",
                    "path": "::is status 200",
                    "id": "548d37ca5f33793206f7832e7cea54fb",
                    "passes": 1
                }
            },
        "name": "",
        "path": ""
    },
    "metrics": {
        "vus_max": {
            "value": 1,
            "min": 1,
            "max": 1
        },
        "http_req_waiting": {
            "med": 3816.51,
            "max": 3816.51,
            "p(90)": 3816.51,
            "p(95)": 3816.51,
            "avg": 3816.51,
            "min": 3816.51
        },
        "iterations": {
            "count": 1,
            "rate": 0.2468661575628188
        },
        "data_received": {
            "count": 181,
            "rate": 44.6827745188702
        },
        "iteration_duration": {
            "p(90)": 4049.682531,
            "p(95)": 4049.682531,
            "avg": 4049.682531,
            "min": 4049.682531,
            "med": 4049.682531,
            "max": 4049.682531
        },
        "http_req_failed": {
            "passes": 0,
            "fails": 1,
            "value": 0
        },
        "http_req_receiving": {
            "p(90)": 0.249,
            "p(95)": 0.249,
            "avg": 0.249,
            "min": 0.249,
            "med": 0.249,
            "max": 0.249
        },
        "http_req_sending": {
            "avg": 0.147,
            "min": 0.147,
            "med": 0.147,
            "max": 0.147,
            "p(90)": 0.147,
            "p(95)": 0.147
        },
        "http_req_connecting": {
            "max": 229.945,
            "p(90)": 229.945,
            "p(95)": 229.945,
            "avg": 229.945,
            "min": 229.945,
            "med": 229.945
        },
        "data_sent": {
            "count": 149,
            "rate": 36.78305747686
        },
        "vus": {
            "min": 1,
            "max": 1,
            "value": 1
        },
        "http_req_duration": {
            "avg": 3816.906,
            "min": 3816.906,
            "med": 3816.906,
            "max": 3816.906,
            "p(90)": 3816.906,
            "p(95)": 3816.906
        },
        "http_req_blocked": {
            "p(90)": 232.445,
            "p(95)": 232.445,
            "avg": 232.445,
            "min": 232.445,
            "med": 232.445,
            "max": 232.445
        },
        "http_req_duration{expected_response:true}": {
            "med": 3816.906,
            "max": 3816.906,
            "p(90)": 3816.906,
            "p(95)": 3816.906,
            "avg": 3816.906,
            "min": 3816.906
        },
        "http_req_tls_handshaking": {
            "avg": 0,
            "min": 0,
            "med": 0,
            "max": 0,
            "p(90)": 0,
            "p(95)": 0
        },
        "http_reqs": {
            "count": 1,
            "rate": 0.2468661575628188
        },
        "checks": {
            "passes": 1,
            "fails": 0,
            "value": 1
        }
    }
}