{
    "metrics": {
        "data_received": {
            "count": 1860,
            "rate": 356.8684905076819
        },
        "http_req_duration{expected_response:true}": {
            "avg": 5167.689,
            "min": 5167.689,
            "med": 5167.689,
            "max": 5167.689,
            "p(90)": 5167.689,
            "p(95)": 5167.689
        },
        "http_req_connecting": {
            "avg": 20.758,
            "min": 20.758,
            "med": 20.758,
            "max": 20.758,
            "p(90)": 20.758,
            "p(95)": 20.758
        },
        "iterations": {
            "count": 1,
            "rate": 0.1918647798428397
        },
        "http_reqs": {
            "count": 1,
            "rate": 0.1918647798428397
        },
        "http_req_blocked": {
            "max": 43.34,
            "p(90)": 43.34,
            "p(95)": 43.34,
            "avg": 43.34,
            "min": 43.34,
            "med": 43.34
        },
        "iteration_duration": {
            "max": 5211.219261,
            "p(90)": 5211.219261,
            "p(95)": 5211.219261,
            "avg": 5211.219261,
            "min": 5211.219261,
            "med": 5211.219261
        },
        "vus_max": {
            "value": 1,
            "min": 1,
            "max": 1
        },
        "http_req_receiving": {
            "min": 0.158,
            "med": 0.158,
            "max": 0.158,
            "p(90)": 0.158,
            "p(95)": 0.158,
            "avg": 0.158
        },
        "http_req_failed": {
            "passes": 0,
            "fails": 1,
            "value": 0
        },
        "data_sent": {
            "count": 601,
            "rate": 115.31073268554667
        },
        "http_req_duration": {
            "avg": 5167.689,
            "min": 5167.689,
            "med": 5167.689,
            "max": 5167.689,
            "p(90)": 5167.689,
            "p(95)": 5167.689
        },
        "http_req_sending": {
            "min": 0.275,
            "med": 0.275,
            "max": 0.275,
            "p(90)": 0.275,
            "p(95)": 0.275,
            "avg": 0.275
        },
        "http_req_waiting": {
            "avg": 5167.256,
            "min": 5167.256,
            "med": 5167.256,
            "max": 5167.256,
            "p(90)": 5167.256,
            "p(95)": 5167.256
        },
        "http_req_tls_handshaking": {
            "p(95)": 20.257,
            "avg": 20.257,
            "min": 20.257,
            "med": 20.257,
            "max": 20.257,
            "p(90)": 20.257
        },
        "vus": {
            "value": 1,
            "min": 1,
            "max": 1
        },
        "checks": {
            "passes": 1,
            "fails": 0,
            "value": 1
        }
    },
    "root_group": {
        "name": "",
        "path": "",
        "id": "d41d8cd98f00b204e9800998ecf8427e",
        "groups": {},
        "checks": {
                "is status 200": {
                    "fails": 0,
                    "name": "is status 200",
                    "path": "::is status 200",
                    "id": "548d37ca5f33793206f7832e7cea54fb",
                    "passes": 1
                }
            }
    }
}