{
    "root_group": {
        "name": "",
        "path": "",
        "id": "d41d8cd98f00b204e9800998ecf8427e",
        "groups": {},
        "checks": {
                "is status 200": {
                    "name": "is status 200",
                    "path": "::is status 200",
                    "id": "548d37ca5f33793206f7832e7cea54fb",
                    "passes": 588184,
                    "fails": 588184
                }
            }
    },
    "metrics": {
        "http_req_blocked": {
            "max": 263.21,
            "p(90)": 0.001,
            "p(95)": 0.001,
            "avg": 0.11990138289993037,
            "min": 0,
            "med": 0.001
        },
        "http_req_duration": {
            "med": 46.066,
            "max": 1248.294,
            "p(90)": 64.524,
            "p(95)": 74.731,
            "avg": 50.916399074099175,
            "min": 36.073
        },
        "vus": {
            "value": 100,
            "min": 100,
            "max": 100
        },
        "checks": {
            "passes": 588184,
            "fails": 588184,
            "value": 0.5
        },
        "data_received": {
            "count": 938603622,
            "rate": 3116029.8193806564
        },
        "http_req_duration{expected_response:true}": {
            "p(95)": 74.731,
            "avg": 50.916399074099175,
            "min": 36.073,
            "med": 46.066,
            "max": 1248.294,
            "p(90)": 64.524
        },
        "iteration_duration": {
            "p(95)": 75.13455869999997,
            "avg": 50.99641532539146,
            "min": 36.19382,
            "med": 46.2357145,
            "max": 859.512371,
            "p(90)": 64.7834568
        },
        "http_req_tls_handshaking": {
            "avg": 0.06297749173727955,
            "min": 0,
            "med": 0,
            "max": 222.86,
            "p(90)": 0,
            "p(95)": 0
        },
        "http_reqs": {
            "count": 588184,
            "rate": 1952.6867788739387
        },
        "http_req_connecting": {
            "p(90)": 0,
            "p(95)": 0,
            "avg": 0.04815845211702456,
            "min": 0,
            "med": 0,
            "max": 132.378
        },
        "http_req_receiving": {
            "avg": 0.2686267681542369,
            "min": 0.016,
            "med": 0.047,
            "max": 1192.623,
            "p(90)": 0.522,
            "p(95)": 1.083
        },
        "http_req_waiting": {
            "avg": 50.59163107803179,
            "min": 0.171,
            "med": 45.816,
            "max": 1248.195,
            "p(90)": 64.117,
            "p(95)": 74.22984999999998
        },
        "data_sent": {
            "rate": 73400.73723135187,
            "count": 22109608
        },
        "vus_max": {
            "value": 100,
            "min": 100,
            "max": 100
        },
        "iterations": {
            "count": 588184,
            "rate": 1952.6867788739387
        },
        "http_req_sending": {
            "p(90)": 0.078,
            "p(95)": 0.095,
            "avg": 0.05614122791509533,
            "min": 0.015,
            "med": 0.048,
            "max": 49.153
        },
        "http_req_failed": {
            "passes": 0,
            "fails": 588184,
            "value": 0
        }
    }
}