{
    "metrics": {
        "http_req_duration{expected_response:true}": {
            "max": 5053.483,
            "p(90)": 97.0735,
            "p(95)": 132.64974999999998,
            "avg": 67.66660517601662,
            "min": 37.634,
            "med": 54.464
        },
        "http_req_waiting": {
            "p(95)": 132.57524999999998,
            "avg": 67.58828769372663,
            "min": 37.522,
            "med": 54.388,
            "max": 5053.425,
            "p(90)": 97.002
        },
        "vus_max": {
            "value": 100,
            "min": 100,
            "max": 100
        },
        "iteration_duration": {
            "p(90)": 97.3604685,
            "p(95)": 133.0343625,
            "avg": 67.84875816074108,
            "min": 37.772863,
            "med": 54.623609,
            "max": 5053.895039
        },
        "http_reqs": {
            "count": 442116,
            "rate": 1473.5579773885263
        },
        "checks": {
            "passes": 884232,
            "fails": 0,
            "value": 1
        },
        "data_received": {
            "count": 106578456,
            "rate": 355222.4621062166
        },
        "http_req_connecting": {
            "min": 0,
            "med": 0,
            "max": 69.181,
            "p(90)": 0,
            "p(95)": 0,
            "avg": 0.013005261062707522
        },
        "http_req_receiving": {
            "avg": 0.059407386296792576,
            "min": 0.014,
            "med": 0.044,
            "max": 33.547,
            "p(90)": 0.097,
            "p(95)": 0.133
        },
        "http_req_tls_handshaking": {
            "med": 0,
            "max": 0,
            "p(90)": 0,
            "p(95)": 0,
            "avg": 0,
            "min": 0
        },
        "http_req_duration": {
            "p(90)": 97.0735,
            "p(95)": 132.64974999999998,
            "avg": 67.66660517601662,
            "min": 37.634,
            "med": 54.464,
            "max": 5053.483
        },
        "http_req_sending": {
            "p(95)": 0.04,
            "avg": 0.01891009599292075,
            "min": 0.004,
            "med": 0.014,
            "max": 30.892,
            "p(90)": 0.029
        },
        "vus": {
            "value": 100,
            "min": 100,
            "max": 100
        },
        "http_req_blocked": {
            "avg": 0.02811692180379432,
            "min": 0.001,
            "med": 0.003,
            "max": 122.693,
            "p(90)": 0.005,
            "p(95)": 0.006
        },
        "data_sent": {
            "count": 65433168,
            "rate": 218086.58065350188
        },
        "iterations": {
            "count": 442116,
            "rate": 1473.5579773885263
        },
        "http_req_failed": {
            "passes": 0,
            "fails": 442116,
            "value": 0
        }
    },
    "root_group": {
        "name": "",
        "path": "",
        "id": "d41d8cd98f00b204e9800998ecf8427e",
        "groups": {},
        "checks": {
                "is status 200": {
                    "name": "is status 200",
                    "path": "::is status 200",
                    "id": "548d37ca5f33793206f7832e7cea54fb",
                    "passes": 884232,
                    "fails": 0
                }
            }
    }
}