{
    "root_group": {
        "name": "",
        "path": "",
        "id": "d41d8cd98f00b204e9800998ecf8427e",
        "groups": {},
        "checks": {
                "is status 200": {
                    "name": "is status 200",
                    "path": "::is status 200",
                    "id": "548d37ca5f33793206f7832e7cea54fb",
                    "passes": 1005968,
                    "fails": 0
                }
            }
    },
    "metrics": {
        "vus": {
            "max": 100,
            "value": 100,
            "min": 100
        },
        "http_req_tls_handshaking": {
            "med": 0,
            "max": 0,
            "p(90)": 0,
            "p(95)": 0,
            "avg": 0,
            "min": 0
        },
        "checks": {
            "passes": 1005968,
            "fails": 0,
            "value": 1
        },
        "data_received": {
            "count": 121246596,
            "rate": 404067.97801276605
        },
        "http_req_connecting": {
            "med": 0,
            "max": 47.602,
            "p(90)": 0,
            "p(95)": 0,
            "avg": 0.00870507212953096,
            "min": 0
        },
        "http_req_failed": {
            "passes": 0,
            "fails": 502984,
            "value": 0
        },
        "http_req_sending": {
            "min": 0.005,
            "med": 0.015,
            "max": 18.501,
            "p(90)": 0.03,
            "p(95)": 0.042,
            "avg": 0.019284048796811594
        },
        "http_reqs": {
            "count": 502984,
            "rate": 1676.2510005045676
        },
        "http_req_duration": {
            "avg": 59.45936862803081,
            "min": 37.833,
            "med": 53.341,
            "max": 772.776,
            "p(90)": 78.831,
            "p(95)": 91.60584999999998
        },
        "data_sent": {
            "count": 74441632,
            "rate": 248085.14807467602
        },
        "iterations": {
            "count": 502984,
            "rate": 1676.2510005045676
        },
        "http_req_duration{expected_response:true}": {
            "max": 772.776,
            "p(90)": 78.831,
            "p(95)": 91.60584999999998,
            "avg": 59.45936862803081,
            "min": 37.833,
            "med": 53.341
        },
        "http_req_receiving": {
            "avg": 0.06112984309635573,
            "min": 0.015,
            "med": 0.044,
            "max": 27.378,
            "p(90)": 0.1,
            "p(95)": 0.139
        },
        "iteration_duration": {
            "avg": 59.63982917404732,
            "min": 37.985434,
            "med": 53.503858,
            "max": 773.003577,
            "p(90)": 79.027885,
            "p(95)": 91.88154684999999
        },
        "http_req_waiting": {
            "min": 37.756,
            "med": 53.261,
            "max": 772.679,
            "p(90)": 78.742,
            "p(95)": 91.52669999999995,
            "avg": 59.378954736133906
        },
        "http_req_blocked": {
            "med": 0.003,
            "max": 94.387,
            "p(90)": 0.005,
            "p(95)": 0.006,
            "avg": 0.021989395289406785,
            "min": 0.001
        },
        "vus_max": {
            "value": 100,
            "min": 100,
            "max": 100
        }
    }
}