{
    "root_group": {
        "id": "d41d8cd98f00b204e9800998ecf8427e",
        "groups": {},
        "checks": {
                "is status 200": {
                    "name": "is status 200",
                    "path": "::is status 200",
                    "id": "548d37ca5f33793206f7832e7cea54fb",
                    "passes": 533424,
                    "fails": 533424
                }
            },
        "name": "",
        "path": ""
    },
    "metrics": {
        "vus_max": {
            "value": 100,
            "min": 100,
            "max": 100
        },
        "iteration_duration": {
            "min": 36.678564,
            "med": 48.633090499999994,
            "max": 1706.297298,
            "p(90)": 75.58780680000001,
            "p(95)": 94.30072229999998,
            "avg": 56.231845512739795
        },
        "http_req_connecting": {
            "p(95)": 0,
            "avg": 0.05695332605956986,
            "min": 0,
            "med": 0,
            "max": 145.845,
            "p(90)": 0
        },
        "http_req_waiting": {
            "p(90)": 74.734,
            "p(95)": 92.81184999999998,
            "avg": 55.576740999655236,
            "min": 25.719,
            "med": 48.168,
            "max": 1705.999
        },
        "http_req_receiving": {
            "avg": 0.2910185855904747,
            "min": 0.016,
            "med": 0.05,
            "max": 881.829,
            "p(90)": 0.631,
            "p(95)": 1.132
        },
        "checks": {
            "passes": 533424,
            "fails": 533424,
            "value": 0.5
        },
        "http_reqs": {
            "count": 533424,
            "rate": 1776.8016208471608
        },
        "data_received": {
            "count": 851315728,
            "rate": 2835678.869647936
        },
        "http_req_tls_handshaking": {
            "med": 0,
            "max": 206.366,
            "p(90)": 0,
            "p(95)": 0,
            "avg": 0.07103443227151388,
            "min": 0
        },
        "http_req_sending": {
            "p(95)": 0.098,
            "avg": 0.05839417236571279,
            "min": 0.019,
            "med": 0.05,
            "max": 73.306,
            "p(90)": 0.081
        },
        "vus": {
            "value": 100,
            "min": 100,
            "max": 100
        },
        "data_sent": {
            "count": 20083488,
            "rate": 66896.82884659202
        },
        "http_req_duration{expected_response:true}": {
            "avg": 55.9261537576118,
            "min": 36.568,
            "med": 48.45,
            "max": 1706.095,
            "p(90)": 75.174,
            "p(95)": 93.41784999999999
        },
        "http_req_blocked": {
            "p(90)": 0.001,
            "p(95)": 0.001,
            "avg": 0.13775600647792632,
            "min": 0,
            "med": 0.001,
            "max": 281.856
        },
        "http_req_failed": {
            "passes": 0,
            "fails": 533424,
            "value": 0
        },
        "iterations": {
            "count": 533424,
            "rate": 1776.8016208471608
        },
        "http_req_duration": {
            "avg": 55.9261537576118,
            "min": 36.568,
            "med": 48.45,
            "max": 1706.095,
            "p(90)": 75.174,
            "p(95)": 93.41784999999999
        }
    }
}