{
    "root_group": {
        "groups": {},
        "checks": {
                "is status 200": {
                    "passes": 360708,
                    "fails": 276,
                    "name": "is status 200",
                    "path": "::is status 200",
                    "id": "548d37ca5f33793206f7832e7cea54fb"
                }
            },
        "name": "",
        "path": "",
        "id": "d41d8cd98f00b204e9800998ecf8427e"
    },
    "metrics": {
        "iteration_duration": {
            "min": 42.11248,
            "med": 67.474997,
            "max": 26390.167931,
            "p(90)": 100.5839671,
            "p(95)": 124.35290514999991,
            "avg": 170.8666282928547
        },
        "http_req_duration": {
            "p(95)": 123.17024999999991,
            "avg": 170.48959848636014,
            "min": 41.951,
            "med": 67.296,
            "max": 26388.384,
            "p(90)": 100.08789999999999
        },
        "http_req_tls_handshaking": {
            "avg": 0.09730111029851744,
            "min": 0,
            "med": 0,
            "max": 131.217,
            "p(90)": 0,
            "p(95)": 0
        },
        "data_sent": {
            "count": 6792604,
            "rate": 22015.727957300962
        },
        "data_received": {
            "count": 41851358,
            "rate": 135645.78656014855
        },
        "http_req_waiting": {
            "med": 66.9745,
            "max": 26388.222,
            "p(90)": 99.51649999999997,
            "p(95)": 121.9312499999999,
            "avg": 169.9945161890832,
            "min": 25.025
        },
        "iterations": {
            "count": 180492,
            "rate": 584.9984439648131
        },
        "http_req_receiving": {
            "avg": 0.43567729871681277,
            "min": 0.016,
            "med": 0.05,
            "max": 448.256,
            "p(90)": 0.76,
            "p(95)": 1.424
        },
        "checks": {
            "passes": 360708,
            "fails": 276,
            "value": 0.9992354231766505
        },
        "vus_max": {
            "value": 100,
            "min": 100,
            "max": 100
        },
        "http_req_duration{expected_response:true}": {
            "med": 67.282,
            "max": 26379,
            "p(90)": 99.89140000000002,
            "p(95)": 122.55250000000007,
            "avg": 150.5887844350575,
            "min": 41.951
        },
        "vus": {
            "min": 100,
            "max": 100,
            "value": 100
        },
        "http_req_connecting": {
            "min": 0,
            "med": 0,
            "max": 191.776,
            "p(90)": 0,
            "p(95)": 0,
            "avg": 0.06648885823194381
        },
        "http_req_sending": {
            "avg": 0.0594049985594954,
            "min": 0.018,
            "med": 0.049,
            "max": 55.722,
            "p(90)": 0.081,
            "p(95)": 0.1
        },
        "http_reqs": {
            "rate": 584.9984439648131,
            "count": 180492
        },
        "http_req_blocked": {
            "med": 0.001,
            "max": 255.872,
            "p(90)": 0.001,
            "p(95)": 0.001,
            "avg": 0.19935330097645154,
            "min": 0
        },
        "http_req_failed": {
            "fails": 180354,
            "passes": 138,
            "value": 0.0007645768233495113
        }
    }
}