{
    "metrics": {
        "checks": {
            "passes": 368602,
            "fails": 12,
            "value": 0.9999674456206221
        },
        "iteration_duration": {
            "avg": 166.8876295975561,
            "min": 40.344349,
            "med": 64.068118,
            "max": 27274.666504,
            "p(90)": 93.67965819999999,
            "p(95)": 145.02045939999985
        },
        "vus_max": {
            "value": 100,
            "min": 100,
            "max": 100
        },
        "http_req_waiting": {
            "avg": 166.8327160118701,
            "min": 40.152,
            "med": 63.609,
            "max": 27272.662,
            "p(90)": 92.98259999999998,
            "p(95)": 140.9569999999993
        },
        "http_reqs": {
            "count": 184307,
            "rate": 589.3332940843101
        },
        "http_req_duration{expected_response:true}": {
            "p(90)": 93.38,
            "p(95)": 142.02,
            "avg": 166.33823410073586,
            "min": 40.239,
            "med": 63.895,
            "max": 27272.834
        },
        "http_req_receiving": {
            "avg": 0.29820666605173657,
            "min": 0.012,
            "med": 0.046,
            "max": 1192.473,
            "p(90)": 0.662,
            "p(95)": 1.309
        },
        "data_sent": {
            "count": 6933759,
            "rate": 22171.13311950567
        },
        "http_req_blocked": {
            "min": 0,
            "med": 0.001,
            "max": 465.402,
            "p(90)": 0.001,
            "p(95)": 0.001,
            "avg": 0.18232641733563615
        },
        "http_req_duration": {
            "avg": 167.1852724910054,
            "min": 40.239,
            "med": 63.896,
            "max": 27272.834,
            "p(90)": 93.3868,
            "p(95)": 142.19799999999913
        },
        "vus": {
            "value": 1,
            "min": 1,
            "max": 100
        },
        "iterations": {
            "count": 184307,
            "rate": 589.3332940843101
        },
        "http_req_connecting": {
            "med": 0,
            "max": 182.78,
            "p(90)": 0,
            "p(95)": 0,
            "avg": 0.06280193373013501,
            "min": 0
        },
        "data_received": {
            "count": 42732840,
            "rate": 136640.95971817547
        },
        "http_req_tls_handshaking": {
            "min": 0,
            "med": 0,
            "max": 420.679,
            "p(90)": 0,
            "p(95)": 0,
            "avg": 0.0922177996494978
        },
        "http_req_failed": {
            "passes": 6,
            "fails": 184301,
            "value": 0.00003255437937788581
        },
        "http_req_sending": {
            "p(95)": 0.094,
            "avg": 0.0543498130836086,
            "min": 0.014,
            "med": 0.046,
            "max": 19.793,
            "p(90)": 0.076
        }
    },
    "root_group": {
        "id": "d41d8cd98f00b204e9800998ecf8427e",
        "groups": {},
        "checks": {
                "is status 200": {
                    "fails": 12,
                    "name": "is status 200",
                    "path": "::is status 200",
                    "id": "548d37ca5f33793206f7832e7cea54fb",
                    "passes": 368602
                }
            },
        "name": "",
        "path": ""
    }
}