{
    "metrics": {
        "data_received": {
            "count": 43765388,
            "rate": 136777.08595059323
        },
        "vus_max": {
            "min": 100,
            "max": 100,
            "value": 100
        },
        "http_req_tls_handshaking": {
            "avg": 0.09932524084166161,
            "min": 0,
            "med": 0,
            "max": 182.76,
            "p(90)": 0,
            "p(95)": 0
        },
        "iterations": {
            "rate": 590.0973398872452,
            "count": 188817
        },
        "http_req_duration": {
            "avg": 162.9048691590268,
            "min": 41.49,
            "med": 67.626,
            "max": 26332.096,
            "p(90)": 118.15919999999998,
            "p(95)": 184.2111999999999
        },
        "http_req_waiting": {
            "avg": 162.41694648787052,
            "min": 41.376,
            "med": 67.337,
            "max": 26332.003,
            "p(90)": 117.40419999999999,
            "p(95)": 182.44919999999902
        },
        "http_req_failed": {
            "passes": 154,
            "fails": 188663,
            "value": 0.0008156045271347389
        },
        "http_reqs": {
            "count": 188817,
            "rate": 590.0973398872452
        },
        "http_req_blocked": {
            "p(95)": 0.001,
            "avg": 0.17592939724628745,
            "min": 0,
            "med": 0.001,
            "max": 276.866,
            "p(90)": 0.001
        },
        "http_req_connecting": {
            "p(95)": 0,
            "avg": 0.05078482869656864,
            "min": 0,
            "med": 0,
            "max": 110.998,
            "p(90)": 0
        },
        "checks": {
            "passes": 377326,
            "fails": 308,
            "value": 0.9991843954728653
        },
        "http_req_duration{expected_response:true}": {
            "avg": 141.75400566088751,
            "min": 41.49,
            "med": 67.609,
            "max": 26285.179,
            "p(90)": 117.61340000000006,
            "p(95)": 182.2736
        },
        "http_req_sending": {
            "avg": 0.05366129109137853,
            "min": 0.016,
            "med": 0.047,
            "max": 6.179,
            "p(90)": 0.077,
            "p(95)": 0.094
        },
        "vus": {
            "max": 100,
            "value": 1,
            "min": 1
        },
        "iteration_duration": {
            "med": 67.801969,
            "max": 26333.757775,
            "p(90)": 118.94684519999997,
            "p(95)": 185.86457179999988,
            "avg": 163.2445904602659,
            "min": 41.60519
        },
        "data_sent": {
            "count": 7100629,
            "rate": 22191.128364639997
        },
        "http_req_receiving": {
            "min": 0.013,
            "med": 0.047,
            "max": 455.196,
            "p(90)": 0.642,
            "p(95)": 1.236,
            "avg": 0.4342613800663906
        }
    },
    "root_group": {
        "path": "",
        "id": "d41d8cd98f00b204e9800998ecf8427e",
        "groups": {},
        "checks": {
                "is status 200": {
                    "name": "is status 200",
                    "path": "::is status 200",
                    "id": "548d37ca5f33793206f7832e7cea54fb",
                    "passes": 377326,
                    "fails": 308
                }
            },
        "name": ""
    }
}