{
    "root_group": {
        "name": "",
        "path": "",
        "id": "d41d8cd98f00b204e9800998ecf8427e",
        "groups": {},
        "checks": {
                "is status 200": {
                    "path": "::is status 200",
                    "id": "548d37ca5f33793206f7832e7cea54fb",
                    "passes": 1043430,
                    "fails": 0,
                    "name": "is status 200"
                }
            }
    },
    "metrics": {
        "http_req_receiving": {
            "avg": 0.05198221442739814,
            "min": 0.012,
            "med": 0.039,
            "max": 23.454,
            "p(90)": 0.086,
            "p(95)": 0.117
        },
        "http_req_connecting": {
            "med": 0,
            "max": 45.571,
            "p(90)": 0,
            "p(95)": 0,
            "avg": 0.008163656402441946,
            "min": 0
        },
        "data_sent": {
            "count": 77213820,
            "rate": 257141.25462698983
        },
        "iteration_duration": {
            "max": 973.038575,
            "p(90)": 75.7094248,
            "p(95)": 95.25825659999998,
            "avg": 57.50329000336327,
            "min": 36.921758,
            "med": 49.941436
        },
        "http_req_waiting": {
            "p(90)": 75.49,
            "p(95)": 95.04889999999996,
            "avg": 57.16159994824728,
            "min": 36.774,
            "med": 49.729,
            "max": 949.972
        },
        "vus": {
            "min": 100,
            "max": 100,
            "value": 100
        },
        "data_received": {
            "count": 125774643,
            "rate": 418860.8917585187
        },
        "http_req_tls_handshaking": {
            "p(95)": 0,
            "avg": 0,
            "min": 0,
            "med": 0,
            "max": 0,
            "p(90)": 0
        },
        "checks": {
            "passes": 1043430,
            "fails": 0,
            "value": 1
        },
        "http_reqs": {
            "count": 521715,
            "rate": 1737.4409096418233
        },
        "http_req_duration": {
            "avg": 57.23026423622047,
            "min": 36.824,
            "med": 49.799,
            "max": 950.028,
            "p(90)": 75.55560000000004,
            "p(95)": 95.122
        },
        "vus_max": {
            "value": 100,
            "min": 100,
            "max": 100
        },
        "iterations": {
            "count": 521715,
            "rate": 1737.4409096418233
        },
        "http_req_duration{expected_response:true}": {
            "avg": 57.23026423622047,
            "min": 36.824,
            "med": 49.799,
            "max": 950.028,
            "p(90)": 75.55560000000004,
            "p(95)": 95.122
        },
        "http_req_failed": {
            "passes": 0,
            "fails": 521715,
            "value": 0
        },
        "http_req_sending": {
            "avg": 0.016682073545921872,
            "min": 0.004,
            "med": 0.013,
            "max": 11.209,
            "p(90)": 0.026,
            "p(95)": 0.037
        },
        "http_req_blocked": {
            "avg": 0.1346804328002193,
            "min": 0,
            "med": 0.003,
            "max": 689.959,
            "p(90)": 0.004,
            "p(95)": 0.006
        }
    }
}