{
    "root_group": {
        "name": "",
        "path": "",
        "id": "d41d8cd98f00b204e9800998ecf8427e",
        "groups": {},
        "checks": {
                "is status 200": {
                    "id": "548d37ca5f33793206f7832e7cea54fb",
                    "passes": 548178,
                    "fails": 548178,
                    "name": "is status 200",
                    "path": "::is status 200"
                }
            }
    },
    "metrics": {
        "http_req_receiving": {
            "avg": 0.3343646972334251,
            "min": 0.013,
            "med": 0.047,
            "max": 1885.373,
            "p(90)": 0.648,
            "p(95)": 1.161
        },
        "http_req_duration{expected_response:true}": {
            "avg": 54.43077904804889,
            "min": 36.039,
            "med": 46.64,
            "max": 5158.756,
            "p(90)": 73.711,
            "p(95)": 93.227
        },
        "http_req_connecting": {
            "med": 0,
            "max": 154.152,
            "p(90)": 0,
            "p(95)": 0,
            "avg": 0.056806495335456696,
            "min": 0
        },
        "vus": {
            "value": 3,
            "min": 3,
            "max": 100
        },
        "http_req_failed": {
            "passes": 0,
            "fails": 548178,
            "value": 0
        },
        "data_sent": {
            "count": 20629386,
            "rate": 68072.47113958922
        },
        "http_req_blocked": {
            "p(95)": 0.001,
            "avg": 0.1824108555981086,
            "min": 0,
            "med": 0.001,
            "max": 512.316,
            "p(90)": 0.001
        },
        "http_req_tls_handshaking": {
            "p(95)": 0,
            "avg": 0.0741526584430605,
            "min": 0,
            "med": 0,
            "max": 461.925,
            "p(90)": 0
        },
        "vus_max": {
            "min": 100,
            "max": 100,
            "value": 100
        },
        "http_reqs": {
            "count": 548178,
            "rate": 1808.86775226164
        },
        "iterations": {
            "count": 548178,
            "rate": 1808.86775226164
        },
        "http_req_waiting": {
            "avg": 54.043187858687205,
            "min": 30.123,
            "med": 46.375,
            "max": 5158.611,
            "p(90)": 73.1163,
            "p(95)": 92.577
        },
        "data_received": {
            "count": 874833660,
            "rate": 2886760.1329623293
        },
        "checks": {
            "passes": 548178,
            "fails": 548178,
            "value": 0.5
        },
        "http_req_duration": {
            "max": 5158.756,
            "p(90)": 73.711,
            "p(95)": 93.227,
            "avg": 54.43077904804889,
            "min": 36.039,
            "med": 46.64
        },
        "http_req_sending": {
            "avg": 0.05322649212484922,
            "min": 0.013,
            "med": 0.047,
            "max": 27.685,
            "p(90)": 0.077,
            "p(95)": 0.093
        },
        "iteration_duration": {
            "max": 5159.235487,
            "p(90)": 74.1161121,
            "p(95)": 94.03552505,
            "avg": 54.76856029491135,
            "min": 36.123148,
            "med": 46.8020955
        }
    }
}