{
    "root_group": {
        "checks": {
            "is status 200": {
                "fails": 772,
                "name": "is status 200",
                "path": "::is status 200",
                "id": "548d37ca5f33793206f7832e7cea54fb",
                "passes": 360088
            }
        },
        "name": "",
        "path": "",
        "id": "d41d8cd98f00b204e9800998ecf8427e",
        "groups": {}
    },
    "metrics": {
        "http_req_connecting": {
            "avg": 0.0673429806573186,
            "min": 0,
            "med": 0,
            "max": 91.976,
            "p(90)": 0,
            "p(95)": 0
        },
        "data_sent": {
            "count": 6790310,
            "rate": 21460.458756064923
        },
        "http_req_receiving": {
            "p(90)": 0.759,
            "p(95)": 1.365,
            "avg": 0.340024236546035,
            "min": 0.013,
            "med": 0.045,
            "max": 1086.955
        },
        "http_reqs": {
            "count": 180430,
            "rate": 570.2406183748303
        },
        "http_req_blocked": {
            "avg": 0.20096672947870697,
            "min": 0,
            "med": 0.001,
            "max": 273.886,
            "p(90)": 0.001,
            "p(95)": 0.001
        },
        "http_req_tls_handshaking": {
            "min": 0,
            "med": 0,
            "max": 129.513,
            "p(90)": 0,
            "p(95)": 0,
            "avg": 0.09635352768386637
        },
        "http_req_duration{expected_response:true}": {
            "avg": 117.14350838683899,
            "min": 41.162,
            "med": 66.3775,
            "max": 26034.331,
            "p(90)": 114.46470000000001,
            "p(95)": 138.85385000000002
        },
        "iteration_duration": {
            "min": 41.250463,
            "med": 66.578518,
            "max": 26387.29522,
            "p(90)": 115.81038360000001,
            "p(95)": 140.85812854999998,
            "avg": 173.11214864277744
        },
        "vus": {
            "value": 1,
            "min": 1,
            "max": 100
        },
        "http_req_duration": {
            "avg": 172.75777357423905,
            "min": 41.162,
            "med": 66.415,
            "max": 26385.517,
            "p(90)": 115.27130000000002,
            "p(95)": 139.99879999999982
        },
        "http_req_waiting": {
            "avg": 172.36805766225189,
            "min": 12.985,
            "med": 66.11449999999999,
            "max": 26385.423,
            "p(90)": 114.78,
            "p(95)": 139.4741
        },
        "checks": {
            "passes": 360088,
            "fails": 772,
            "value": 0.9978606661863326
        },
        "vus_max": {
            "min": 100,
            "max": 100,
            "value": 100
        },
        "http_req_sending": {
            "min": 0.013,
            "med": 0.043,
            "max": 37.578,
            "p(90)": 0.072,
            "p(95)": 0.088,
            "avg": 0.04969167544199725
        },
        "http_req_failed": {
            "passes": 386,
            "fails": 180044,
            "value": 0.0021393338136673503
        },
        "iterations": {
            "count": 180430,
            "rate": 570.2406183748303
        },
        "data_received": {
            "rate": 132199.14519151972,
            "count": 41829170
        }
    }
}