{
    "metrics": {
        "checks": {
            "passes": 1015700,
            "fails": 0,
            "value": 1
        },
        "http_req_sending": {
            "p(90)": 0.029,
            "p(95)": 0.041,
            "avg": 0.018844973909649003,
            "min": 0.005,
            "med": 0.014,
            "max": 8.997
        },
        "data_sent": {
            "count": 75161800,
            "rate": 249523.15858742467
        },
        "http_req_blocked": {
            "p(95)": 0.006,
            "avg": 0.024996540317503955,
            "min": 0.001,
            "med": 0.003,
            "max": 111.905,
            "p(90)": 0.005
        },
        "http_req_duration": {
            "max": 1255.026,
            "p(90)": 76.317,
            "p(95)": 88.39455,
            "avg": 59.11751345475851,
            "min": 37.988,
            "med": 53.331
        },
        "iteration_duration": {
            "avg": 59.06502455889307,
            "min": 38.125988,
            "med": 53.4940415,
            "max": 1093.953687,
            "p(90)": 76.4834645,
            "p(95)": 88.55973784999999
        },
        "http_reqs": {
            "rate": 1685.9672877528692,
            "count": 507850
        },
        "http_req_waiting": {
            "min": 37.901,
            "med": 53.252,
            "max": 1254.956,
            "p(90)": 76.23210000000003,
            "p(95)": 88.314,
            "avg": 59.03769705424736
        },
        "http_req_failed": {
            "passes": 0,
            "fails": 507850,
            "value": 0
        },
        "http_req_connecting": {
            "avg": 0.009402317613468544,
            "min": 0,
            "med": 0,
            "max": 53.459,
            "p(90)": 0,
            "p(95)": 0
        },
        "vus_max": {
            "max": 100,
            "value": 100,
            "min": 100
        },
        "http_req_receiving": {
            "avg": 0.06097142660230341,
            "min": 0.014,
            "med": 0.043,
            "max": 59.886,
            "p(90)": 0.099,
            "p(95)": 0.14
        },
        "data_received": {
            "rate": 406424.57280805823,
            "count": 122423917
        },
        "iterations": {
            "count": 507850,
            "rate": 1685.9672877528692
        },
        "http_req_duration{expected_response:true}": {
            "avg": 59.11751345475851,
            "min": 37.988,
            "med": 53.331,
            "max": 1255.026,
            "p(90)": 76.317,
            "p(95)": 88.39455
        },
        "http_req_tls_handshaking": {
            "avg": 0,
            "min": 0,
            "med": 0,
            "max": 0,
            "p(90)": 0,
            "p(95)": 0
        },
        "vus": {
            "value": 100,
            "min": 100,
            "max": 100
        }
    },
    "root_group": {
        "name": "",
        "path": "",
        "id": "d41d8cd98f00b204e9800998ecf8427e",
        "groups": {},
        "checks": {
                "is status 200": {
                    "passes": 1015700,
                    "fails": 0,
                    "name": "is status 200",
                    "path": "::is status 200",
                    "id": "548d37ca5f33793206f7832e7cea54fb"
                }
            }
    }
}