{
    "metrics": {
        "vus_max": {
            "value": 100,
            "min": 100,
            "max": 100
        },
        "data_sent": {
            "count": 73474156,
            "rate": 244830.70148218892
        },
        "http_req_duration": {
            "max": 937.745,
            "p(90)": 79.328,
            "p(95)": 96.953,
            "avg": 60.21358588127233,
            "min": 38.225,
            "med": 53.188
        },
        "data_received": {
            "count": 119674999,
            "rate": 398781.2252657963
        },
        "http_req_failed": {
            "passes": 0,
            "fails": 496447,
            "value": 0
        },
        "http_req_tls_handshaking": {
            "avg": 0,
            "min": 0,
            "med": 0,
            "max": 0,
            "p(90)": 0,
            "p(95)": 0
        },
        "http_req_duration{expected_response:true}": {
            "med": 53.188,
            "max": 937.745,
            "p(90)": 79.328,
            "p(95)": 96.953,
            "avg": 60.21358588127233,
            "min": 38.225
        },
        "checks": {
            "passes": 992894,
            "fails": 0,
            "value": 1
        },
        "http_req_connecting": {
            "avg": 0.029713963424091605,
            "min": 0,
            "med": 0,
            "max": 149.12,
            "p(90)": 0,
            "p(95)": 0
        },
        "iteration_duration": {
            "p(95)": 97.23970869999994,
            "avg": 60.43131809855598,
            "min": 38.320048,
            "med": 53.352215,
            "max": 937.946032,
            "p(90)": 79.5305642
        },
        "http_req_blocked": {
            "p(95)": 0.006,
            "avg": 0.057994494881250316,
            "min": 0.001,
            "med": 0.003,
            "max": 269.844,
            "p(90)": 0.005
        },
        "http_req_sending": {
            "avg": 0.019510912544567646,
            "min": 0.005,
            "med": 0.015,
            "max": 10.401,
            "p(90)": 0.03,
            "p(95)": 0.042
        },
        "iterations": {
            "count": 496447,
            "rate": 1654.2614965012765
        },
        "http_req_receiving": {
            "p(95)": 0.134,
            "avg": 0.06055770505206911,
            "min": 0.017,
            "med": 0.045,
            "max": 32.29,
            "p(90)": 0.099
        },
        "http_req_waiting": {
            "avg": 60.13351726367477,
            "min": 38.178,
            "med": 53.107,
            "max": 937.713,
            "p(90)": 79.24540000000002,
            "p(95)": 96.884
        },
        "vus": {
            "max": 100,
            "value": 100,
            "min": 100
        },
        "http_reqs": {
            "count": 496447,
            "rate": 1654.2614965012765
        }
    },
    "root_group": {
        "path": "",
        "id": "d41d8cd98f00b204e9800998ecf8427e",
        "groups": {},
        "checks": {
                "is status 200": {
                    "path": "::is status 200",
                    "id": "548d37ca5f33793206f7832e7cea54fb",
                    "passes": 992894,
                    "fails": 0,
                    "name": "is status 200"
                }
            },
        "name": ""
    }
}