{
    "root_group": {
        "groups": {},
        "checks": {
                "is status 200": {
                    "name": "is status 200",
                    "path": "::is status 200",
                    "id": "548d37ca5f33793206f7832e7cea54fb",
                    "passes": 535680,
                    "fails": 535680
                }
            },
        "name": "",
        "path": "",
        "id": "d41d8cd98f00b204e9800998ecf8427e"
    },
    "metrics": {
        "http_req_waiting": {
            "avg": 55.32314514075596,
            "min": 32.441,
            "med": 48.931,
            "max": 2143.73,
            "p(90)": 74.59210000000003,
            "p(95)": 86.971
        },
        "checks": {
            "passes": 535680,
            "fails": 535680,
            "value": 0.5
        },
        "http_req_duration{expected_response:true}": {
            "p(90)": 74.951,
            "p(95)": 87.53204999999998,
            "avg": 55.67418068996401,
            "min": 36.708,
            "med": 49.212,
            "max": 2143.816
        },
        "http_req_connecting": {
            "max": 232.232,
            "p(90)": 0,
            "p(95)": 0,
            "avg": 0.06599273073476701,
            "min": 0,
            "med": 0
        },
        "data_received": {
            "count": 854911696,
            "rate": 2849220.526051764
        },
        "http_req_failed": {
            "passes": 0,
            "fails": 535680,
            "value": 0
        },
        "vus": {
            "value": 100,
            "min": 100,
            "max": 100
        },
        "http_req_sending": {
            "p(90)": 0.079,
            "p(95)": 0.096,
            "avg": 0.056669877538833145,
            "min": 0.019,
            "med": 0.048,
            "max": 43.796
        },
        "vus_max": {
            "value": 100,
            "min": 100,
            "max": 100
        },
        "http_req_duration": {
            "p(90)": 74.951,
            "p(95)": 87.53204999999998,
            "avg": 55.67418068996401,
            "min": 36.708,
            "med": 49.212,
            "max": 2143.816
        },
        "http_req_tls_handshaking": {
            "avg": 0.0805706074522102,
            "min": 0,
            "med": 0,
            "max": 495.566,
            "p(90)": 0,
            "p(95)": 0
        },
        "http_reqs": {
            "count": 535680,
            "rate": 1785.2960235970488
        },
        "data_sent": {
            "rate": 67211.75607833173,
            "count": 20166960
        },
        "iterations": {
            "count": 535680,
            "rate": 1785.2960235970488
        },
        "iteration_duration": {
            "p(90)": 75.2606732,
            "p(95)": 88.20286884999999,
            "avg": 55.99732878609032,
            "min": 36.856998,
            "med": 49.386863000000005,
            "max": 2144.11754
        },
        "http_req_blocked": {
            "p(90)": 0.001,
            "p(95)": 0.001,
            "avg": 0.15874218563306738,
            "min": 0,
            "med": 0.001,
            "max": 609.538
        },
        "http_req_receiving": {
            "avg": 0.2943656716696561,
            "min": 0.016,
            "med": 0.049,
            "max": 1077.077,
            "p(90)": 0.595,
            "p(95)": 1.137
        }
    }
}