{
    "metrics": {
        "iterations": {
            "count": 181764,
            "rate": 570.1941018344631
        },
        "http_req_failed": {
            "passes": 219,
            "fails": 181545,
            "value": 0.0012048590479963029
        },
        "http_req_waiting": {
            "med": 69.138,
            "max": 26349.338,
            "p(90)": 110.06370000000001,
            "p(95)": 138.60240000000002,
            "avg": 169.4685188706245,
            "min": 41.381
        },
        "http_req_duration{expected_response:true}": {
            "avg": 138.6140760582797,
            "min": 41.486,
            "med": 69.43,
            "max": 26341.179,
            "p(90)": 110.18820000000001,
            "p(95)": 138.2628
        },
        "http_req_blocked": {
            "max": 351.749,
            "p(90)": 0.001,
            "p(95)": 0.001,
            "avg": 0.19523504104131012,
            "min": 0,
            "med": 0.001
        },
        "http_req_connecting": {
            "avg": 0.06005822935234702,
            "min": 0,
            "med": 0,
            "max": 183.018,
            "p(90)": 0,
            "p(95)": 0
        },
        "http_req_sending": {
            "med": 0.051,
            "max": 12.31,
            "p(90)": 0.083,
            "p(95)": 0.102,
            "avg": 0.06005223256530905,
            "min": 0.021
        },
        "data_received": {
            "count": 42141473,
            "rate": 132197.90138430204
        },
        "http_req_receiving": {
            "avg": 0.42464364230541013,
            "min": 0.018,
            "med": 0.052,
            "max": 612.405,
            "p(90)": 0.807,
            "p(95)": 1.412
        },
        "http_req_duration": {
            "avg": 169.95321474549644,
            "min": 41.486,
            "med": 69.459,
            "max": 26349.609,
            "p(90)": 110.602,
            "p(95)": 139.4087
        },
        "checks": {
            "passes": 363090,
            "fails": 438,
            "value": 0.9987951409520037
        },
        "http_req_tls_handshaking": {
            "max": 175.842,
            "p(90)": 0,
            "p(95)": 0,
            "avg": 0.10464045135450363,
            "min": 0,
            "med": 0
        },
        "vus": {
            "value": 2,
            "min": 2,
            "max": 100
        },
        "vus_max": {
            "value": 100,
            "min": 100,
            "max": 100
        },
        "http_reqs": {
            "rate": 570.1941018344631,
            "count": 181764
        },
        "iteration_duration": {
            "p(90)": 111.19167800000004,
            "p(95)": 140.5897449,
            "avg": 170.32915221611026,
            "min": 41.644554,
            "med": 69.652512,
            "max": 26351.406102
        },
        "data_sent": {
            "count": 6839668,
            "rate": 21456.05484092515
        }
    },
    "root_group": {
        "path": "",
        "id": "d41d8cd98f00b204e9800998ecf8427e",
        "groups": {},
        "checks": {
                "is status 200": {
                    "path": "::is status 200",
                    "id": "548d37ca5f33793206f7832e7cea54fb",
                    "passes": 363090,
                    "fails": 438,
                    "name": "is status 200"
                }
            },
        "name": ""
    }
}