{
    "root_group": {
        "checks": {
            "is status 200": {
                "passes": 485258,
                "fails": 485258,
                "name": "is status 200",
                "path": "::is status 200",
                "id": "548d37ca5f33793206f7832e7cea54fb"
            }
        },
        "name": "",
        "path": "",
        "id": "d41d8cd98f00b204e9800998ecf8427e",
        "groups": {}
    },
    "metrics": {
        "vus_max": {
            "value": 100,
            "min": 100,
            "max": 100
        },
        "http_req_failed": {
            "fails": 485258,
            "passes": 0,
            "value": 0
        },
        "http_req_receiving": {
            "avg": 0.6379832872412108,
            "min": 0.014,
            "med": 0.049,
            "max": 7869.023,
            "p(90)": 0.719,
            "p(95)": 1.248
        },
        "http_reqs": {
            "count": 485258,
            "rate": 1617.2734286023049
        },
        "http_req_waiting": {
            "avg": 60.678023342221756,
            "min": 36.145,
            "med": 49.03,
            "max": 5239.514,
            "p(90)": 84.023,
            "p(95)": 115.36814999999996
        },
        "iterations": {
            "count": 485258,
            "rate": 1617.2734286023049
        },
        "data_sent": {
            "count": 18243146,
            "rate": 60800.96624870156
        },
        "http_req_sending": {
            "med": 0.049,
            "max": 16.249,
            "p(90)": 0.079,
            "p(95)": 0.094,
            "avg": 0.05464380391461261,
            "min": 0.015
        },
        "vus": {
            "value": 100,
            "min": 100,
            "max": 100
        },
        "data_received": {
            "count": 774364790,
            "rate": 2580811.8545437763
        },
        "iteration_duration": {
            "avg": 61.81691749958391,
            "min": 36.646202,
            "med": 49.522983999999994,
            "max": 7916.576197,
            "p(90)": 85.596632,
            "p(95)": 117.66947095
        },
        "http_req_duration": {
            "min": 36.515,
            "med": 49.343,
            "max": 7916,
            "p(90)": 85.0983,
            "p(95)": 116.58329999999992,
            "avg": 61.37065043337706
        },
        "http_req_tls_handshaking": {
            "avg": 0.15671350704161507,
            "min": 0,
            "med": 0,
            "max": 654.765,
            "p(90)": 0,
            "p(95)": 0
        },
        "checks": {
            "passes": 485258,
            "fails": 485258,
            "value": 0.5
        },
        "http_req_connecting": {
            "avg": 0.054705070292504196,
            "min": 0,
            "med": 0,
            "max": 489.098,
            "p(90)": 0,
            "p(95)": 0
        },
        "http_req_blocked": {
            "med": 0.001,
            "max": 945.217,
            "p(90)": 0.001,
            "p(95)": 0.001,
            "avg": 0.28794297878721453,
            "min": 0
        },
        "http_req_duration{expected_response:true}": {
            "p(90)": 85.0983,
            "p(95)": 116.58329999999992,
            "avg": 61.37065043337706,
            "min": 36.515,
            "med": 49.343,
            "max": 7916
        }
    }
}