{
    "metrics": {
        "vus_max": {
            "value": 100,
            "min": 100,
            "max": 100
        },
        "http_req_sending": {
            "avg": 0.04707299091354072,
            "min": 0.012,
            "med": 0.04,
            "max": 7.354,
            "p(90)": 0.075,
            "p(95)": 0.091
        },
        "http_req_connecting": {
            "p(90)": 0,
            "p(95)": 0,
            "avg": 0.04866069491075169,
            "min": 0,
            "med": 0,
            "max": 100.078
        },
        "iterations": {
            "count": 624886,
            "rate": 2082.569203443758
        },
        "http_req_tls_handshaking": {
            "p(95)": 0,
            "avg": 0.06733654138514873,
            "min": 0,
            "med": 0,
            "max": 121.462,
            "p(90)": 0
        },
        "vus": {
            "min": 100,
            "max": 100,
            "value": 100
        },
        "iteration_duration": {
            "avg": 48.00652065568942,
            "min": 37.304614,
            "med": 44.1855685,
            "max": 818.906942,
            "p(90)": 56.903586000000004,
            "p(95)": 67.56165075
        },
        "http_req_waiting": {
            "p(95)": 66.58,
            "avg": 47.403129594838724,
            "min": 36.476,
            "med": 43.82,
            "max": 779.963,
            "p(90)": 56.261
        },
        "http_req_receiving": {
            "p(95)": 1.098,
            "avg": 0.2070792432538805,
            "min": 0.011,
            "med": 0.043,
            "max": 353.08,
            "p(90)": 0.483
        },
        "data_received": {
            "rate": 603820.2986792419,
            "count": 181179502
        },
        "http_req_duration": {
            "p(95)": 66.993,
            "avg": 47.657281829005555,
            "min": 37.01,
            "med": 44.042,
            "max": 780.071,
            "p(90)": 56.631
        },
        "http_reqs": {
            "count": 624886,
            "rate": 2082.569203443758
        },
        "http_req_blocked": {
            "min": 0,
            "med": 0.001,
            "max": 772.069,
            "p(90)": 0.001,
            "p(95)": 0.001,
            "avg": 0.21275828071197947
        },
        "http_req_failed": {
            "passes": 624886,
            "fails": 0,
            "value": 1
        },
        "checks": {
            "passes": 0,
            "fails": 1249772,
            "value": 0
        },
        "data_sent": {
            "count": 23536982,
            "rate": 78442.13801430992
        }
    },
    "root_group": {
        "id": "d41d8cd98f00b204e9800998ecf8427e",
        "groups": {},
        "checks": {
                "is status 200": {
                    "path": "::is status 200",
                    "id": "548d37ca5f33793206f7832e7cea54fb",
                    "passes": 0,
                    "fails": 1249772,
                    "name": "is status 200"
                }
            },
        "name": "",
        "path": ""
    }
}