{
    "metrics": {
        "http_reqs": {
            "count": 209982,
            "rate": 660.2357898451954
        },
        "http_req_waiting": {
            "avg": 150.70153298854027,
            "min": 38.742,
            "med": 70.2025,
            "max": 26252.315,
            "p(90)": 125.107,
            "p(95)": 160.28679999999994
        },
        "data_received": {
            "rate": 153477.3372544891,
            "count": 48812074
        },
        "data_sent": {
            "count": 7942134,
            "rate": 24972.05053074255
        },
        "http_req_connecting": {
            "avg": 0.08146606375784587,
            "min": 0,
            "med": 0,
            "max": 117.111,
            "p(90)": 0,
            "p(95)": 0
        },
        "http_req_tls_handshaking": {
            "max": 469.185,
            "p(90)": 0,
            "p(95)": 0,
            "avg": 0.1230254307512072,
            "min": 0,
            "med": 0
        },
        "vus": {
            "value": 43,
            "min": 43,
            "max": 100
        },
        "http_req_duration{expected_response:true}": {
            "avg": 151.05443497061464,
            "min": 38.958,
            "med": 70.542,
            "max": 26252.386,
            "p(90)": 125.508,
            "p(95)": 160.67634999999976
        },
        "http_req_failed": {
            "passes": 0,
            "fails": 209982,
            "value": 0
        },
        "vus_max": {
            "value": 100,
            "min": 100,
            "max": 100
        },
        "http_req_duration": {
            "med": 70.542,
            "max": 26252.386,
            "p(90)": 125.508,
            "p(95)": 160.67634999999976,
            "avg": 151.05443497061464,
            "min": 38.958
        },
        "http_req_receiving": {
            "med": 0.038,
            "max": 868.829,
            "p(90)": 0.817,
            "p(95)": 1.612,
            "avg": 0.31021318493962213,
            "min": 0.011
        },
        "iteration_duration": {
            "avg": 151.41503116561856,
            "min": 39.062861,
            "med": 70.7180495,
            "max": 26254.048546,
            "p(90)": 126.25357299999997,
            "p(95)": 162.14229209999988
        },
        "iterations": {
            "count": 209982,
            "rate": 660.2357898451954
        },
        "http_req_sending": {
            "p(90)": 0.064,
            "p(95)": 0.078,
            "avg": 0.04268879713499414,
            "min": 0.012,
            "med": 0.038,
            "max": 3.594
        },
        "http_req_blocked": {
            "p(95)": 0.001,
            "avg": 0.22787576554102126,
            "min": 0,
            "med": 0,
            "max": 528.262,
            "p(90)": 0.001
        },
        "checks": {
            "passes": 419964,
            "fails": 0,
            "value": 1
        }
    },
    "root_group": {
        "name": "",
        "path": "",
        "id": "d41d8cd98f00b204e9800998ecf8427e",
        "groups": {},
        "checks": {
                "is status 200": {
                    "name": "is status 200",
                    "path": "::is status 200",
                    "id": "548d37ca5f33793206f7832e7cea54fb",
                    "passes": 419964,
                    "fails": 0
                }
            }
    }
}