{
    "root_group": {
        "checks": {
            "is status 200": {
                "name": "is status 200",
                "path": "::is status 200",
                "id": "548d37ca5f33793206f7832e7cea54fb",
                "passes": 422260,
                "fails": 0
            }
        },
        "name": "",
        "path": "",
        "id": "d41d8cd98f00b204e9800998ecf8427e",
        "groups": {}
    },
    "metrics": {
        "http_req_duration{expected_response:true}": {
            "p(90)": 125.5472,
            "p(95)": 164.23464999999996,
            "avg": 150.9125100743625,
            "min": 38.745,
            "med": 66.287,
            "max": 26264.64
        },
        "http_req_sending": {
            "p(90)": 0.065,
            "p(95)": 0.078,
            "avg": 0.043243191398668474,
            "min": 0.014,
            "med": 0.038,
            "max": 3.166
        },
        "http_req_waiting": {
            "avg": 150.52842361104413,
            "min": 38.222,
            "med": 66.0175,
            "max": 26264.579,
            "p(90)": 125.165,
            "p(95)": 163.735
        },
        "http_req_tls_handshaking": {
            "max": 160.01,
            "p(90)": 0,
            "p(95)": 0,
            "avg": 0.10831200208402404,
            "min": 0,
            "med": 0
        },
        "data_sent": {
            "count": 7984610,
            "rate": 24994.908506011903
        },
        "http_reqs": {
            "count": 211130,
            "rate": 660.9183207287886
        },
        "http_req_duration": {
            "avg": 150.9125100743625,
            "min": 38.745,
            "med": 66.287,
            "max": 26264.64,
            "p(90)": 125.5472,
            "p(95)": 164.23464999999996
        },
        "http_req_receiving": {
            "min": 0.011,
            "med": 0.037,
            "max": 744.817,
            "p(90)": 0.521,
            "p(95)": 1.382,
            "avg": 0.3408432719177085
        },
        "iterations": {
            "count": 211130,
            "rate": 660.9183207287886
        },
        "checks": {
            "passes": 422260,
            "fails": 0,
            "value": 1
        },
        "http_req_failed": {
            "passes": 0,
            "fails": 211130,
            "value": 0
        },
        "http_req_blocked": {
            "med": 0,
            "max": 261.691,
            "p(90)": 0.001,
            "p(95)": 0.001,
            "avg": 0.20810412542034523,
            "min": 0
        },
        "iteration_duration": {
            "p(95)": 165.17179349999998,
            "avg": 151.25147171755424,
            "min": 38.844095,
            "med": 66.43975449999999,
            "max": 26266.244129,
            "p(90)": 126.0715583
        },
        "vus_max": {
            "value": 100,
            "min": 100,
            "max": 100
        },
        "data_received": {
            "rate": 153628.44611986022,
            "count": 49076524
        },
        "vus": {
            "value": 100,
            "min": 100,
            "max": 100
        },
        "http_req_connecting": {
            "avg": 0.07611856675981625,
            "min": 0,
            "med": 0,
            "max": 116.86,
            "p(90)": 0,
            "p(95)": 0
        }
    }
}