{
    "root_group": {
        "groups": {},
        "checks": {
                "is status 200": {
                    "path": "::is status 200",
                    "id": "548d37ca5f33793206f7832e7cea54fb",
                    "passes": 428988,
                    "fails": 326,
                    "name": "is status 200"
                }
            },
        "name": "",
        "path": "",
        "id": "d41d8cd98f00b204e9800998ecf8427e"
    },
    "metrics": {
        "http_req_waiting": {
            "max": 26442.027,
            "p(90)": 99.85879999999999,
            "p(95)": 142.57279999999966,
            "avg": 144.08503575471428,
            "min": 38.163,
            "med": 61.343
        },
        "data_sent": {
            "count": 8115109,
            "rate": 26108.82530852769
        },
        "http_req_connecting": {
            "avg": 0.07480647265171878,
            "min": 0,
            "med": 0,
            "max": 339.766,
            "p(90)": 0,
            "p(95)": 0
        },
        "data_received": {
            "count": 49882933,
            "rate": 160488.88358418734
        },
        "http_reqs": {
            "count": 214657,
            "rate": 690.6182177285145
        },
        "iteration_duration": {
            "avg": 144.71854799099665,
            "min": 38.299613,
            "med": 61.712254,
            "max": 26443.967525,
            "p(90)": 100.75116499999994,
            "p(95)": 146.46227219999966
        },
        "vus": {
            "value": 100,
            "min": 100,
            "max": 100
        },
        "vus_max": {
            "value": 100,
            "min": 100,
            "max": 100
        },
        "http_req_tls_handshaking": {
            "avg": 0.12364067326013124,
            "min": 0,
            "med": 0,
            "max": 378.734,
            "p(90)": 0,
            "p(95)": 0
        },
        "http_req_receiving": {
            "min": 0.011,
            "med": 0.037,
            "max": 655.709,
            "p(90)": 0.28,
            "p(95)": 0.971,
            "avg": 0.23864240625741062
        },
        "http_req_blocked": {
            "avg": 0.22201283442884232,
            "min": 0,
            "med": 0,
            "max": 430.825,
            "p(90)": 0.001,
            "p(95)": 0.001
        },
        "http_req_failed": {
            "fails": 214494,
            "passes": 163,
            "value": 0.0007593509645620688
        },
        "iterations": {
            "count": 214657,
            "rate": 690.6182177285145
        },
        "http_req_duration": {
            "p(95)": 143.33459999999909,
            "avg": 144.36634315209722,
            "min": 38.235,
            "med": 61.563,
            "max": 26442.153,
            "p(90)": 100.13539999999999
        },
        "http_req_duration{expected_response:true}": {
            "max": 26359.97,
            "p(90)": 99.8897,
            "p(95)": 141.76409999999987,
            "avg": 124.6026129402207,
            "min": 38.235,
            "med": 61.546
        },
        "http_req_sending": {
            "p(95)": 0.079,
            "avg": 0.04266499112538179,
            "min": 0.013,
            "med": 0.037,
            "max": 11.462,
            "p(90)": 0.065
        },
        "checks": {
            "passes": 428988,
            "fails": 326,
            "value": 0.999240649035438
        }
    }
}