{
    "root_group": {
        "name": "",
        "path": "",
        "id": "d41d8cd98f00b204e9800998ecf8427e",
        "groups": {},
        "checks": {
                "is status 200": {
                    "passes": 0,
                    "fails": 1068732,
                    "name": "is status 200",
                    "path": "::is status 200",
                    "id": "548d37ca5f33793206f7832e7cea54fb"
                }
            }
    },
    "metrics": {
        "vus_max": {
            "value": 100,
            "min": 100,
            "max": 100
        },
        "checks": {
            "passes": 0,
            "fails": 1068732,
            "value": 0
        },
        "http_req_blocked": {
            "max": 227.036,
            "p(90)": 0.001,
            "p(95)": 0.001,
            "avg": 0.1312833469934394,
            "min": 0,
            "med": 0.001
        },
        "iteration_duration": {
            "med": 46.374668,
            "max": 808.983437,
            "p(90)": 74.9239695,
            "p(95)": 99.1199855,
            "avg": 56.134011646081824,
            "min": 36.923881
        },
        "http_reqs": {
            "count": 534366,
            "rate": 1781.3492131340902
        },
        "http_req_duration": {
            "p(95)": 98.143,
            "avg": 55.83808782931489,
            "min": 0.04,
            "med": 46.202,
            "max": 808.869,
            "p(90)": 74.3665
        },
        "http_req_tls_handshaking": {
            "avg": 0.0709697024137015,
            "min": 0,
            "med": 0,
            "max": 132.919,
            "p(90)": 0,
            "p(95)": 0
        },
        "http_req_waiting": {
            "max": 808.391,
            "p(90)": 73.9365,
            "p(95)": 97.669,
            "avg": 55.52539047955792,
            "min": 0,
            "med": 45.926
        },
        "iterations": {
            "rate": 1781.3492131340902,
            "count": 534366
        },
        "http_req_receiving": {
            "max": 541.841,
            "p(90)": 0.67,
            "p(95)": 1.388,
            "avg": 0.25911042431588877,
            "min": 0.01,
            "med": 0.047
        },
        "data_sent": {
            "count": 20127942,
            "rate": 67098.00706577253
        },
        "http_req_failed": {
            "passes": 534366,
            "fails": 0,
            "value": 1
        },
        "http_req_sending": {
            "med": 0.046,
            "max": 7.774,
            "p(90)": 0.084,
            "p(95)": 0.101,
            "avg": 0.0535869254406209,
            "min": 0.013
        },
        "vus": {
            "value": 100,
            "min": 100,
            "max": 100
        },
        "data_received": {
            "count": 154936630,
            "rate": 516492.8980065118
        },
        "http_req_connecting": {
            "p(90)": 0,
            "p(95)": 0,
            "avg": 0.05033562202685053,
            "min": 0,
            "med": 0,
            "max": 101.014
        }
    }
}