{
    "metrics": {
        "http_reqs": {
            "count": 578566,
            "rate": 1928.3926917941312
        },
        "http_req_blocked": {
            "min": 0,
            "med": 0.003,
            "max": 105.932,
            "p(90)": 0.005,
            "p(95)": 0.006,
            "avg": 0.020874188943418966
        },
        "http_req_waiting": {
            "avg": 51.62579986898599,
            "min": 36.801,
            "med": 46.529,
            "max": 1008.321,
            "p(90)": 64.5755,
            "p(95)": 84.48575
        },
        "http_req_failed": {
            "passes": 0,
            "fails": 578566,
            "value": 0
        },
        "http_req_duration{expected_response:true}": {
            "avg": 51.68873844989203,
            "min": 36.854,
            "med": 46.591,
            "max": 1008.503,
            "p(90)": 64.641,
            "p(95)": 84.56475
        },
        "http_req_duration": {
            "p(90)": 64.641,
            "p(95)": 84.56475,
            "avg": 51.68873844989203,
            "min": 36.854,
            "med": 46.591,
            "max": 1008.503
        },
        "http_req_connecting": {
            "max": 49.458,
            "p(90)": 0,
            "p(95)": 0,
            "avg": 0.008012670983085769,
            "min": 0,
            "med": 0
        },
        "checks": {
            "passes": 1157132,
            "fails": 0,
            "value": 1
        },
        "data_sent": {
            "count": 85627768,
            "rate": 285402.1183855314
        },
        "http_req_receiving": {
            "p(95)": 0.097,
            "avg": 0.04701934610745151,
            "min": 0.011,
            "med": 0.038,
            "max": 13.362,
            "p(90)": 0.075
        },
        "vus": {
            "value": 100,
            "min": 100,
            "max": 100
        },
        "iterations": {
            "count": 578566,
            "rate": 1928.3926917941312
        },
        "vus_max": {
            "value": 100,
            "min": 100,
            "max": 100
        },
        "iteration_duration": {
            "avg": 51.84540335779271,
            "min": 36.949433,
            "med": 46.7246935,
            "max": 1008.81525,
            "p(90)": 64.80228199999999,
            "p(95)": 84.8525545
        },
        "http_req_tls_handshaking": {
            "med": 0,
            "max": 0,
            "p(90)": 0,
            "p(95)": 0,
            "avg": 0,
            "min": 0
        },
        "http_req_sending": {
            "p(95)": 0.035,
            "avg": 0.015919234797777265,
            "min": 0.003,
            "med": 0.013,
            "max": 8.462,
            "p(90)": 0.026
        },
        "data_received": {
            "count": 139486727,
            "rate": 464917.0275285501
        }
    },
    "root_group": {
        "name": "",
        "path": "",
        "id": "d41d8cd98f00b204e9800998ecf8427e",
        "groups": {},
        "checks": {
                "is status 200": {
                    "name": "is status 200",
                    "path": "::is status 200",
                    "id": "548d37ca5f33793206f7832e7cea54fb",
                    "passes": 1157132,
                    "fails": 0
                }
            }
    }
}