{
    "metrics": {
        "http_req_failed": {
            "passes": 0,
            "fails": 517878,
            "value": 0
        },
        "http_req_duration": {
            "min": 37.058,
            "med": 48.719,
            "max": 881.934,
            "p(90)": 82.943,
            "p(95)": 102.934,
            "avg": 57.635367227416474
        },
        "vus_max": {
            "max": 100,
            "value": 100,
            "min": 100
        },
        "http_req_blocked": {
            "p(95)": 0.006,
            "avg": 0.15498643888763802,
            "min": 0,
            "med": 0.002,
            "max": 790.735,
            "p(90)": 0.004
        },
        "http_req_connecting": {
            "p(95)": 0,
            "avg": 0.008247608510112423,
            "min": 0,
            "med": 0,
            "max": 46.566,
            "p(90)": 0
        },
        "data_received": {
            "count": 124858305,
            "rate": 416114.8540312363
        },
        "data_sent": {
            "count": 76645944,
            "rate": 255437.68033409002
        },
        "iteration_duration": {
            "min": 37.175494,
            "med": 48.8506155,
            "max": 1058.749862,
            "p(90)": 83.0970691,
            "p(95)": 103.09429484999998,
            "avg": 57.92463448586039
        },
        "iterations": {
            "count": 517878,
            "rate": 1725.9302725276352
        },
        "http_req_duration{expected_response:true}": {
            "max": 881.934,
            "p(90)": 82.943,
            "p(95)": 102.934,
            "avg": 57.635367227416474,
            "min": 37.058,
            "med": 48.719
        },
        "vus": {
            "min": 100,
            "max": 100,
            "value": 100
        },
        "http_reqs": {
            "count": 517878,
            "rate": 1725.9302725276352
        },
        "http_req_tls_handshaking": {
            "med": 0,
            "max": 0,
            "p(90)": 0,
            "p(95)": 0,
            "avg": 0,
            "min": 0
        },
        "http_req_sending": {
            "p(95)": 0.035,
            "avg": 0.01573353762856419,
            "min": 0.004,
            "med": 0.012,
            "max": 5.395,
            "p(90)": 0.026
        },
        "checks": {
            "passes": 1035756,
            "fails": 0,
            "value": 1
        },
        "http_req_receiving": {
            "avg": 0.046935175852234515,
            "min": 0.011,
            "med": 0.037,
            "max": 12.461,
            "p(90)": 0.076,
            "p(95)": 0.1
        },
        "http_req_waiting": {
            "avg": 57.572698513938,
            "min": 36.995,
            "med": 48.659,
            "max": 881.818,
            "p(90)": 82.879,
            "p(95)": 102.85214999999997
        }
    },
    "root_group": {
        "id": "d41d8cd98f00b204e9800998ecf8427e",
        "groups": {},
        "checks": {
                "is status 200": {
                    "passes": 1035756,
                    "fails": 0,
                    "name": "is status 200",
                    "path": "::is status 200",
                    "id": "548d37ca5f33793206f7832e7cea54fb"
                }
            },
        "name": "",
        "path": ""
    }
}