{
    "root_group": {
        "groups": {},
        "checks": {
                "is status 200": {
                    "name": "is status 200",
                    "path": "::is status 200",
                    "id": "548d37ca5f33793206f7832e7cea54fb",
                    "passes": 666807,
                    "fails": 666807
                }
            },
        "name": "",
        "path": "",
        "id": "d41d8cd98f00b204e9800998ecf8427e"
    },
    "metrics": {
        "vus": {
            "value": 100,
            "min": 100,
            "max": 100
        },
        "http_req_blocked": {
            "med": 0.001,
            "max": 441.263,
            "p(90)": 0.001,
            "p(95)": 0.001,
            "avg": 0.11536216026485151,
            "min": 0
        },
        "http_req_receiving": {
            "med": 0.059,
            "max": 560.353,
            "p(90)": 0.653,
            "p(95)": 1.123,
            "avg": 0.2531898825297395,
            "min": 0.02
        },
        "iteration_duration": {
            "p(90)": 50.00880880000001,
            "p(95)": 54.8030694,
            "avg": 44.9788212802282,
            "min": 36.074943,
            "med": 42.774235,
            "max": 1038.222498
        },
        "vus_max": {
            "value": 100,
            "min": 100,
            "max": 100
        },
        "http_req_tls_handshaking": {
            "avg": 0.059521618699263895,
            "min": 0,
            "med": 0,
            "max": 396.785,
            "p(90)": 0,
            "p(95)": 0
        },
        "data_sent": {
            "count": 25076859,
            "rate": 83582.11543054016
        },
        "http_reqs": {
            "count": 666807,
            "rate": 2222.4928426599276
        },
        "http_req_sending": {
            "min": 0.022,
            "med": 0.063,
            "max": 92.776,
            "p(90)": 0.102,
            "p(95)": 0.123,
            "avg": 0.07270492511326342
        },
        "iterations": {
            "count": 666807,
            "rate": 2222.4928426599276
        },
        "http_req_duration": {
            "p(90)": 49.74,
            "p(95)": 54.435699999999954,
            "avg": 44.65944991129321,
            "min": 35.926,
            "med": 42.568,
            "max": 1037.962
        },
        "http_req_waiting": {
            "avg": 44.333555103650426,
            "min": 0,
            "med": 42.299,
            "max": 1037.851,
            "p(90)": 49.322,
            "p(95)": 53.85
        },
        "data_received": {
            "count": 1064103000,
            "rate": 3546695.372653492
        },
        "http_req_duration{expected_response:true}": {
            "min": 35.926,
            "med": 42.568,
            "max": 1037.962,
            "p(90)": 49.74,
            "p(95)": 54.435699999999954,
            "avg": 44.65944991129321
        },
        "http_req_failed": {
            "passes": 0,
            "fails": 666807,
            "value": 0
        },
        "http_req_connecting": {
            "avg": 0.046851496759932006,
            "min": 0,
            "med": 0,
            "max": 99.097,
            "p(90)": 0,
            "p(95)": 0
        },
        "checks": {
            "passes": 666807,
            "fails": 666807,
            "value": 0.5
        }
    }
}