{
    "root_group": {
        "groups": {},
        "checks": {
                "is status 200": {
                    "fails": 622914,
                    "name": "is status 200",
                    "path": "::is status 200",
                    "id": "548d37ca5f33793206f7832e7cea54fb",
                    "passes": 622914
                }
            },
        "name": "",
        "path": "",
        "id": "d41d8cd98f00b204e9800998ecf8427e"
    },
    "metrics": {
        "iterations": {
            "count": 622914,
            "rate": 2076.201294433917
        },
        "http_reqs": {
            "count": 622914,
            "rate": 2076.201294433917
        },
        "http_req_connecting": {
            "min": 0,
            "med": 0,
            "max": 816.331,
            "p(90)": 0,
            "p(95)": 0,
            "avg": 0.057735963551951076
        },
        "iteration_duration": {
            "p(95)": 63.883353749999976,
            "avg": 48.151190450086965,
            "min": 35.861433,
            "med": 42.634707500000005,
            "max": 5047.052376,
            "p(90)": 54.49768430000004
        },
        "http_req_receiving": {
            "med": 0.052,
            "max": 3345.26,
            "p(90)": 0.587,
            "p(95)": 1.094,
            "avg": 0.4486467345412321,
            "min": 0.012
        },
        "data_sent": {
            "count": 23452818,
            "rate": 78169.33170505571
        },
        "http_req_tls_handshaking": {
            "max": 1247.58,
            "p(90)": 0,
            "p(95)": 0,
            "avg": 0.07906155424344284,
            "min": 0,
            "med": 0
        },
        "vus_max": {
            "min": 100,
            "max": 100,
            "value": 100
        },
        "http_req_duration{expected_response:true}": {
            "max": 5046.633,
            "p(90)": 54.186,
            "p(95)": 63.304,
            "avg": 47.82650574878595,
            "min": 35.78,
            "med": 42.451
        },
        "http_req_blocked": {
            "avg": 0.14616168042400823,
            "min": 0,
            "med": 0.001,
            "max": 1467.603,
            "p(90)": 0.001,
            "p(95)": 0.001
        },
        "http_req_waiting": {
            "avg": 47.314977603648394,
            "min": 35.714,
            "med": 42.2,
            "max": 5046.553,
            "p(90)": 53.612,
            "p(95)": 62.09
        },
        "data_received": {
            "count": 994137712,
            "rate": 3313507.168726297
        },
        "vus": {
            "min": 100,
            "max": 100,
            "value": 100
        },
        "checks": {
            "passes": 622914,
            "fails": 622914,
            "value": 0.5
        },
        "http_req_duration": {
            "p(90)": 54.186,
            "p(95)": 63.304,
            "avg": 47.82650574878595,
            "min": 35.78,
            "med": 42.451,
            "max": 5046.633
        },
        "http_req_sending": {
            "avg": 0.06288141059601245,
            "min": 0.013,
            "med": 0.055,
            "max": 11.502,
            "p(90)": 0.094,
            "p(95)": 0.112
        },
        "http_req_failed": {
            "passes": 0,
            "fails": 622914,
            "value": 0
        }
    }
}