{
    "root_group": {
        "name": "",
        "path": "",
        "id": "d41d8cd98f00b204e9800998ecf8427e",
        "groups": {},
        "checks": {
                "is status 200": {
                    "path": "::is status 200",
                    "id": "548d37ca5f33793206f7832e7cea54fb",
                    "passes": 1015800,
                    "fails": 0,
                    "name": "is status 200"
                }
            }
    },
    "metrics": {
        "iterations": {
            "count": 507900,
            "rate": 1692.7637748152247
        },
        "http_req_tls_handshaking": {
            "avg": 0,
            "min": 0,
            "med": 0,
            "max": 0,
            "p(90)": 0,
            "p(95)": 0
        },
        "iteration_duration": {
            "avg": 59.062407274975264,
            "min": 37.0432,
            "med": 50.4047595,
            "max": 897.395486,
            "p(90)": 84.14242980000002,
            "p(95)": 104.27043284999999
        },
        "http_req_waiting": {
            "min": 36.887,
            "med": 50.204,
            "max": 897.112,
            "p(90)": 83.86610000000003,
            "p(95)": 103.90804999999999,
            "avg": 58.839427395157564
        },
        "http_req_sending": {
            "p(90)": 0.027,
            "p(95)": 0.036,
            "avg": 0.01608003544006121,
            "min": 0.004,
            "med": 0.013,
            "max": 1.396
        },
        "http_req_duration{expected_response:true}": {
            "avg": 58.90275620397755,
            "min": 36.934,
            "med": 50.266,
            "max": 897.186,
            "p(90)": 83.93810000000003,
            "p(95)": 103.99104999999999
        },
        "http_req_blocked": {
            "max": 97.558,
            "p(90)": 0.005,
            "p(95)": 0.006,
            "avg": 0.021812022051996532,
            "min": 0,
            "med": 0.003
        },
        "http_req_connecting": {
            "max": 47.991,
            "p(90)": 0,
            "p(95)": 0,
            "avg": 0.008791555424296122,
            "min": 0,
            "med": 0
        },
        "http_req_duration": {
            "p(95)": 103.99104999999999,
            "avg": 58.90275620397755,
            "min": 36.934,
            "med": 50.266,
            "max": 897.186,
            "p(90)": 83.93810000000003
        },
        "data_received": {
            "count": 122443073,
            "rate": 408086.6281777045
        },
        "http_reqs": {
            "count": 507900,
            "rate": 1692.7637748152247
        },
        "checks": {
            "passes": 1015800,
            "fails": 0,
            "value": 1
        },
        "vus": {
            "value": 100,
            "min": 100,
            "max": 100
        },
        "vus_max": {
            "value": 100,
            "min": 100,
            "max": 100
        },
        "http_req_receiving": {
            "min": 0.012,
            "med": 0.038,
            "max": 4.757,
            "p(90)": 0.076,
            "p(95)": 0.098,
            "avg": 0.04724877338058911
        },
        "data_sent": {
            "count": 75169200,
            "rate": 250529.03867265326
        },
        "http_req_failed": {
            "passes": 0,
            "fails": 507900,
            "value": 0
        }
    }
}