{
    "root_group": {
        "path": "",
        "id": "d41d8cd98f00b204e9800998ecf8427e",
        "groups": {},
        "checks": {
                "is status 200": {
                    "name": "is status 200",
                    "path": "::is status 200",
                    "id": "548d37ca5f33793206f7832e7cea54fb",
                    "passes": 682063,
                    "fails": 682063
                }
            },
        "name": ""
    },
    "metrics": {
        "http_req_failed": {
            "passes": 0,
            "fails": 682063,
            "value": 0
        },
        "data_received": {
            "count": 1088420996,
            "rate": 3627749.088074832
        },
        "iteration_duration": {
            "max": 1004.264984,
            "p(90)": 48.107525200000005,
            "p(95)": 51.3624531,
            "avg": 43.972955194120715,
            "min": 36.051684,
            "med": 42.385741
        },
        "vus": {
            "value": 100,
            "min": 100,
            "max": 100
        },
        "http_req_blocked": {
            "p(95)": 0.001,
            "avg": 0.1070998250884872,
            "min": 0,
            "med": 0.001,
            "max": 231.272,
            "p(90)": 0.001
        },
        "http_req_tls_handshaking": {
            "max": 190.259,
            "p(90)": 0,
            "p(95)": 0,
            "avg": 0.055037615293601856,
            "min": 0,
            "med": 0
        },
        "vus_max": {
            "max": 100,
            "value": 100,
            "min": 100
        },
        "http_req_duration{expected_response:true}": {
            "p(90)": 47.863,
            "p(95)": 51.059,
            "avg": 43.67216001454438,
            "min": 35.906,
            "med": 42.188,
            "max": 1004.055
        },
        "http_req_waiting": {
            "min": 27.497,
            "med": 41.939,
            "max": 1003.956,
            "p(90)": 47.503,
            "p(95)": 50.624900000000025,
            "avg": 43.37242063416374
        },
        "http_req_connecting": {
            "p(90)": 0,
            "p(95)": 0,
            "avg": 0.04269127485290954,
            "min": 0,
            "med": 0,
            "max": 83.481
        },
        "data_sent": {
            "rate": 85463.54351315263,
            "count": 25641331
        },
        "http_req_sending": {
            "avg": 0.06800464473223307,
            "min": 0.018,
            "med": 0.06,
            "max": 25.658,
            "p(90)": 0.095,
            "p(95)": 0.114
        },
        "http_reqs": {
            "count": 682063,
            "rate": 2273.3422410564967
        },
        "http_req_receiving": {
            "med": 0.056,
            "max": 369.442,
            "p(90)": 0.565,
            "p(95)": 1.042,
            "avg": 0.23173473564757552,
            "min": 0.017
        },
        "http_req_duration": {
            "avg": 43.67216001454438,
            "min": 35.906,
            "med": 42.188,
            "max": 1004.055,
            "p(90)": 47.863,
            "p(95)": 51.059
        },
        "checks": {
            "fails": 682063,
            "passes": 682063,
            "value": 0.5
        },
        "iterations": {
            "count": 682063,
            "rate": 2273.3422410564967
        }
    }
}