{
    "root_group": {
        "name": "",
        "path": "",
        "id": "d41d8cd98f00b204e9800998ecf8427e",
        "groups": {},
        "checks": {
                "is status 200": {
                    "fails": 956978,
                    "name": "is status 200",
                    "path": "::is status 200",
                    "id": "548d37ca5f33793206f7832e7cea54fb",
                    "passes": 0
                }
            }
    },
    "metrics": {
        "http_reqs": {
            "count": 478489,
            "rate": 1594.7272073914921
        },
        "iteration_duration": {
            "avg": 62.69112139076211,
            "min": 37.112258,
            "med": 49.482528,
            "max": 793.985123,
            "p(90)": 97.43192880000001,
            "p(95)": 126.82239439999992
        },
        "checks": {
            "passes": 0,
            "fails": 956978,
            "value": 0
        },
        "http_req_receiving": {
            "p(95)": 1.494,
            "avg": 0.29235141664695413,
            "min": 0.011,
            "med": 0.043,
            "max": 534.285,
            "p(90)": 0.799
        },
        "http_req_connecting": {
            "p(95)": 0,
            "avg": 0.05369509852891082,
            "min": 0,
            "med": 0,
            "max": 168.401,
            "p(90)": 0
        },
        "http_req_blocked": {
            "avg": 0.17310632846268612,
            "min": 0,
            "med": 0.001,
            "max": 520.082,
            "p(90)": 0.001,
            "p(95)": 0.001
        },
        "http_req_waiting": {
            "avg": 62.03242910286312,
            "min": 36.914,
            "med": 49.01,
            "max": 793.668,
            "p(90)": 96.5472,
            "p(95)": 125.08879999999994
        },
        "data_received": {
            "count": 138669042,
            "rate": 462161.7092562495
        },
        "vus": {
            "value": 100,
            "min": 100,
            "max": 100
        },
        "http_req_failed": {
            "passes": 478489,
            "fails": 0,
            "value": 1
        },
        "http_req_duration": {
            "avg": 62.37479678738884,
            "min": 37.01,
            "med": 49.313,
            "max": 793.792,
            "p(90)": 96.938,
            "p(95)": 125.6403999999999
        },
        "data_sent": {
            "count": 18000693,
            "rate": 59993.42697324616
        },
        "http_req_sending": {
            "avg": 0.050016267876585876,
            "min": 0.012,
            "med": 0.043,
            "max": 10.174,
            "p(90)": 0.078,
            "p(95)": 0.094
        },
        "vus_max": {
            "value": 100,
            "min": 100,
            "max": 100
        },
        "http_req_tls_handshaking": {
            "max": 349.505,
            "p(90)": 0,
            "p(95)": 0,
            "avg": 0.0992113507311557,
            "min": 0,
            "med": 0
        },
        "iterations": {
            "count": 478489,
            "rate": 1594.7272073914921
        }
    }
}