{
    "root_group": {
        "name": "",
        "path": "",
        "id": "d41d8cd98f00b204e9800998ecf8427e",
        "groups": {},
        "checks": {
                "is status 200": {
                    "passes": 0,
                    "fails": 1072470,
                    "name": "is status 200",
                    "path": "::is status 200",
                    "id": "548d37ca5f33793206f7832e7cea54fb"
                }
            }
    },
    "metrics": {
        "http_reqs": {
            "count": 536235,
            "rate": 1787.0541675018985
        },
        "data_sent": {
            "count": 20197095,
            "rate": 67308.7411138433
        },
        "iterations": {
            "count": 536235,
            "rate": 1787.0541675018985
        },
        "http_req_connecting": {
            "avg": 0.06336122222533026,
            "min": 0,
            "med": 0,
            "max": 132.862,
            "p(90)": 0,
            "p(95)": 0
        },
        "checks": {
            "passes": 0,
            "fails": 1072470,
            "value": 0
        },
        "iteration_duration": {
            "max": 571.173532,
            "p(90)": 74.79079420000002,
            "p(95)": 88.597979,
            "avg": 55.938424908581254,
            "min": 36.981741,
            "med": 49.838035
        },
        "vus_max": {
            "value": 100,
            "min": 100,
            "max": 100
        },
        "http_req_blocked": {
            "p(90)": 0.001,
            "p(95)": 0.001,
            "avg": 0.15677043273927746,
            "min": 0,
            "med": 0.001,
            "max": 246.76
        },
        "http_req_duration": {
            "avg": 55.6491079228332,
            "min": 36.915,
            "med": 49.696,
            "max": 571.041,
            "p(90)": 74.483,
            "p(95)": 87.96329999999999
        },
        "http_req_receiving": {
            "min": 0.011,
            "med": 0.04,
            "max": 341.01,
            "p(90)": 0.856,
            "p(95)": 1.574,
            "avg": 0.26080742398384626
        },
        "vus": {
            "value": 100,
            "min": 100,
            "max": 100
        },
        "http_req_failed": {
            "passes": 536235,
            "fails": 0,
            "value": 1
        },
        "http_req_tls_handshaking": {
            "max": 149.852,
            "p(90)": 0,
            "p(95)": 0,
            "avg": 0.08263594133169226,
            "min": 0,
            "med": 0
        },
        "http_req_sending": {
            "p(90)": 0.071,
            "p(95)": 0.086,
            "avg": 0.04632823668727948,
            "min": 0.012,
            "med": 0.04,
            "max": 8.793
        },
        "data_received": {
            "count": 155473518,
            "rate": 518130.2941398481
        },
        "http_req_waiting": {
            "max": 570.953,
            "p(90)": 74.09160000000003,
            "p(95)": 87.5893,
            "avg": 55.341972262161384,
            "min": 36.847,
            "med": 49.361
        }
    }
}