{
    "root_group": {
        "name": "",
        "path": "",
        "id": "d41d8cd98f00b204e9800998ecf8427e",
        "groups": {},
        "checks": {
                "is status 200": {
                    "id": "548d37ca5f33793206f7832e7cea54fb",
                    "passes": 0,
                    "fails": 1097560,
                    "name": "is status 200",
                    "path": "::is status 200"
                }
            }
    },
    "metrics": {
        "vus": {
            "value": 100,
            "min": 100,
            "max": 100
        },
        "http_req_connecting": {
            "med": 0,
            "max": 114.735,
            "p(90)": 0,
            "p(95)": 0,
            "avg": 0.05491874886111006,
            "min": 0
        },
        "http_reqs": {
            "count": 548780,
            "rate": 1828.6219555192158
        },
        "iterations": {
            "count": 548780,
            "rate": 1828.6219555192158
        },
        "http_req_blocked": {
            "avg": 0.13776072196441397,
            "min": 0,
            "med": 0,
            "max": 235.175,
            "p(90)": 0.001,
            "p(95)": 0.001
        },
        "http_req_waiting": {
            "p(95)": 85.48204999999999,
            "avg": 54.050251184444534,
            "min": 36.786,
            "med": 48.3635,
            "max": 1053.652,
            "p(90)": 71.536
        },
        "http_req_sending": {
            "avg": 0.044786608476985214,
            "min": 0.012,
            "med": 0.04,
            "max": 9.431,
            "p(90)": 0.066,
            "p(95)": 0.08
        },
        "http_req_tls_handshaking": {
            "min": 0,
            "med": 0,
            "max": 137.86,
            "p(90)": 0,
            "p(95)": 0,
            "avg": 0.07352915922591927
        },
        "http_req_failed": {
            "passes": 548780,
            "fails": 0,
            "value": 1
        },
        "data_sent": {
            "count": 20661260,
            "rate": 68846.5936526312
        },
        "http_req_duration": {
            "avg": 54.399588295856475,
            "min": 36.883,
            "med": 48.713,
            "max": 1053.86,
            "p(90)": 71.972,
            "p(95)": 85.93005
        },
        "http_req_receiving": {
            "avg": 0.3045505029337764,
            "min": 0.011,
            "med": 0.038,
            "max": 722.4,
            "p(90)": 1,
            "p(95)": 1.754
        },
        "iteration_duration": {
            "max": 1054.123589,
            "p(90)": 72.2836707,
            "p(95)": 86.5309534,
            "avg": 54.66655272654501,
            "min": 36.99286,
            "med": 48.8457245
        },
        "checks": {
            "passes": 0,
            "fails": 1097560,
            "value": 0
        },
        "data_received": {
            "count": 159086154,
            "rate": 530100.2843097618
        },
        "vus_max": {
            "value": 100,
            "min": 100,
            "max": 100
        }
    }
}