{
    "root_group": {
        "name": "",
        "path": "",
        "id": "d41d8cd98f00b204e9800998ecf8427e",
        "groups": {},
        "checks": {
                "is status 200": {
                    "name": "is status 200",
                    "path": "::is status 200",
                    "id": "548d37ca5f33793206f7832e7cea54fb",
                    "passes": 550776,
                    "fails": 550776
                }
            }
    },
    "metrics": {
        "http_reqs": {
            "count": 550776,
            "rate": 1835.7682798708963
        },
        "http_req_failed": {
            "passes": 0,
            "fails": 550776,
            "value": 0
        },
        "vus_max": {
            "value": 100,
            "min": 100,
            "max": 100
        },
        "http_req_duration{expected_response:true}": {
            "min": 35.743,
            "med": 42.838,
            "max": 8118.797,
            "p(90)": 58.6515,
            "p(95)": 91.76174999999999,
            "avg": 54.17511786642781
        },
        "http_req_waiting": {
            "avg": 52.98363484610806,
            "min": 14.805,
            "med": 42.57,
            "max": 7923.329,
            "p(90)": 56.198499999999996,
            "p(95)": 82.14750000000001
        },
        "iterations": {
            "count": 550776,
            "rate": 1835.7682798708963
        },
        "vus": {
            "value": 100,
            "min": 100,
            "max": 100
        },
        "http_req_duration": {
            "avg": 54.17511786642781,
            "min": 35.743,
            "med": 42.838,
            "max": 8118.797,
            "p(90)": 58.6515,
            "p(95)": 91.76174999999999
        },
        "http_req_sending": {
            "max": 43.82,
            "p(90)": 0.087,
            "p(95)": 0.106,
            "avg": 0.05971825932863944,
            "min": 0.013,
            "med": 0.051
        },
        "checks": {
            "passes": 550776,
            "fails": 550776,
            "value": 0.5
        },
        "data_received": {
            "count": 878975422,
            "rate": 2929675.945382034
        },
        "http_req_receiving": {
            "max": 7861.696,
            "p(90)": 0.668,
            "p(95)": 1.244,
            "avg": 1.131764760991674,
            "min": 0.013,
            "med": 0.05
        },
        "http_req_tls_handshaking": {
            "min": 0,
            "med": 0,
            "max": 270.893,
            "p(90)": 0,
            "p(95)": 0,
            "avg": 0.05920100185919505
        },
        "iteration_duration": {
            "med": 43.0151495,
            "max": 8119.460392,
            "p(90)": 59.0601985,
            "p(95)": 94.4184585,
            "avg": 54.46010562993687,
            "min": 35.837767
        },
        "http_req_blocked": {
            "max": 326.622,
            "p(90)": 0.001,
            "p(95)": 0.001,
            "avg": 0.11525528526894975,
            "min": 0,
            "med": 0.001
        },
        "data_sent": {
            "count": 20725512,
            "rate": 69079.33082357187
        },
        "http_req_connecting": {
            "p(95)": 0,
            "avg": 0.04593744280796554,
            "min": 0,
            "med": 0,
            "max": 84.374,
            "p(90)": 0
        }
    }
}