{
    "metrics": {
        "vus_max": {
            "value": 100,
            "min": 100,
            "max": 100
        },
        "http_req_receiving": {
            "p(95)": 0.104,
            "avg": 0.04967162501598889,
            "min": 0.012,
            "med": 0.04,
            "max": 2.967,
            "p(90)": 0.08
        },
        "data_received": {
            "count": 116897993,
            "rate": 389656.8087568115
        },
        "http_req_tls_handshaking": {
            "avg": 0,
            "min": 0,
            "med": 0,
            "max": 0,
            "p(90)": 0,
            "p(95)": 0
        },
        "iteration_duration": {
            "avg": 61.85997257228297,
            "min": 37.218222,
            "med": 52.9216225,
            "max": 848.524149,
            "p(90)": 87.82670949999999,
            "p(95)": 107.99972249999999
        },
        "http_req_connecting": {
            "med": 0,
            "max": 68.504,
            "p(90)": 0,
            "p(95)": 0,
            "avg": 0.012782310385930471,
            "min": 0
        },
        "data_sent": {
            "count": 71766088,
            "rate": 239218.34848816015
        },
        "iterations": {
            "count": 484906,
            "rate": 1616.3401924875684
        },
        "http_req_duration{expected_response:true}": {
            "med": 52.771,
            "max": 848.335,
            "p(90)": 87.605,
            "p(95)": 107.6745,
            "avg": 61.68251990282899,
            "min": 37.09
        },
        "http_reqs": {
            "rate": 1616.3401924875684,
            "count": 484906
        },
        "http_req_blocked": {
            "avg": 0.029119674741487217,
            "min": 0,
            "med": 0.003,
            "max": 132.78,
            "p(90)": 0.005,
            "p(95)": 0.006
        },
        "checks": {
            "passes": 969812,
            "fails": 0,
            "value": 1
        },
        "http_req_failed": {
            "passes": 0,
            "fails": 484906,
            "value": 0
        },
        "http_req_duration": {
            "med": 52.771,
            "max": 848.335,
            "p(90)": 87.605,
            "p(95)": 107.6745,
            "avg": 61.68251990282899,
            "min": 37.09
        },
        "vus": {
            "min": 100,
            "max": 100,
            "value": 100
        },
        "http_req_sending": {
            "avg": 0.016780081087892786,
            "min": 0.004,
            "med": 0.013,
            "max": 6.629,
            "p(90)": 0.028,
            "p(95)": 0.037
        },
        "http_req_waiting": {
            "med": 52.704499999999996,
            "max": 848.258,
            "p(90)": 87.535,
            "p(95)": 107.59575000000001,
            "avg": 61.6160681967234,
            "min": 37.041
        }
    },
    "root_group": {
        "id": "d41d8cd98f00b204e9800998ecf8427e",
        "groups": {},
        "checks": {
                "is status 200": {
                    "passes": 969812,
                    "fails": 0,
                    "name": "is status 200",
                    "path": "::is status 200",
                    "id": "548d37ca5f33793206f7832e7cea54fb"
                }
            },
        "name": "",
        "path": ""
    }
}