{
    "metrics": {
        "http_req_connecting": {
            "min": 0,
            "med": 0,
            "max": 64.54,
            "p(90)": 0,
            "p(95)": 0,
            "avg": 0.010481236642410291
        },
        "vus_max": {
            "min": 100,
            "max": 100,
            "value": 100
        },
        "iteration_duration": {
            "avg": 51.91099755310935,
            "min": 36.649014,
            "med": 48.135564,
            "max": 776.399633,
            "p(90)": 62.39259800000001,
            "p(95)": 73.65783499999996
        },
        "http_req_failed": {
            "passes": 0,
            "fails": 577855,
            "value": 0
        },
        "vus": {
            "value": 100,
            "min": 100,
            "max": 100
        },
        "checks": {
            "passes": 1155710,
            "fails": 0,
            "value": 1
        },
        "http_req_waiting": {
            "min": 36.548,
            "med": 47.942,
            "max": 776.109,
            "p(90)": 62.174,
            "p(95)": 73.369,
            "avg": 51.689133647716346
        },
        "http_req_duration": {
            "med": 48.001,
            "max": 776.19,
            "p(90)": 62.239,
            "p(95)": 73.44,
            "avg": 51.750545906844486,
            "min": 36.575
        },
        "data_sent": {
            "count": 85522540,
            "rate": 285045.92752759886
        },
        "http_reqs": {
            "count": 577855,
            "rate": 1925.9859968081005
        },
        "http_req_duration{expected_response:true}": {
            "avg": 51.750545906844486,
            "min": 36.575,
            "med": 48.001,
            "max": 776.19,
            "p(90)": 62.239,
            "p(95)": 73.44
        },
        "http_req_blocked": {
            "p(90)": 0.004,
            "p(95)": 0.006,
            "avg": 0.027700573673730935,
            "min": 0,
            "med": 0.002,
            "max": 148.531
        },
        "http_req_receiving": {
            "avg": 0.0459102421888057,
            "min": 0.011,
            "med": 0.037,
            "max": 4.58,
            "p(90)": 0.074,
            "p(95)": 0.095
        },
        "http_req_tls_handshaking": {
            "max": 0,
            "p(90)": 0,
            "p(95)": 0,
            "avg": 0,
            "min": 0,
            "med": 0
        },
        "http_req_sending": {
            "max": 5.585,
            "p(90)": 0.025,
            "p(95)": 0.034,
            "avg": 0.015502016941974308,
            "min": 0.004,
            "med": 0.012
        },
        "iterations": {
            "count": 577855,
            "rate": 1925.9859968081005
        },
        "data_received": {
            "count": 139315684,
            "rate": 464338.0372580359
        }
    },
    "root_group": {
        "name": "",
        "path": "",
        "id": "d41d8cd98f00b204e9800998ecf8427e",
        "groups": {},
        "checks": {
                "is status 200": {
                    "passes": 1155710,
                    "fails": 0,
                    "name": "is status 200",
                    "path": "::is status 200",
                    "id": "548d37ca5f33793206f7832e7cea54fb"
                }
            }
    }
}