{
    "root_group": {
        "groups": {},
        "checks": {
                "is status 200": {
                    "passes": 611364,
                    "fails": 611364,
                    "name": "is status 200",
                    "path": "::is status 200",
                    "id": "548d37ca5f33793206f7832e7cea54fb"
                }
            },
        "name": "",
        "path": "",
        "id": "d41d8cd98f00b204e9800998ecf8427e"
    },
    "metrics": {
        "http_req_duration": {
            "avg": 48.74438292899201,
            "min": 35.773,
            "med": 43.118,
            "max": 801.391,
            "p(90)": 60.923,
            "p(95)": 80.65284999999999
        },
        "checks": {
            "passes": 611364,
            "fails": 611364,
            "value": 0.5
        },
        "iteration_duration": {
            "p(90)": 61.3421858,
            "p(95)": 81.65911055,
            "avg": 49.059660952516204,
            "min": 35.839198,
            "med": 43.30239,
            "max": 801.555042
        },
        "vus_max": {
            "value": 100,
            "min": 100,
            "max": 100
        },
        "http_reqs": {
            "count": 611364,
            "rate": 2037.7371138735753
        },
        "http_req_connecting": {
            "avg": 0.055659127786392384,
            "min": 0,
            "med": 0,
            "max": 178.656,
            "p(90)": 0,
            "p(95)": 0
        },
        "http_req_sending": {
            "avg": 0.0634309936470014,
            "min": 0.013,
            "med": 0.055,
            "max": 63.662,
            "p(90)": 0.098,
            "p(95)": 0.12
        },
        "http_req_failed": {
            "passes": 0,
            "fails": 611364,
            "value": 0
        },
        "data_sent": {
            "count": 23025468,
            "rate": 76746.17855795952
        },
        "http_req_waiting": {
            "avg": 48.41295856314969,
            "min": 0,
            "med": 42.863,
            "max": 685.492,
            "p(90)": 60.395,
            "p(95)": 79.954
        },
        "iterations": {
            "count": 611364,
            "rate": 2037.7371138735753
        },
        "http_req_duration{expected_response:true}": {
            "avg": 48.74438292899201,
            "min": 35.773,
            "med": 43.118,
            "max": 801.391,
            "p(90)": 60.923,
            "p(95)": 80.65284999999999
        },
        "vus": {
            "value": 100,
            "min": 100,
            "max": 100
        },
        "http_req_blocked": {
            "avg": 0.13347626454884093,
            "min": 0,
            "med": 0.001,
            "max": 408.629,
            "p(90)": 0.001,
            "p(95)": 0.001
        },
        "http_req_tls_handshaking": {
            "p(95)": 0,
            "avg": 0.06883483652946525,
            "min": 0,
            "med": 0,
            "max": 229.834,
            "p(90)": 0
        },
        "data_received": {
            "count": 975725930,
            "rate": 3252191.722983051
        },
        "http_req_receiving": {
            "avg": 0.2679933721972665,
            "min": 0.012,
            "med": 0.054,
            "max": 495.853,
            "p(90)": 0.718,
            "p(95)": 1.252
        }
    }
}