{
    "metrics": {
        "http_req_duration{expected_response:true}": {
            "avg": 145.06866832359606,
            "min": 38.862,
            "med": 64.581,
            "max": 26320.719,
            "p(90)": 111.42830000000002,
            "p(95)": 142.84529999999987
        },
        "http_req_blocked": {
            "max": 468.677,
            "p(90)": 0.001,
            "p(95)": 0.001,
            "avg": 0.2154496835909407,
            "min": 0,
            "med": 0.001
        },
        "http_req_sending": {
            "avg": 0.04564805193590255,
            "min": 0.012,
            "med": 0.039,
            "max": 5.094,
            "p(90)": 0.072,
            "p(95)": 0.089
        },
        "iterations": {
            "count": 213648,
            "rate": 687.2898287677523
        },
        "http_req_connecting": {
            "avg": 0.08220280554931472,
            "min": 0,
            "med": 0,
            "max": 272.738,
            "p(90)": 0,
            "p(95)": 0
        },
        "data_sent": {
            "count": 8077776,
            "rate": 25985.60849558273
        },
        "http_reqs": {
            "count": 213648,
            "rate": 687.2898287677523
        },
        "vus_max": {
            "value": 100,
            "min": 100,
            "max": 100
        },
        "vus": {
            "value": 100,
            "min": 100,
            "max": 100
        },
        "http_req_duration": {
            "max": 26320.719,
            "p(90)": 111.42830000000002,
            "p(95)": 142.84529999999987,
            "avg": 145.06866832359606,
            "min": 38.862,
            "med": 64.581
        },
        "http_req_receiving": {
            "avg": 0.2522372266531399,
            "min": 0.011,
            "med": 0.04,
            "max": 496.738,
            "p(90)": 0.534,
            "p(95)": 1.327
        },
        "http_req_tls_handshaking": {
            "avg": 0.11247070882947649,
            "min": 0,
            "med": 0,
            "max": 269.58,
            "p(90)": 0,
            "p(95)": 0
        },
        "http_req_waiting": {
            "min": 38.744,
            "med": 64.31,
            "max": 26320.608,
            "p(90)": 111.076,
            "p(95)": 142.43365,
            "avg": 144.7707830450107
        },
        "checks": {
            "passes": 427296,
            "fails": 0,
            "value": 1
        },
        "iteration_duration": {
            "med": 64.7609765,
            "max": 26322.471525,
            "p(90)": 112.00183450000002,
            "p(95)": 144.95476505,
            "avg": 145.4430113197459,
            "min": 38.970143
        },
        "data_received": {
            "count": 49655764,
            "rate": 159738.9235419565
        },
        "http_req_failed": {
            "passes": 0,
            "fails": 213648,
            "value": 0
        }
    },
    "root_group": {
        "groups": {},
        "checks": {
                "is status 200": {
                    "path": "::is status 200",
                    "id": "548d37ca5f33793206f7832e7cea54fb",
                    "passes": 427296,
                    "fails": 0,
                    "name": "is status 200"
                }
            },
        "name": "",
        "path": "",
        "id": "d41d8cd98f00b204e9800998ecf8427e"
    }
}