{
    "root_group": {
        "name": "",
        "path": "",
        "id": "d41d8cd98f00b204e9800998ecf8427e",
        "groups": {},
        "checks": {
                "is status 200": {
                    "name": "is status 200",
                    "path": "::is status 200",
                    "id": "548d37ca5f33793206f7832e7cea54fb",
                    "passes": 433556,
                    "fails": 1000
                }
            }
    },
    "metrics": {
        "http_req_tls_handshaking": {
            "avg": 0.11364026730732062,
            "min": 0,
            "med": 0,
            "max": 486.94,
            "p(90)": 0,
            "p(95)": 0
        },
        "http_req_duration{expected_response:true}": {
            "p(90)": 83.13330000000002,
            "p(95)": 94.41614999999999,
            "avg": 82.37151805994951,
            "min": 38.488,
            "med": 58.971,
            "max": 13399.762
        },
        "http_req_sending": {
            "max": 1.011,
            "p(90)": 0.058,
            "p(95)": 0.069,
            "avg": 0.03993778477342735,
            "min": 0.013,
            "med": 0.036
        },
        "http_req_duration": {
            "max": 26462.969,
            "p(90)": 83.416,
            "p(95)": 95.16614999999999,
            "avg": 142.3919360220547,
            "min": 38.488,
            "med": 59.004
        },
        "iterations": {
            "count": 217278,
            "rate": 699.3345893083613
        },
        "http_req_failed": {
            "passes": 500,
            "fails": 216778,
            "value": 0.0023011993851195242
        },
        "data_sent": {
            "count": 8212086,
            "rate": 26431.556762189193
        },
        "iteration_duration": {
            "max": 26464.67885,
            "p(90)": 83.6827014,
            "p(95)": 95.70007934999998,
            "avg": 142.9634635060857,
            "min": 38.5743,
            "med": 59.130759499999996
        },
        "vus_max": {
            "min": 100,
            "max": 100,
            "value": 100
        },
        "http_req_blocked": {
            "avg": 0.45032620421923636,
            "min": 0,
            "med": 0,
            "max": 1120.599,
            "p(90)": 0.001,
            "p(95)": 0.001
        },
        "vus": {
            "value": 100,
            "min": 100,
            "max": 100
        },
        "checks": {
            "passes": 433556,
            "fails": 1000,
            "value": 0.9976988006148805
        },
        "data_received": {
            "count": 50475384,
            "rate": 162460.91155028043
        },
        "http_req_receiving": {
            "min": 0.012,
            "med": 0.034,
            "max": 44.686,
            "p(90)": 0.286,
            "p(95)": 1.135,
            "avg": 0.18957044891796962
        },
        "http_reqs": {
            "count": 217278,
            "rate": 699.3345893083613
        },
        "http_req_connecting": {
            "med": 0,
            "max": 116.811,
            "p(90)": 0,
            "p(95)": 0,
            "avg": 0.06667579322342809,
            "min": 0
        },
        "http_req_waiting": {
            "avg": 142.16242778836133,
            "min": 38.427,
            "med": 58.799,
            "max": 26462.867,
            "p(90)": 83.13560000000004,
            "p(95)": 94.94
        }
    }
}