{
    "metrics": {
        "http_reqs": {
            "count": 557303,
            "rate": 1857.201910142377
        },
        "http_req_duration": {
            "avg": 53.566292413643545,
            "min": 37.743,
            "med": 48.754,
            "max": 2370.162,
            "p(90)": 63.684,
            "p(95)": 75.729
        },
        "iteration_duration": {
            "avg": 53.82634468855236,
            "min": 37.842036,
            "med": 48.893017,
            "max": 2370.343971,
            "p(90)": 63.9400924,
            "p(95)": 76.38146970000001
        },
        "iterations": {
            "count": 557303,
            "rate": 1857.201910142377
        },
        "http_req_receiving": {
            "avg": 0.21811655239606145,
            "min": 0.012,
            "med": 0.039,
            "max": 2075.595,
            "p(90)": 0.465,
            "p(95)": 1.203
        },
        "http_req_connecting": {
            "p(95)": 0,
            "avg": 0.0479041706217264,
            "min": 0,
            "med": 0,
            "max": 164.174,
            "p(90)": 0
        },
        "http_req_tls_handshaking": {
            "avg": 0.0682426974195366,
            "min": 0,
            "med": 0,
            "max": 171.927,
            "p(90)": 0,
            "p(95)": 0
        },
        "http_req_sending": {
            "p(95)": 0.085,
            "avg": 0.04680816001349766,
            "min": 0.012,
            "med": 0.041,
            "max": 7.486,
            "p(90)": 0.07
        },
        "vus_max": {
            "value": 100,
            "min": 100,
            "max": 100
        },
        "http_req_failed": {
            "fails": 557303,
            "passes": 0,
            "value": 0
        },
        "http_req_blocked": {
            "avg": 0.1261305860539349,
            "min": 0,
            "med": 0.001,
            "max": 252.361,
            "p(90)": 0.001,
            "p(95)": 0.001
        },
        "vus": {
            "value": 100,
            "min": 100,
            "max": 100
        },
        "http_req_waiting": {
            "med": 48.503,
            "max": 1113.125,
            "p(90)": 63.339,
            "p(95)": 75.31080000000006,
            "avg": 53.301367701231406,
            "min": 37.679
        },
        "http_req_duration{expected_response:true}": {
            "p(95)": 75.729,
            "avg": 53.566292413643545,
            "min": 37.743,
            "med": 48.754,
            "max": 2370.162,
            "p(90)": 63.684
        },
        "checks": {
            "passes": 557303,
            "fails": 557303,
            "value": 0.5
        },
        "data_sent": {
            "count": 20979011,
            "rate": 69912.16501992263
        },
        "data_received": {
            "count": 188370702,
            "rate": 627741.8703456835
        }
    },
    "root_group": {
        "id": "d41d8cd98f00b204e9800998ecf8427e",
        "groups": {},
        "checks": {
                "is status 200": {
                    "passes": 557303,
                    "fails": 557303,
                    "name": "is status 200",
                    "path": "::is status 200",
                    "id": "548d37ca5f33793206f7832e7cea54fb"
                }
            },
        "name": "",
        "path": ""
    }
}