{
    "root_group": {
        "id": "d41d8cd98f00b204e9800998ecf8427e",
        "groups": {},
        "checks": {
                "is status 200": {
                    "id": "548d37ca5f33793206f7832e7cea54fb",
                    "passes": 363039,
                    "fails": 363039,
                    "name": "is status 200",
                    "path": "::is status 200"
                }
            },
        "name": "",
        "path": ""
    },
    "metrics": {
        "http_req_failed": {
            "passes": 0,
            "fails": 363039,
            "value": 0
        },
        "vus": {
            "max": 100,
            "value": 100,
            "min": 100
        },
        "http_reqs": {
            "rate": 1209.6927243063267,
            "count": 363039
        },
        "checks": {
            "passes": 363039,
            "fails": 363039,
            "value": 0.5
        },
        "http_req_sending": {
            "avg": 0.04946934351407339,
            "min": 0.013,
            "med": 0.043,
            "max": 10.07,
            "p(90)": 0.077,
            "p(95)": 0.094
        },
        "iterations": {
            "count": 363039,
            "rate": 1209.6927243063267
        },
        "http_req_tls_handshaking": {
            "max": 374.004,
            "p(90)": 0,
            "p(95)": 0,
            "avg": 0.08881896159916693,
            "min": 0,
            "med": 0
        },
        "data_sent": {
            "count": 13670843,
            "rate": 45553.01031634088
        },
        "http_req_blocked": {
            "avg": 0.17119138990449234,
            "min": 0,
            "med": 0.001,
            "max": 683.112,
            "p(90)": 0.001,
            "p(95)": 0.001
        },
        "data_received": {
            "count": 122790121,
            "rate": 409152.5042499387
        },
        "vus_max": {
            "value": 100,
            "min": 100,
            "max": 100
        },
        "http_req_receiving": {
            "min": 0.013,
            "med": 0.043,
            "max": 509.221,
            "p(90)": 0.702,
            "p(95)": 1.387,
            "avg": 0.25703864598565473
        },
        "iteration_duration": {
            "p(95)": 194.23094729999994,
            "avg": 82.63624569226826,
            "min": 38.442289,
            "med": 58.481598,
            "max": 1102.007399,
            "p(90)": 127.99004420000003
        },
        "http_req_duration": {
            "med": 58.328,
            "max": 1101.849,
            "p(90)": 127.0136000000001,
            "p(95)": 192.81,
            "avg": 82.32280842003202,
            "min": 38.287
        },
        "http_req_duration{expected_response:true}": {
            "avg": 82.32280842003202,
            "min": 38.287,
            "med": 58.328,
            "max": 1101.849,
            "p(90)": 127.0136000000001,
            "p(95)": 192.81
        },
        "http_req_connecting": {
            "avg": 0.06532140348557593,
            "min": 0,
            "med": 0,
            "max": 371.237,
            "p(90)": 0,
            "p(95)": 0
        },
        "http_req_waiting": {
            "avg": 82.01630043053211,
            "min": 38.148,
            "med": 58.029,
            "max": 1101.106,
            "p(90)": 126.62740000000008,
            "p(95)": 192.32319999999996
        }
    }
}