{
    "metrics": {
        "http_req_receiving": {
            "min": 0.011,
            "med": 0.04,
            "max": 412.317,
            "p(90)": 0.512,
            "p(95)": 1.261,
            "avg": 0.229584890215734
        },
        "http_req_failed": {
            "passes": 0,
            "fails": 526533,
            "value": 0
        },
        "data_sent": {
            "count": 19840521,
            "rate": 66138.97131745478
        },
        "http_req_duration{expected_response:true}": {
            "min": 0.052,
            "med": 50.071,
            "max": 936.738,
            "p(90)": 70.844,
            "p(95)": 89.43939999999996,
            "avg": 56.638135757872604
        },
        "checks": {
            "passes": 526533,
            "fails": 526533,
            "value": 0.5
        },
        "http_req_duration": {
            "avg": 56.638135757872604,
            "min": 0.052,
            "med": 50.071,
            "max": 936.738,
            "p(90)": 70.844,
            "p(95)": 89.43939999999996
        },
        "iterations": {
            "count": 526533,
            "rate": 1755.2135341956705
        },
        "vus": {
            "value": 100,
            "min": 100,
            "max": 100
        },
        "http_req_sending": {
            "avg": 0.04592553363227753,
            "min": 0.013,
            "med": 0.04,
            "max": 10.164,
            "p(90)": 0.07,
            "p(95)": 0.085
        },
        "http_req_waiting": {
            "avg": 56.36262533402391,
            "min": 0,
            "med": 49.82,
            "max": 936.603,
            "p(90)": 70.484,
            "p(95)": 89.02739999999997
        },
        "vus_max": {
            "value": 100,
            "min": 100,
            "max": 100
        },
        "http_req_tls_handshaking": {
            "avg": 0.08643803902129579,
            "min": 0,
            "med": 0,
            "max": 313.901,
            "p(90)": 0,
            "p(95)": 0
        },
        "iteration_duration": {
            "avg": 56.972459706694714,
            "min": 37.957478,
            "med": 50.205383,
            "max": 936.91848,
            "p(90)": 71.1547492,
            "p(95)": 90.37368399999993
        },
        "http_req_connecting": {
            "avg": 0.07525870553222679,
            "min": 0,
            "med": 0,
            "max": 282.903,
            "p(90)": 0,
            "p(95)": 0
        },
        "http_req_blocked": {
            "p(95)": 0.001,
            "avg": 0.1919906444609265,
            "min": 0,
            "med": 0.001,
            "max": 501.933,
            "p(90)": 0.001
        },
        "data_received": {
            "count": 178130125,
            "rate": 593802.1097404466
        },
        "http_reqs": {
            "count": 526533,
            "rate": 1755.2135341956705
        }
    },
    "root_group": {
        "name": "",
        "path": "",
        "id": "d41d8cd98f00b204e9800998ecf8427e",
        "groups": {},
        "checks": {
                "is status 200": {
                    "name": "is status 200",
                    "path": "::is status 200",
                    "id": "548d37ca5f33793206f7832e7cea54fb",
                    "passes": 526533,
                    "fails": 526533
                }
            }
    }
}