{
    "root_group": {
        "checks": {
            "is status 200": {
                "name": "is status 200",
                "path": "::is status 200",
                "id": "548d37ca5f33793206f7832e7cea54fb",
                "passes": 448905,
                "fails": 448905
            }
        },
        "name": "",
        "path": "",
        "id": "d41d8cd98f00b204e9800998ecf8427e",
        "groups": {}
    },
    "metrics": {
        "http_req_sending": {
            "avg": 0.04936534901594325,
            "min": 0.012,
            "med": 0.043,
            "max": 2.426,
            "p(90)": 0.077,
            "p(95)": 0.094
        },
        "http_req_tls_handshaking": {
            "avg": 0.07666233835666787,
            "min": 0,
            "med": 0,
            "max": 495.06,
            "p(90)": 0,
            "p(95)": 0
        },
        "http_req_duration{expected_response:true}": {
            "min": 38.304,
            "med": 55.314,
            "max": 1829.839,
            "p(90)": 97.739,
            "p(95)": 123.50719999999995,
            "avg": 66.50367016183726
        },
        "http_req_waiting": {
            "min": 37.846,
            "med": 55.037,
            "max": 1829.776,
            "p(90)": 97.362,
            "p(95)": 123.21719999999996,
            "avg": 66.22570206836704
        },
        "iterations": {
            "count": 448905,
            "rate": 1496.0601682636025
        },
        "http_req_connecting": {
            "avg": 0.06373691315534472,
            "min": 0,
            "med": 0,
            "max": 116.532,
            "p(90)": 0,
            "p(95)": 0
        },
        "data_sent": {
            "count": 16908085,
            "rate": 56349.36677050889
        },
        "iteration_duration": {
            "avg": 66.82540728649701,
            "min": 38.402541,
            "med": 55.479617,
            "max": 1829.926244,
            "p(90)": 98.24330140000002,
            "p(95)": 124.62108819999999
        },
        "http_req_duration": {
            "min": 38.304,
            "med": 55.314,
            "max": 1829.839,
            "p(90)": 97.739,
            "p(95)": 123.50719999999995,
            "avg": 66.50367016183726
        },
        "http_req_failed": {
            "passes": 0,
            "fails": 448905,
            "value": 0
        },
        "http_req_receiving": {
            "avg": 0.22860274445589718,
            "min": 0.012,
            "med": 0.042,
            "max": 428.382,
            "p(90)": 0.571,
            "p(95)": 1.27
        },
        "vus": {
            "value": 100,
            "min": 100,
            "max": 100
        },
        "http_reqs": {
            "count": 448905,
            "rate": 1496.0601682636025
        },
        "data_received": {
            "count": 151756400,
            "rate": 505756.68642380583
        },
        "checks": {
            "passes": 448905,
            "fails": 448905,
            "value": 0.5
        },
        "vus_max": {
            "value": 100,
            "min": 100,
            "max": 100
        },
        "http_req_blocked": {
            "avg": 0.18048939307812314,
            "min": 0,
            "med": 0.001,
            "max": 532.823,
            "p(90)": 0.001,
            "p(95)": 0.001
        }
    }
}