{
    "root_group": {
        "name": "",
        "path": "",
        "id": "d41d8cd98f00b204e9800998ecf8427e",
        "groups": {},
        "checks": {
                "is status 200": {
                    "name": "is status 200",
                    "path": "::is status 200",
                    "id": "548d37ca5f33793206f7832e7cea54fb",
                    "passes": 463286,
                    "fails": 463286
                }
            }
    },
    "metrics": {
        "checks": {
            "passes": 463286,
            "fails": 463286,
            "value": 0.5
        },
        "http_req_tls_handshaking": {
            "avg": 0.12104239713697365,
            "min": 0,
            "med": 0,
            "max": 916.731,
            "p(90)": 0,
            "p(95)": 0
        },
        "http_req_waiting": {
            "min": 37.601,
            "med": 52.138,
            "max": 3147.395,
            "p(90)": 87.3545,
            "p(95)": 131.32675,
            "avg": 63.794152981096126
        },
        "iterations": {
            "count": 463286,
            "rate": 1544.0699667406343
        },
        "http_req_connecting": {
            "avg": 0.4157049705797283,
            "min": 0,
            "med": 0,
            "max": 3234.098,
            "p(90)": 0,
            "p(95)": 0
        },
        "http_req_receiving": {
            "max": 699.672,
            "p(90)": 0.557,
            "p(95)": 1.19,
            "avg": 0.23392689828739127,
            "min": 0.012,
            "med": 0.04
        },
        "data_sent": {
            "count": 17440182,
            "rate": 58125.782433940614
        },
        "data_received": {
            "count": 156544946,
            "rate": 521743.26347792597
        },
        "http_reqs": {
            "count": 463286,
            "rate": 1544.0699667406343
        },
        "vus_max": {
            "value": 100,
            "min": 100,
            "max": 100
        },
        "http_req_blocked": {
            "avg": 0.5385255414529404,
            "min": 0,
            "med": 0.001,
            "max": 3491.447,
            "p(90)": 0.001,
            "p(95)": 0.001
        },
        "http_req_duration{expected_response:true}": {
            "min": 38.153,
            "med": 52.408,
            "max": 3147.511,
            "p(90)": 87.74,
            "p(95)": 131.80975,
            "avg": 64.0749595735685
        },
        "vus": {
            "max": 100,
            "value": 100,
            "min": 100
        },
        "http_req_failed": {
            "passes": 0,
            "fails": 463286,
            "value": 0
        },
        "http_req_sending": {
            "med": 0.04,
            "max": 6.702,
            "p(90)": 0.072,
            "p(95)": 0.089,
            "avg": 0.046879694184597524,
            "min": 0.012
        },
        "http_req_duration": {
            "avg": 64.0749595735685,
            "min": 38.153,
            "med": 52.408,
            "max": 3147.511,
            "p(90)": 87.74,
            "p(95)": 131.80975
        },
        "iteration_duration": {
            "avg": 64.74896062479183,
            "min": 38.28142,
            "med": 52.5541125,
            "max": 4218.50396,
            "p(90)": 88.187825,
            "p(95)": 133.58939475
        }
    }
}