{
    "root_group": {
        "groups": {},
        "checks": {
                "is status 200": {
                    "name": "is status 200",
                    "path": "::is status 200",
                    "id": "548d37ca5f33793206f7832e7cea54fb",
                    "passes": 335795,
                    "fails": 0
                }
            },
        "name": "",
        "path": "",
        "id": "d41d8cd98f00b204e9800998ecf8427e"
    },
    "metrics": {
        "http_req_sending": {
            "p(90)": 0.075,
            "p(95)": 0.09,
            "avg": 0.05087695468963573,
            "min": 0.013,
            "med": 0.045,
            "max": 8.622
        },
        "http_req_waiting": {
            "med": 53.972,
            "max": 2301.469,
            "p(90)": 179.5118000000001,
            "p(95)": 244.91959999999997,
            "avg": 88.65673412945604,
            "min": 36.259
        },
        "http_req_tls_handshaking": {
            "avg": 0.09548114474605039,
            "min": 0,
            "med": 0,
            "max": 379.999,
            "p(90)": 0,
            "p(95)": 0
        },
        "vus": {
            "value": 100,
            "min": 100,
            "max": 100
        },
        "vus_max": {
            "value": 100,
            "min": 100,
            "max": 100
        },
        "http_req_connecting": {
            "min": 0,
            "med": 0,
            "max": 452.496,
            "p(90)": 0,
            "p(95)": 0,
            "avg": 0.081753712830745
        },
        "http_req_receiving": {
            "med": 0.048,
            "max": 2480.597,
            "p(90)": 0.702,
            "p(95)": 1.245,
            "avg": 0.30694524933366224,
            "min": 0.015
        },
        "data_sent": {
            "count": 12656415,
            "rate": 42181.23927650229
        },
        "checks": {
            "passes": 335795,
            "fails": 0,
            "value": 1
        },
        "http_req_blocked": {
            "avg": 0.19540221265915225,
            "min": 0,
            "med": 0.001,
            "max": 832.61,
            "p(90)": 0.001,
            "p(95)": 0.001
        },
        "iteration_duration": {
            "p(95)": 246.80231549999993,
            "avg": 89.33743620121554,
            "min": 36.574005,
            "med": 54.405107,
            "max": 2662.048213,
            "p(90)": 180.89234700000003
        },
        "iterations": {
            "count": 335795,
            "rate": 1119.1359672429426
        },
        "data_received": {
            "count": 536002476,
            "rate": 1786386.4840836583
        },
        "http_req_failed": {
            "fails": 335795,
            "passes": 0,
            "value": 0
        },
        "http_reqs": {
            "count": 335795,
            "rate": 1119.1359672429426
        },
        "http_req_duration": {
            "p(95)": 245.71719999999996,
            "avg": 89.01455633347818,
            "min": 36.429,
            "med": 54.219,
            "max": 2661.886,
            "p(90)": 180.19820000000007
        },
        "http_req_duration{expected_response:true}": {
            "min": 36.429,
            "med": 54.219,
            "max": 2661.886,
            "p(90)": 180.19820000000007,
            "p(95)": 245.71719999999996,
            "avg": 89.01455633347818
        }
    }
}