{
    "metrics": {
        "vus": {
            "value": 100,
            "min": 100,
            "max": 100
        },
        "http_req_tls_handshaking": {
            "avg": 0,
            "min": 0,
            "med": 0,
            "max": 0,
            "p(90)": 0,
            "p(95)": 0
        },
        "http_req_waiting": {
            "avg": 90.61692825973654,
            "min": 38.365,
            "med": 66.476,
            "max": 1402.141,
            "p(90)": 164.666,
            "p(95)": 204.366
        },
        "vus_max": {
            "min": 100,
            "max": 100,
            "value": 100
        },
        "http_req_failed": {
            "passes": 0,
            "fails": 329996,
            "value": 0
        },
        "iteration_duration": {
            "p(95)": 204.924872,
            "avg": 90.90770703421143,
            "min": 38.552604,
            "med": 66.6870765,
            "max": 1402.324372,
            "p(90)": 165.0292065
        },
        "http_req_connecting": {
            "max": 101.492,
            "p(90)": 0,
            "p(95)": 0,
            "avg": 0.02790663523194221,
            "min": 0,
            "med": 0
        },
        "data_received": {
            "count": 58489534,
            "rate": 194928.83512782768
        },
        "checks": {
            "passes": 329996,
            "fails": 0,
            "value": 1
        },
        "http_req_receiving": {
            "avg": 0.06200756675838514,
            "min": 0.015,
            "med": 0.046,
            "max": 18.929,
            "p(90)": 0.101,
            "p(95)": 0.131
        },
        "http_reqs": {
            "count": 329996,
            "rate": 1099.7819862412073
        },
        "iterations": {
            "rate": 1099.7819862412073,
            "count": 329996
        },
        "http_req_blocked": {
            "p(95)": 0.007,
            "avg": 0.07947863004462383,
            "min": 0.001,
            "med": 0.003,
            "max": 259.839,
            "p(90)": 0.005
        },
        "http_req_duration": {
            "avg": 90.69804457933054,
            "min": 38.443,
            "med": 66.5505,
            "max": 1402.208,
            "p(90)": 164.748,
            "p(95)": 204.45850000000002
        },
        "http_req_sending": {
            "med": 0.015,
            "max": 2.443,
            "p(90)": 0.031,
            "p(95)": 0.043,
            "avg": 0.019108752833384424,
            "min": 0.006
        },
        "http_req_duration{expected_response:true}": {
            "min": 38.443,
            "med": 66.5505,
            "max": 1402.208,
            "p(90)": 164.748,
            "p(95)": 204.45850000000002,
            "avg": 90.69804457933054
        },
        "data_sent": {
            "count": 50159392,
            "rate": 167166.8619086635
        }
    },
    "root_group": {
        "groups": {},
        "checks": {
                "is status 200": {
                    "fails": 0,
                    "name": "is status 200",
                    "path": "::is status 200",
                    "id": "548d37ca5f33793206f7832e7cea54fb",
                    "passes": 329996
                }
            },
        "name": "",
        "path": "",
        "id": "d41d8cd98f00b204e9800998ecf8427e"
    }
}