{
    "root_group": {
        "name": "",
        "path": "",
        "id": "d41d8cd98f00b204e9800998ecf8427e",
        "groups": {},
        "checks": {
                "is status 200": {
                    "fails": 0,
                    "name": "is status 200",
                    "path": "::is status 200",
                    "id": "548d37ca5f33793206f7832e7cea54fb",
                    "passes": 374636
                }
            }
    },
    "metrics": {
        "iteration_duration": {
            "min": 36.331829,
            "med": 53.1709995,
            "max": 1747.562329,
            "p(90)": 153.3754105,
            "p(95)": 192.84742925,
            "avg": 80.07254969610206
        },
        "data_sent": {
            "count": 14093532,
            "rate": 46971.3294801433
        },
        "http_req_failed": {
            "passes": 0,
            "fails": 374636,
            "value": 0
        },
        "http_req_connecting": {
            "avg": 0.07582956790057549,
            "min": 0,
            "med": 0,
            "max": 369.806,
            "p(90)": 0,
            "p(95)": 0
        },
        "vus_max": {
            "value": 100,
            "min": 100,
            "max": 100
        },
        "data_received": {
            "count": 597988280,
            "rate": 1992992.5674518058
        },
        "http_req_sending": {
            "max": 26.472,
            "p(90)": 0.077,
            "p(95)": 0.092,
            "avg": 0.0531374427444402,
            "min": 0.016,
            "med": 0.047
        },
        "http_req_receiving": {
            "avg": 0.2681734189986932,
            "min": 0.015,
            "med": 0.049,
            "max": 562.446,
            "p(90)": 0.664,
            "p(95)": 1.215
        },
        "vus": {
            "value": 100,
            "min": 100,
            "max": 100
        },
        "http_req_duration": {
            "avg": 79.74953960911246,
            "min": 36.256,
            "med": 53.0105,
            "max": 1747.326,
            "p(90)": 152.878,
            "p(95)": 192.2505
        },
        "http_req_tls_handshaking": {
            "p(95)": 0,
            "avg": 0.10014163080963916,
            "min": 0,
            "med": 0,
            "max": 396.154,
            "p(90)": 0
        },
        "http_req_duration{expected_response:true}": {
            "med": 53.0105,
            "max": 1747.326,
            "p(90)": 152.878,
            "p(95)": 192.2505,
            "avg": 79.74953960911246,
            "min": 36.256
        },
        "http_req_blocked": {
            "min": 0,
            "med": 0.001,
            "max": 505.35,
            "p(90)": 0.001,
            "p(95)": 0.001,
            "avg": 0.19068562551327736
        },
        "checks": {
            "passes": 374636,
            "fails": 0,
            "value": 1
        },
        "http_reqs": {
            "count": 374636,
            "rate": 1248.5976539538112
        },
        "iterations": {
            "count": 374636,
            "rate": 1248.5976539538112
        },
        "http_req_waiting": {
            "p(90)": 152.386,
            "p(95)": 191.69774999999998,
            "avg": 79.42822874737111,
            "min": 32.369,
            "med": 52.735,
            "max": 1747.173
        }
    }
}