{
    "root_group": {
        "name": "",
        "path": "",
        "id": "d41d8cd98f00b204e9800998ecf8427e",
        "groups": {},
        "checks": {
                "is status 200": {
                    "name": "is status 200",
                    "path": "::is status 200",
                    "id": "548d37ca5f33793206f7832e7cea54fb",
                    "passes": 209663,
                    "fails": 0
                }
            }
    },
    "metrics": {
        "http_req_duration{expected_response:true}": {
            "min": 38.435,
            "med": 108.966,
            "max": 5055.64,
            "p(90)": 241.5808,
            "p(95)": 342.4095,
            "avg": 142.8789222418837
        },
        "iteration_duration": {
            "avg": 143.12688383591095,
            "min": 38.742196,
            "med": 109.09736,
            "max": 5055.77716,
            "p(90)": 242.16192,
            "p(95)": 344.3290199999999
        },
        "vus": {
            "value": 100,
            "min": 100,
            "max": 100
        },
        "http_req_tls_handshaking": {
            "med": 0,
            "max": 0,
            "p(90)": 0,
            "p(95)": 0,
            "avg": 0,
            "min": 0
        },
        "http_req_failed": {
            "passes": 0,
            "fails": 209663,
            "value": 0
        },
        "vus_max": {
            "max": 100,
            "value": 100,
            "min": 100
        },
        "http_reqs": {
            "count": 209663,
            "rate": 698.3436256328453
        },
        "http_req_connecting": {
            "p(90)": 0,
            "p(95)": 0,
            "avg": 0.0496292669665129,
            "min": 0,
            "med": 0,
            "max": 174.105
        },
        "data_sent": {
            "count": 31868776,
            "rate": 106148.23109619248
        },
        "iterations": {
            "count": 209663,
            "rate": 698.3436256328453
        },
        "http_req_duration": {
            "avg": 142.8789222418837,
            "min": 38.435,
            "med": 108.966,
            "max": 5055.64,
            "p(90)": 241.5808,
            "p(95)": 342.4095
        },
        "http_req_receiving": {
            "avg": 0.05802306081665408,
            "min": 0.014,
            "med": 0.046,
            "max": 5.444,
            "p(90)": 0.097,
            "p(95)": 0.125
        },
        "data_received": {
            "count": 37148255,
            "rate": 123733.07203766746
        },
        "http_req_blocked": {
            "avg": 0.12016289951078084,
            "min": 0,
            "med": 0.003,
            "max": 314.369,
            "p(90)": 0.005,
            "p(95)": 0.007
        },
        "http_req_sending": {
            "avg": 0.019359686735377538,
            "min": 0.004,
            "med": 0.015,
            "max": 9.718,
            "p(90)": 0.031,
            "p(95)": 0.042
        },
        "checks": {
            "passes": 209663,
            "fails": 0,
            "value": 1
        },
        "http_req_waiting": {
            "p(90)": 241.51920000000015,
            "p(95)": 342.3581999999999,
            "avg": 142.80153949433395,
            "min": 38.312,
            "med": 108.899,
            "max": 5055.581
        }
    }
}