{
    "root_group": {
        "checks": {
            "is status 200": {
                "path": "::is status 200",
                "id": "548d37ca5f33793206f7832e7cea54fb",
                "passes": 311779,
                "fails": 0,
                "name": "is status 200"
            }
        },
        "name": "",
        "path": "",
        "id": "d41d8cd98f00b204e9800998ecf8427e",
        "groups": {}
    },
    "metrics": {
        "http_req_blocked": {
            "avg": 0.3161026528420327,
            "min": 0,
            "med": 0.001,
            "max": 669.271,
            "p(90)": 0.001,
            "p(95)": 0.001
        },
        "http_req_sending": {
            "p(90)": 0.07820000000001164,
            "p(95)": 0.094,
            "avg": 0.05233569932550205,
            "min": 0.012,
            "med": 0.047,
            "max": 14.905
        },
        "checks": {
            "passes": 311779,
            "fails": 0,
            "value": 1
        },
        "http_req_tls_handshaking": {
            "avg": 0.15849150199339895,
            "min": 0,
            "med": 0,
            "max": 432.719,
            "p(90)": 0,
            "p(95)": 0
        },
        "http_reqs": {
            "count": 311779,
            "rate": 1030.362485183328
        },
        "data_sent": {
            "count": 11767823,
            "rate": 38890.12201423934
        },
        "http_req_failed": {
            "passes": 0,
            "fails": 311779,
            "value": 0
        },
        "http_req_waiting": {
            "max": 3194.653,
            "p(90)": 188.5294,
            "p(95)": 237.69119999999995,
            "avg": 95.03880750467565,
            "min": 35.859,
            "med": 61.883
        },
        "vus": {
            "value": 3,
            "min": 3,
            "max": 100
        },
        "http_req_connecting": {
            "max": 398.859,
            "p(90)": 0,
            "p(95)": 0,
            "avg": 0.13959590607449507,
            "min": 0,
            "med": 0
        },
        "data_received": {
            "rate": 1645037.2569535712,
            "count": 497774403
        },
        "iterations": {
            "count": 311779,
            "rate": 1030.362485183328
        },
        "iteration_duration": {
            "avg": 96.32728876162557,
            "min": 36.012906,
            "med": 62.546627,
            "max": 3195.06038,
            "p(90)": 190.24133040000004,
            "p(95)": 240.0983102
        },
        "vus_max": {
            "min": 100,
            "max": 100,
            "value": 100
        },
        "http_req_duration": {
            "med": 62.355,
            "max": 3194.856,
            "p(90)": 189.72,
            "p(95)": 239.48849999999965,
            "avg": 95.88044994371067,
            "min": 35.928
        },
        "http_req_duration{expected_response:true}": {
            "med": 62.355,
            "max": 3194.856,
            "p(90)": 189.72,
            "p(95)": 239.48849999999965,
            "avg": 95.88044994371067,
            "min": 35.928
        },
        "http_req_receiving": {
            "p(95)": 1.438,
            "avg": 0.7893067397099316,
            "min": 0.015,
            "med": 0.05,
            "max": 1973.26,
            "p(90)": 0.779
        }
    }
}