{
    "root_group": {
        "groups": {},
        "checks": {
                "is status 200": {
                    "fails": 0,
                    "name": "is status 200",
                    "path": "::is status 200",
                    "id": "548d37ca5f33793206f7832e7cea54fb",
                    "passes": 166786
                }
            },
        "name": "",
        "path": "",
        "id": "d41d8cd98f00b204e9800998ecf8427e"
    },
    "metrics": {
        "vus_max": {
            "value": 100,
            "min": 100,
            "max": 100
        },
        "http_req_sending": {
            "max": 6.405,
            "p(90)": 0.092,
            "p(95)": 0.11,
            "avg": 0.06425464367513326,
            "min": 0.024,
            "med": 0.056
        },
        "http_reqs": {
            "count": 166786,
            "rate": 555.5264890002451
        },
        "checks": {
            "passes": 166786,
            "fails": 0,
            "value": 1
        },
        "http_req_duration": {
            "p(90)": 243.3845,
            "p(95)": 292.76475,
            "avg": 179.43575142397972,
            "min": 41.873,
            "med": 167.44549999999998,
            "max": 4140.199
        },
        "http_req_blocked": {
            "avg": 0.3270706773925735,
            "min": 0,
            "med": 0.001,
            "max": 391.514,
            "p(90)": 0.001,
            "p(95)": 0.001
        },
        "iterations": {
            "count": 166786,
            "rate": 555.5264890002451
        },
        "http_req_receiving": {
            "max": 803.279,
            "p(90)": 0.369,
            "p(95)": 1.102,
            "avg": 0.6132297135250737,
            "min": 0.019,
            "med": 0.057
        },
        "http_req_tls_handshaking": {
            "p(95)": 0,
            "avg": 0.15236903577038852,
            "min": 0,
            "med": 0,
            "max": 190.315,
            "p(90)": 0
        },
        "iteration_duration": {
            "avg": 179.92547455948588,
            "min": 42.124029,
            "med": 167.688962,
            "max": 4140.461803,
            "p(90)": 244.081908,
            "p(95)": 294.8251595
        },
        "data_received": {
            "count": 30086856,
            "rate": 100212.52070758912
        },
        "data_sent": {
            "count": 6286282,
            "rate": 20938.185269299815
        },
        "http_req_failed": {
            "passes": 0,
            "fails": 166786,
            "value": 0
        },
        "http_req_duration{expected_response:true}": {
            "avg": 179.43575142397972,
            "min": 41.873,
            "med": 167.44549999999998,
            "max": 4140.199,
            "p(90)": 243.3845,
            "p(95)": 292.76475
        },
        "http_req_waiting": {
            "p(90)": 242.6755,
            "p(95)": 290.81975,
            "avg": 178.75826706678257,
            "min": 41.712,
            "med": 167.0935,
            "max": 4140.08
        },
        "vus": {
            "max": 100,
            "value": 100,
            "min": 100
        },
        "http_req_connecting": {
            "p(90)": 0,
            "p(95)": 0,
            "avg": 0.11556708596644796,
            "min": 0,
            "med": 0,
            "max": 149.034
        }
    }
}