{
    "metrics": {
        "http_req_blocked": {
            "p(90)": 0.001,
            "p(95)": 0.001,
            "avg": 0.45563139995576973,
            "min": 0,
            "med": 0.001,
            "max": 2068.85
        },
        "http_req_waiting": {
            "med": 175.333,
            "max": 11469.232,
            "p(90)": 294.5824,
            "p(95)": 358.2976,
            "avg": 191.74878796818012,
            "min": 42.295
        },
        "data_sent": {
            "count": 5859635,
            "rate": 19517.857765556986
        },
        "iteration_duration": {
            "max": 11469.497799,
            "p(90)": 297.287834,
            "p(95)": 362.29319449999986,
            "avg": 193.287639965511,
            "min": 42.897555,
            "med": 176.116767
        },
        "http_req_duration{expected_response:true}": {
            "min": 42.773,
            "med": 175.855,
            "max": 11469.317,
            "p(90)": 296.3738,
            "p(95)": 360.89959999999985,
            "avg": 192.6776509291146
        },
        "vus_max": {
            "value": 100,
            "min": 100,
            "max": 100
        },
        "http_req_tls_handshaking": {
            "avg": 0.23708524685195323,
            "min": 0,
            "med": 0,
            "max": 1849.958,
            "p(90)": 0,
            "p(95)": 0
        },
        "http_req_receiving": {
            "avg": 0.868242214421417,
            "min": 0.017,
            "med": 0.054,
            "max": 1125.187,
            "p(90)": 0.405,
            "p(95)": 1.181
        },
        "vus": {
            "value": 100,
            "min": 100,
            "max": 100
        },
        "iterations": {
            "count": 155255,
            "rate": 517.1388674194809
        },
        "http_req_connecting": {
            "med": 0,
            "max": 730.797,
            "p(90)": 0,
            "p(95)": 0,
            "avg": 0.1840771440533316,
            "min": 0
        },
        "checks": {
            "passes": 155255,
            "fails": 0,
            "value": 1
        },
        "http_req_duration": {
            "med": 175.855,
            "max": 11469.317,
            "p(90)": 296.3738,
            "p(95)": 360.89959999999985,
            "avg": 192.6776509291146,
            "min": 42.773
        },
        "http_req_failed": {
            "passes": 0,
            "fails": 155255,
            "value": 0
        },
        "data_received": {
            "count": 28034158,
            "rate": 93378.97470083913
        },
        "http_reqs": {
            "count": 155255,
            "rate": 517.1388674194809
        },
        "http_req_sending": {
            "avg": 0.06062074651379807,
            "min": 0.022,
            "med": 0.053,
            "max": 3.679,
            "p(90)": 0.086,
            "p(95)": 0.103
        }
    },
    "root_group": {
        "checks": {
            "is status 200": {
                "path": "::is status 200",
                "id": "548d37ca5f33793206f7832e7cea54fb",
                "passes": 155255,
                "fails": 0,
                "name": "is status 200"
            }
        },
        "name": "",
        "path": "",
        "id": "d41d8cd98f00b204e9800998ecf8427e",
        "groups": {}
    }
}