{
    "root_group": {
        "name": "",
        "path": "",
        "id": "d41d8cd98f00b204e9800998ecf8427e",
        "groups": {},
        "checks": {
                "is status 200": {
                    "fails": 0,
                    "name": "is status 200",
                    "path": "::is status 200",
                    "id": "548d37ca5f33793206f7832e7cea54fb",
                    "passes": 146352
                }
            }
    },
    "metrics": {
        "http_req_waiting": {
            "max": 19655.156,
            "p(90)": 265.6572,
            "p(95)": 323.2741999999997,
            "avg": 203.1356675686033,
            "min": 41.279,
            "med": 181.15800000000002
        },
        "checks": {
            "passes": 146352,
            "fails": 0,
            "value": 1
        },
        "iteration_duration": {
            "avg": 205.04651175406005,
            "min": 41.551053,
            "med": 182.215133,
            "max": 19656.018337,
            "p(90)": 268.5617227,
            "p(95)": 329.1310652999996
        },
        "http_reqs": {
            "count": 146352,
            "rate": 487.09307848430336
        },
        "http_req_connecting": {
            "min": 0,
            "med": 0,
            "max": 246.881,
            "p(90)": 0,
            "p(95)": 0,
            "avg": 0.10244303460150873
        },
        "data_received": {
            "count": 26467689,
            "rate": 88090.54960215872
        },
        "http_req_failed": {
            "passes": 0,
            "fails": 146352,
            "value": 0
        },
        "http_req_blocked": {
            "p(95)": 0.001,
            "avg": 0.24959925385305753,
            "min": 0,
            "med": 0.001,
            "max": 838.519,
            "p(90)": 0.001
        },
        "iterations": {
            "count": 146352,
            "rate": 487.09307848430336
        },
        "http_req_duration{expected_response:true}": {
            "avg": 204.6356102205637,
            "min": 41.397,
            "med": 181.833,
            "max": 19655.605,
            "p(90)": 267.4794,
            "p(95)": 327.29144999999994
        },
        "vus_max": {
            "value": 100,
            "min": 100,
            "max": 100
        },
        "http_req_sending": {
            "avg": 0.06496259019350711,
            "min": 0.015,
            "med": 0.054,
            "max": 31.077,
            "p(90)": 0.092,
            "p(95)": 0.111
        },
        "vus": {
            "value": 100,
            "min": 100,
            "max": 100
        },
        "data_sent": {
            "count": 5530224,
            "rate": 18405.855969633336
        },
        "http_req_tls_handshaking": {
            "max": 591.512,
            "p(90)": 0,
            "p(95)": 0,
            "avg": 0.14213723078605006,
            "min": 0,
            "med": 0
        },
        "http_req_duration": {
            "avg": 204.6356102205637,
            "min": 41.397,
            "med": 181.833,
            "max": 19655.605,
            "p(90)": 267.4794,
            "p(95)": 327.29144999999994
        },
        "http_req_receiving": {
            "p(95)": 1.187,
            "avg": 1.4349800617690163,
            "min": 0.012,
            "med": 0.055,
            "max": 7292.453,
            "p(90)": 0.535
        }
    }
}