{
    "metrics": {
        "http_req_sending": {
            "min": 0.004,
            "med": 0.013,
            "max": 46.768,
            "p(90)": 0.029,
            "p(95)": 0.039,
            "avg": 0.017764201724595682
        },
        "http_req_waiting": {
            "avg": 91.96344750150155,
            "min": 37.837,
            "med": 63.002,
            "max": 7111.178,
            "p(90)": 164.29340000000013,
            "p(95)": 235.3862999999999
        },
        "checks": {
            "passes": 325295,
            "fails": 0,
            "value": 1
        },
        "vus": {
            "value": 100,
            "min": 100,
            "max": 100
        },
        "http_reqs": {
            "count": 325295,
            "rate": 1083.9413447497714
        },
        "data_sent": {
            "count": 49444840,
            "rate": 164759.08440196526
        },
        "http_req_tls_handshaking": {
            "avg": 0,
            "min": 0,
            "med": 0,
            "max": 0,
            "p(90)": 0,
            "p(95)": 0
        },
        "vus_max": {
            "min": 100,
            "max": 100,
            "value": 100
        },
        "http_req_duration{expected_response:true}": {
            "max": 7111.281,
            "p(90)": 164.3918000000001,
            "p(95)": 235.4654999999997,
            "avg": 92.03742571204856,
            "min": 37.89,
            "med": 63.071
        },
        "http_req_connecting": {
            "min": 0,
            "med": 0,
            "max": 41.05,
            "p(90)": 0,
            "p(95)": 0,
            "avg": 0.012388183033861576
        },
        "http_req_receiving": {
            "max": 63.12,
            "p(90)": 0.093,
            "p(95)": 0.124,
            "avg": 0.056214008822775705,
            "min": 0.012,
            "med": 0.041
        },
        "http_req_duration": {
            "min": 37.89,
            "med": 63.071,
            "max": 7111.281,
            "p(90)": 164.3918000000001,
            "p(95)": 235.4654999999997,
            "avg": 92.03742571204856
        },
        "iterations": {
            "rate": 1083.9413447497714,
            "count": 325295
        },
        "data_received": {
            "count": 57676248,
            "rate": 192187.6137574857
        },
        "http_req_blocked": {
            "max": 224.035,
            "p(90)": 0.005,
            "p(95)": 0.007,
            "avg": 0.07241949615019773,
            "min": 0,
            "med": 0.003
        },
        "http_req_failed": {
            "passes": 0,
            "fails": 325295,
            "value": 0
        },
        "iteration_duration": {
            "med": 63.19403,
            "max": 7111.631093,
            "p(90)": 164.67093060000002,
            "p(95)": 236.05165599999995,
            "avg": 92.23140333636566,
            "min": 37.973964
        }
    },
    "root_group": {
        "checks": {
            "is status 200": {
                "passes": 325295,
                "fails": 0,
                "name": "is status 200",
                "path": "::is status 200",
                "id": "548d37ca5f33793206f7832e7cea54fb"
            }
        },
        "name": "",
        "path": "",
        "id": "d41d8cd98f00b204e9800998ecf8427e",
        "groups": {}
    }
}