{
    "root_group": {
        "name": "",
        "path": "",
        "id": "d41d8cd98f00b204e9800998ecf8427e",
        "groups": {},
        "checks": {
                "is status 200": {
                    "name": "is status 200",
                    "path": "::is status 200",
                    "id": "548d37ca5f33793206f7832e7cea54fb",
                    "passes": 152080,
                    "fails": 0
                }
            }
    },
    "metrics": {
        "iterations": {
            "count": 152080,
            "rate": 506.7426139939885
        },
        "http_reqs": {
            "count": 152080,
            "rate": 506.7426139939885
        },
        "data_received": {
            "count": 27543103,
            "rate": 91775.80228646546
        },
        "iteration_duration": {
            "avg": 197.2879510032685,
            "min": 45.871817,
            "med": 173.82807350000002,
            "max": 11119.914836,
            "p(90)": 276.98735750000003,
            "p(95)": 361.5773295499994
        },
        "http_req_sending": {
            "p(95)": 0.113,
            "avg": 0.06504432535507619,
            "min": 0.019,
            "med": 0.057,
            "max": 18.072,
            "p(90)": 0.094
        },
        "http_req_waiting": {
            "med": 173.284,
            "max": 11119.647,
            "p(90)": 275.20570000000004,
            "p(95)": 358.5243499999999,
            "avg": 195.85713816412377,
            "min": 44.473
        },
        "vus": {
            "max": 100,
            "value": 100,
            "min": 100
        },
        "http_req_tls_handshaking": {
            "avg": 0.33849389794844825,
            "min": 0,
            "med": 0,
            "max": 479.111,
            "p(90)": 0,
            "p(95)": 0
        },
        "http_req_blocked": {
            "avg": 0.6031076670199517,
            "min": 0,
            "med": 0.001,
            "max": 808.143,
            "p(90)": 0.001,
            "p(95)": 0.001
        },
        "http_req_failed": {
            "fails": 152080,
            "passes": 0,
            "value": 0
        },
        "data_sent": {
            "count": 5742160,
            "rate": 19133.332248630464
        },
        "http_req_duration": {
            "p(95)": 360.5433999999999,
            "avg": 196.5207466202011,
            "min": 45.734,
            "med": 173.61849999999998,
            "max": 11119.732,
            "p(90)": 276.1931000000001
        },
        "vus_max": {
            "value": 100,
            "min": 100,
            "max": 100
        },
        "http_req_duration{expected_response:true}": {
            "avg": 196.5207466202011,
            "min": 45.734,
            "med": 173.61849999999998,
            "max": 11119.732,
            "p(90)": 276.1931000000001,
            "p(95)": 360.5433999999999
        },
        "http_req_receiving": {
            "min": 0.016,
            "med": 0.059,
            "max": 1983.513,
            "p(90)": 0.566,
            "p(95)": 1.216,
            "avg": 0.59856413072063
        },
        "http_req_connecting": {
            "min": 0,
            "med": 0,
            "max": 287.586,
            "p(90)": 0,
            "p(95)": 0,
            "avg": 0.15019116254602835
        },
        "checks": {
            "passes": 152080,
            "fails": 0,
            "value": 1
        }
    }
}