{
    "root_group": {
        "name": "",
        "path": "",
        "id": "d41d8cd98f00b204e9800998ecf8427e",
        "groups": {},
        "checks": {
                "is status 200": {
                    "fails": 0,
                    "name": "is status 200",
                    "path": "::is status 200",
                    "id": "548d37ca5f33793206f7832e7cea54fb",
                    "passes": 169439
                }
            }
    },
    "metrics": {
        "http_reqs": {
            "count": 169439,
            "rate": 564.2522535223782
        },
        "http_req_blocked": {
            "p(95)": 0.001,
            "avg": 0.25714459480910357,
            "min": 0,
            "med": 0.001,
            "max": 1964.529,
            "p(90)": 0.001
        },
        "data_received": {
            "count": 30524146,
            "rate": 101649.07823668745
        },
        "http_req_duration": {
            "p(95)": 320.0541,
            "avg": 176.67894976363354,
            "min": 44.265,
            "med": 160.647,
            "max": 2109.825,
            "p(90)": 260.6144000000001
        },
        "iteration_duration": {
            "avg": 177.0855713420381,
            "min": 44.432161,
            "med": 160.990699,
            "max": 2301.414872,
            "p(90)": 261.57160860000005,
            "p(95)": 321.06213060000005
        },
        "data_sent": {
            "count": 6384443,
            "rate": 21260.963238895252
        },
        "http_req_tls_handshaking": {
            "p(90)": 0,
            "p(95)": 0,
            "avg": 0.13279679412649978,
            "min": 0,
            "med": 0,
            "max": 1663.064
        },
        "iterations": {
            "count": 169439,
            "rate": 564.2522535223782
        },
        "vus": {
            "value": 100,
            "min": 100,
            "max": 100
        },
        "http_req_sending": {
            "p(95)": 0.102,
            "avg": 0.05877879354811777,
            "min": 0.019,
            "med": 0.051,
            "max": 11.077,
            "p(90)": 0.084
        },
        "http_req_waiting": {
            "min": 44.153,
            "med": 160.269,
            "max": 2109.685,
            "p(90)": 259.1326000000001,
            "p(95)": 318.0774,
            "avg": 175.94653825860405
        },
        "http_req_connecting": {
            "min": 0,
            "med": 0,
            "max": 674.164,
            "p(90)": 0,
            "p(95)": 0,
            "avg": 0.09701831337531495
        },
        "http_req_receiving": {
            "avg": 0.673632711477265,
            "min": 0.016,
            "med": 0.052,
            "max": 1170.597,
            "p(90)": 0.309,
            "p(95)": 1.177
        },
        "http_req_failed": {
            "passes": 0,
            "fails": 169439,
            "value": 0
        },
        "checks": {
            "passes": 169439,
            "fails": 0,
            "value": 1
        },
        "http_req_duration{expected_response:true}": {
            "p(95)": 320.0541,
            "avg": 176.67894976363354,
            "min": 44.265,
            "med": 160.647,
            "max": 2109.825,
            "p(90)": 260.6144000000001
        },
        "vus_max": {
            "value": 100,
            "min": 100,
            "max": 100
        }
    }
}