{
    "root_group": {
        "checks": {
            "is status 200": {
                "name": "is status 200",
                "path": "::is status 200",
                "id": "548d37ca5f33793206f7832e7cea54fb",
                "passes": 280013,
                "fails": 0
            }
        },
        "name": "",
        "path": "",
        "id": "d41d8cd98f00b204e9800998ecf8427e",
        "groups": {}
    },
    "metrics": {
        "http_req_sending": {
            "p(90)": 0.03,
            "p(95)": 0.042,
            "avg": 0.01884523218566054,
            "min": 0.005,
            "med": 0.015,
            "max": 20.863
        },
        "vus_max": {
            "value": 100,
            "min": 100,
            "max": 100
        },
        "http_req_duration": {
            "p(90)": 200.94960000000003,
            "p(95)": 251.8589999999998,
            "avg": 106.99575171152708,
            "min": 38.972,
            "med": 75.429,
            "max": 2521.119
        },
        "iterations": {
            "count": 280013,
            "rate": 928.7473964729146
        },
        "http_req_blocked": {
            "min": 0.001,
            "med": 0.003,
            "max": 108.358,
            "p(90)": 0.005,
            "p(95)": 0.007,
            "avg": 0.04120016570700191
        },
        "http_req_waiting": {
            "avg": 106.9192255359575,
            "min": 38.923,
            "med": 75.362,
            "max": 2521.043,
            "p(90)": 200.87960000000004,
            "p(95)": 251.7791999999992
        },
        "http_req_failed": {
            "passes": 0,
            "fails": 280013,
            "value": 0
        },
        "http_reqs": {
            "count": 280013,
            "rate": 928.7473964729146
        },
        "http_req_receiving": {
            "avg": 0.05768094338478478,
            "min": 0.013,
            "med": 0.045,
            "max": 6.862,
            "p(90)": 0.098,
            "p(95)": 0.128
        },
        "iteration_duration": {
            "avg": 107.16349418144584,
            "min": 39.079436,
            "med": 75.575489,
            "max": 2521.274741,
            "p(90)": 201.06480620000008,
            "p(95)": 252.00115339999994
        },
        "http_req_connecting": {
            "med": 0,
            "max": 52.156,
            "p(90)": 0,
            "p(95)": 0,
            "avg": 0.017908736380096636,
            "min": 0
        },
        "http_req_tls_handshaking": {
            "med": 0,
            "max": 0,
            "p(90)": 0,
            "p(95)": 0,
            "avg": 0,
            "min": 0
        },
        "http_req_duration{expected_response:true}": {
            "avg": 106.99575171152708,
            "min": 38.972,
            "med": 75.429,
            "max": 2521.119,
            "p(90)": 200.94960000000003,
            "p(95)": 251.8589999999998
        },
        "checks": {
            "passes": 280013,
            "fails": 0,
            "value": 1
        },
        "data_received": {
            "count": 49629613,
            "rate": 164611.5496841515
        },
        "data_sent": {
            "count": 42561976,
            "rate": 141169.60426388303
        },
        "vus": {
            "max": 100,
            "value": 2,
            "min": 2
        }
    }
}