{
    "metrics": {
        "vus_max": {
            "value": 100,
            "min": 100,
            "max": 100
        },
        "http_req_duration{expected_response:true}": {
            "p(95)": 213.1459,
            "avg": 79.2824827514834,
            "min": 35.74,
            "med": 50.629,
            "max": 7966.566,
            "p(90)": 142.4926000000001
        },
        "checks": {
            "passes": 376902,
            "fails": 0,
            "value": 1
        },
        "iteration_duration": {
            "min": 35.84111,
            "med": 50.782212,
            "max": 7967.314301,
            "p(90)": 143.34490870000005,
            "p(95)": 214.0741528,
            "avg": 79.62990487188266
        },
        "http_req_tls_handshaking": {
            "avg": 0.15338247608131553,
            "min": 0,
            "med": 0,
            "max": 563.933,
            "p(90)": 0,
            "p(95)": 0
        },
        "data_sent": {
            "count": 14177374,
            "rate": 47189.94769656371
        },
        "http_req_connecting": {
            "avg": 0.05594558267135754,
            "min": 0,
            "med": 0,
            "max": 348.011,
            "p(90)": 0,
            "p(95)": 0
        },
        "http_req_blocked": {
            "max": 649.28,
            "p(90)": 0.001,
            "p(95)": 0.001,
            "avg": 0.22161702776871273,
            "min": 0,
            "med": 0.001
        },
        "http_req_sending": {
            "p(95)": 0.093,
            "avg": 0.050592230871692026,
            "min": 0.013,
            "med": 0.041,
            "max": 32.661,
            "p(90)": 0.077
        },
        "iterations": {
            "count": 376902,
            "rate": 1254.5331502667739
        },
        "vus": {
            "value": 100,
            "min": 100,
            "max": 100
        },
        "http_reqs": {
            "count": 376902,
            "rate": 1254.5331502667739
        },
        "http_req_receiving": {
            "max": 2768.296,
            "p(90)": 0.684,
            "p(95)": 1.267,
            "avg": 0.7975231174151955,
            "min": 0.012,
            "med": 0.045
        },
        "data_received": {
            "count": 601754025,
            "rate": 2002961.9706686647
        },
        "http_req_failed": {
            "passes": 0,
            "fails": 376902,
            "value": 0
        },
        "http_req_waiting": {
            "avg": 78.43436740319932,
            "min": 35.673,
            "med": 50.324,
            "max": 7966.005,
            "p(90)": 141.07770000000008,
            "p(95)": 210.38795000000002
        },
        "http_req_duration": {
            "avg": 79.2824827514834,
            "min": 35.74,
            "med": 50.629,
            "max": 7966.566,
            "p(90)": 142.4926000000001,
            "p(95)": 213.1459
        }
    },
    "root_group": {
        "name": "",
        "path": "",
        "id": "d41d8cd98f00b204e9800998ecf8427e",
        "groups": {},
        "checks": {
                "is status 200": {
                    "name": "is status 200",
                    "path": "::is status 200",
                    "id": "548d37ca5f33793206f7832e7cea54fb",
                    "passes": 376902,
                    "fails": 0
                }
            }
    }
}