{
    "root_group": {
        "path": "",
        "id": "d41d8cd98f00b204e9800998ecf8427e",
        "groups": {},
        "checks": {
                "is status 200": {
                    "name": "is status 200",
                    "path": "::is status 200",
                    "id": "548d37ca5f33793206f7832e7cea54fb",
                    "passes": 228429,
                    "fails": 0
                }
            },
        "name": ""
    },
    "metrics": {
        "http_req_waiting": {
            "p(90)": 227.20360000000002,
            "p(95)": 315.9993999999998,
            "avg": 129.85609989975055,
            "min": 35.984,
            "med": 96.542,
            "max": 3506.883
        },
        "data_sent": {
            "count": 8625273,
            "rate": 28744.40006408815
        },
        "http_req_failed": {
            "passes": 0,
            "fails": 228429,
            "value": 0
        },
        "iterations": {
            "count": 228429,
            "rate": 761.2575929178812
        },
        "http_req_tls_handshaking": {
            "avg": 0.17844555200959603,
            "min": 0,
            "med": 0,
            "max": 361.084,
            "p(90)": 0,
            "p(95)": 0
        },
        "http_req_receiving": {
            "avg": 0.9433658861178137,
            "min": 0.015,
            "med": 0.051,
            "max": 1696.212,
            "p(90)": 0.953,
            "p(95)": 1.656
        },
        "http_req_blocked": {
            "med": 0.001,
            "max": 792.139,
            "p(90)": 0.001,
            "p(95)": 0.001,
            "avg": 0.35018931484150245,
            "min": 0
        },
        "checks": {
            "fails": 0,
            "passes": 228429,
            "value": 1
        },
        "http_reqs": {
            "count": 228429,
            "rate": 761.2575929178812
        },
        "http_req_duration": {
            "avg": 130.85207342763061,
            "min": 36.517,
            "med": 97.034,
            "max": 3506.966,
            "p(90)": 228.82860000000002,
            "p(95)": 319.4037999999992
        },
        "http_req_duration{expected_response:true}": {
            "p(95)": 319.4037999999992,
            "avg": 130.85207342763061,
            "min": 36.517,
            "med": 97.034,
            "max": 3506.966,
            "p(90)": 228.82860000000002
        },
        "http_req_connecting": {
            "med": 0,
            "max": 666.627,
            "p(90)": 0,
            "p(95)": 0,
            "avg": 0.14529027837971537,
            "min": 0
        },
        "http_req_sending": {
            "p(90)": 0.078,
            "p(95)": 0.09359999999997672,
            "avg": 0.05260764176177372,
            "min": 0.014,
            "med": 0.046,
            "max": 7.45
        },
        "vus": {
            "min": 100,
            "max": 100,
            "value": 100
        },
        "iteration_duration": {
            "med": 97.270401,
            "max": 3507.169623,
            "p(90)": 229.78254480000004,
            "p(95)": 321.76506279999995,
            "avg": 131.3339435381895,
            "min": 36.654919
        },
        "data_received": {
            "count": 364660222,
            "rate": 1215258.8455608534
        },
        "vus_max": {
            "value": 100,
            "min": 100,
            "max": 100
        }
    }
}