{
    "metrics": {
        "vus": {
            "value": 100,
            "min": 100,
            "max": 100
        },
        "http_req_duration{expected_response:true}": {
            "avg": 101.6708673029722,
            "min": 38.986,
            "med": 67.42,
            "max": 1281.211,
            "p(90)": 196.90259999999998,
            "p(95)": 265.6721999999997
        },
        "http_reqs": {
            "count": 294513,
            "rate": 981.5546624309725
        },
        "data_sent": {
            "count": 44765976,
            "rate": 149196.30868950783
        },
        "iterations": {
            "count": 294513,
            "rate": 981.5546624309725
        },
        "http_req_receiving": {
            "max": 7.97,
            "p(90)": 0.098,
            "p(95)": 0.127,
            "avg": 0.056788206293116865,
            "min": 0.015,
            "med": 0.044
        },
        "iteration_duration": {
            "avg": 101.86167838893756,
            "min": 39.107959,
            "med": 67.547037,
            "max": 1281.353705,
            "p(90)": 197.42549439999996,
            "p(95)": 266.7004351999994
        },
        "vus_max": {
            "max": 100,
            "value": 100,
            "min": 100
        },
        "http_req_tls_handshaking": {
            "avg": 0,
            "min": 0,
            "med": 0,
            "max": 0,
            "p(90)": 0,
            "p(95)": 0
        },
        "data_received": {
            "count": 52205071,
            "rate": 173989.3683558619
        },
        "http_req_duration": {
            "avg": 101.6708673029722,
            "min": 38.986,
            "med": 67.42,
            "max": 1281.211,
            "p(90)": 196.90259999999998,
            "p(95)": 265.6721999999997
        },
        "http_req_blocked": {
            "min": 0.001,
            "med": 0.003,
            "max": 193.317,
            "p(90)": 0.005,
            "p(95)": 0.007,
            "avg": 0.06621986126308957
        },
        "http_req_sending": {
            "p(95)": 0.042,
            "avg": 0.018323041767267373,
            "min": 0.004,
            "med": 0.014,
            "max": 5.405,
            "p(90)": 0.03
        },
        "http_req_waiting": {
            "avg": 101.59575605491061,
            "min": 38.907,
            "med": 67.351,
            "max": 1281.152,
            "p(90)": 196.8348,
            "p(95)": 265.5833999999996
        },
        "http_req_connecting": {
            "med": 0,
            "max": 106.616,
            "p(90)": 0,
            "p(95)": 0,
            "avg": 0.03335447331696733,
            "min": 0
        },
        "http_req_failed": {
            "passes": 0,
            "fails": 294513,
            "value": 0
        },
        "checks": {
            "passes": 294513,
            "fails": 0,
            "value": 1
        }
    },
    "root_group": {
        "checks": {
            "is status 200": {
                "fails": 0,
                "name": "is status 200",
                "path": "::is status 200",
                "id": "548d37ca5f33793206f7832e7cea54fb",
                "passes": 294513
            }
        },
        "name": "",
        "path": "",
        "id": "d41d8cd98f00b204e9800998ecf8427e",
        "groups": {}
    }
}