{
    "root_group": {
        "name": "",
        "path": "",
        "id": "d41d8cd98f00b204e9800998ecf8427e",
        "groups": {},
        "checks": {
                "is status 200": {
                    "name": "is status 200",
                    "path": "::is status 200",
                    "id": "548d37ca5f33793206f7832e7cea54fb",
                    "passes": 208019,
                    "fails": 1
                }
            }
    },
    "metrics": {
        "http_req_connecting": {
            "min": 0,
            "med": 0,
            "max": 1341.078,
            "p(90)": 0,
            "p(95)": 0,
            "avg": 0.20432192577636765
        },
        "http_req_tls_handshaking": {
            "p(90)": 0,
            "p(95)": 0,
            "avg": 0.2743960821074897,
            "min": 0,
            "med": 0,
            "max": 3459.986
        },
        "checks": {
            "passes": 208019,
            "fails": 1,
            "value": 0.999995192769926
        },
        "iterations": {
            "count": 208020,
            "rate": 688.8887158001625
        },
        "vus": {
            "min": 1,
            "max": 100,
            "value": 1
        },
        "vus_max": {
            "value": 100,
            "min": 100,
            "max": 100
        },
        "http_req_duration{expected_response:true}": {
            "max": 37204.524,
            "p(90)": 202.5044,
            "p(95)": 294.67659999999984,
            "avg": 143.3013114859706,
            "min": 40.391,
            "med": 105.889
        },
        "http_req_waiting": {
            "avg": 142.52883233823948,
            "min": 40.295,
            "med": 105.5895,
            "max": 59999.676,
            "p(90)": 200.6913,
            "p(95)": 289.45405
        },
        "http_req_sending": {
            "max": 33.827,
            "p(90)": 0.092,
            "p(95)": 0.111,
            "avg": 0.06660200461495286,
            "min": 0.016,
            "med": 0.055
        },
        "data_received": {
            "count": 51145860,
            "rate": 169377.01093113594
        },
        "http_req_receiving": {
            "p(90)": 0.634,
            "p(95)": 1.224,
            "avg": 0.9936209835594517,
            "min": 0,
            "med": 0.056,
            "max": 6162.312
        },
        "http_req_blocked": {
            "med": 0.001,
            "max": 3580.363,
            "p(90)": 0.001,
            "p(95)": 0.001,
            "avg": 0.4828187866541474,
            "min": 0
        },
        "http_req_duration": {
            "p(95)": 294.682,
            "avg": 143.58905532641154,
            "min": 40.391,
            "med": 105.8895,
            "max": 59999.775,
            "p(90)": 202.50690000000006
        },
        "http_req_failed": {
            "fails": 208019,
            "passes": 1,
            "value": 0.0000048072300740313435
        },
        "data_sent": {
            "count": 7871104,
            "rate": 26066.314424043467
        },
        "iteration_duration": {
            "avg": 144.23199368928607,
            "min": 40.526223,
            "med": 106.080701,
            "max": 60000.587051,
            "p(90)": 203.5348942,
            "p(95)": 297.5637501999999
        },
        "http_reqs": {
            "count": 208020,
            "rate": 688.8887158001625
        }
    }
}