{
    "root_group": {
        "id": "d41d8cd98f00b204e9800998ecf8427e",
        "groups": {},
        "checks": {
                "is status 200": {
                    "id": "548d37ca5f33793206f7832e7cea54fb",
                    "passes": 253216,
                    "fails": 0,
                    "name": "is status 200",
                    "path": "::is status 200"
                }
            },
        "name": "",
        "path": ""
    },
    "metrics": {
        "data_sent": {
            "count": 38488832,
            "rate": 128073.17950205122
        },
        "vus_max": {
            "value": 100,
            "min": 100,
            "max": 100
        },
        "http_req_receiving": {
            "avg": 0.07348297106028893,
            "min": 0.017,
            "med": 0.056,
            "max": 12.76,
            "p(90)": 0.127,
            "p(95)": 0.167
        },
        "iteration_duration": {
            "avg": 118.4968334837603,
            "min": 40.347384,
            "med": 102.32981799999999,
            "max": 4745.162376,
            "p(90)": 168.3818335,
            "p(95)": 227.8582605
        },
        "http_req_connecting": {
            "med": 0,
            "max": 83.349,
            "p(90)": 0,
            "p(95)": 0,
            "avg": 0.02727631350309617,
            "min": 0
        },
        "http_req_sending": {
            "min": 0.006,
            "med": 0.018,
            "max": 4.534,
            "p(90)": 0.037,
            "p(95)": 0.052,
            "avg": 0.023210354006066827
        },
        "vus": {
            "value": 100,
            "min": 100,
            "max": 100
        },
        "http_req_tls_handshaking": {
            "med": 0,
            "max": 0,
            "p(90)": 0,
            "p(95)": 0,
            "avg": 0,
            "min": 0
        },
        "iterations": {
            "count": 253216,
            "rate": 842.586707250337
        },
        "http_req_duration{expected_response:true}": {
            "avg": 118.28177087150918,
            "min": 40.163,
            "med": 102.15950000000001,
            "max": 4745.008,
            "p(90)": 167.95850000000002,
            "p(95)": 227.055
        },
        "checks": {
            "passes": 253216,
            "fails": 0,
            "value": 1
        },
        "http_req_duration": {
            "avg": 118.28177087150918,
            "min": 40.163,
            "med": 102.15950000000001,
            "max": 4745.008,
            "p(90)": 167.95850000000002,
            "p(95)": 227.055
        },
        "http_req_blocked": {
            "avg": 0.060125785890612356,
            "min": 0.001,
            "med": 0.004,
            "max": 154.437,
            "p(90)": 0.006,
            "p(95)": 0.008
        },
        "http_req_waiting": {
            "p(90)": 167.8665,
            "p(95)": 226.965,
            "avg": 118.18507754644162,
            "min": 40.09,
            "med": 102.0595,
            "max": 4744.939
        },
        "data_received": {
            "count": 45601905,
            "rate": 151742.22394435058
        },
        "http_reqs": {
            "count": 253216,
            "rate": 842.586707250337
        },
        "http_req_failed": {
            "passes": 0,
            "fails": 253216,
            "value": 0
        }
    }
}