{
    "root_group": {
        "checks": {
            "is status 200": {
                "name": "is status 200",
                "path": "::is status 200",
                "id": "548d37ca5f33793206f7832e7cea54fb",
                "passes": 324207,
                "fails": 0
            }
        },
        "name": "",
        "path": "",
        "id": "d41d8cd98f00b204e9800998ecf8427e",
        "groups": {}
    },
    "metrics": {
        "data_received": {
            "count": 79555977,
            "rate": 265142.164546523
        },
        "http_req_blocked": {
            "avg": 0.26558535441890874,
            "min": 0,
            "med": 0.001,
            "max": 3425.264,
            "p(90)": 0.001,
            "p(95)": 0.001
        },
        "http_req_tls_handshaking": {
            "p(90)": 0,
            "p(95)": 0,
            "avg": 0.14733751893080657,
            "min": 0,
            "med": 0,
            "max": 2952.865
        },
        "http_req_waiting": {
            "avg": 91.30647322235552,
            "min": 39.719,
            "med": 65.191,
            "max": 5922.589,
            "p(90)": 161.417,
            "p(95)": 235.186
        },
        "http_reqs": {
            "count": 324207,
            "rate": 1080.5089571225376
        },
        "http_req_duration": {
            "med": 65.477,
            "max": 7989.914,
            "p(90)": 163.02320000000006,
            "p(95)": 237.96070000000012,
            "avg": 92.11251588028703,
            "min": 39.889
        },
        "http_req_sending": {
            "avg": 0.05916210630862507,
            "min": 0.022,
            "med": 0.052,
            "max": 11.213,
            "p(90)": 0.083,
            "p(95)": 0.101
        },
        "http_req_connecting": {
            "med": 0,
            "max": 573.167,
            "p(90)": 0,
            "p(95)": 0,
            "avg": 0.10124459681623162,
            "min": 0
        },
        "http_req_failed": {
            "passes": 0,
            "fails": 324207,
            "value": 0
        },
        "http_req_receiving": {
            "avg": 0.7468805516229619,
            "min": 0.016,
            "med": 0.052,
            "max": 7627.495,
            "p(90)": 0.695,
            "p(95)": 1.353
        },
        "http_req_duration{expected_response:true}": {
            "avg": 92.11251588028703,
            "min": 39.889,
            "med": 65.477,
            "max": 7989.914,
            "p(90)": 163.02320000000006,
            "p(95)": 237.96070000000012
        },
        "iteration_duration": {
            "p(95)": 239.3145757,
            "avg": 92.52713423819976,
            "min": 40.002158,
            "med": 65.645016,
            "max": 7990.06175,
            "p(90)": 164.29311080000022
        },
        "checks": {
            "passes": 324207,
            "fails": 0,
            "value": 1
        },
        "data_sent": {
            "count": 12233659,
            "rate": 40772.03184349118
        },
        "vus_max": {
            "min": 100,
            "max": 100,
            "value": 100
        },
        "iterations": {
            "count": 324207,
            "rate": 1080.5089571225376
        },
        "vus": {
            "value": 100,
            "min": 100,
            "max": 100
        }
    }
}