{
    "root_group": {
        "path": "",
        "id": "d41d8cd98f00b204e9800998ecf8427e",
        "groups": {},
        "checks": {
                "is status 200": {
                    "path": "::is status 200",
                    "id": "548d37ca5f33793206f7832e7cea54fb",
                    "passes": 168429,
                    "fails": 0,
                    "name": "is status 200"
                }
            },
        "name": ""
    },
    "metrics": {
        "http_req_duration{expected_response:true}": {
            "avg": 177.81142875632946,
            "min": 51.718,
            "med": 162.408,
            "max": 1863.931,
            "p(90)": 260.5042,
            "p(95)": 320.26720000000006
        },
        "vus_max": {
            "value": 100,
            "min": 100,
            "max": 100
        },
        "data_received": {
            "rate": 102759.35484534157,
            "count": 30849456
        },
        "http_req_tls_handshaking": {
            "med": 0,
            "max": 547.682,
            "p(90)": 0,
            "p(95)": 0,
            "avg": 0.11166897624518346,
            "min": 0
        },
        "http_req_connecting": {
            "avg": 0.0869677193357438,
            "min": 0,
            "med": 0,
            "max": 374.518,
            "p(90)": 0,
            "p(95)": 0
        },
        "http_req_sending": {
            "med": 0.051,
            "max": 13.922,
            "p(90)": 0.083,
            "p(95)": 0.101,
            "avg": 0.05852581800046076,
            "min": 0.019
        },
        "http_req_waiting": {
            "avg": 177.12967621371735,
            "min": 50.98,
            "med": 162.014,
            "max": 1863.842,
            "p(90)": 259.36100000000016,
            "p(95)": 318.4392000000001
        },
        "iteration_duration": {
            "p(95)": 321.22857200000004,
            "avg": 178.16468622477214,
            "min": 51.854019,
            "med": 162.681889,
            "max": 1864.061379,
            "p(90)": 261.3784012
        },
        "http_req_receiving": {
            "p(95)": 1.172,
            "avg": 0.6232267246139037,
            "min": 0.017,
            "med": 0.052,
            "max": 1180.153,
            "p(90)": 0.30920000000001163
        },
        "checks": {
            "passes": 168429,
            "fails": 0,
            "value": 1
        },
        "http_req_blocked": {
            "avg": 0.2035070860710533,
            "min": 0,
            "med": 0.001,
            "max": 625.574,
            "p(90)": 0.001,
            "p(95)": 0.001
        },
        "data_sent": {
            "count": 6347073,
            "rate": 21142.062493299287
        },
        "http_req_duration": {
            "p(90)": 260.5042,
            "p(95)": 320.26720000000006,
            "avg": 177.81142875632946,
            "min": 51.718,
            "med": 162.408,
            "max": 1863.931
        },
        "http_reqs": {
            "rate": 561.0359993785963,
            "count": 168429
        },
        "http_req_failed": {
            "passes": 0,
            "fails": 168429,
            "value": 0
        },
        "iterations": {
            "count": 168429,
            "rate": 561.0359993785963
        },
        "vus": {
            "value": 100,
            "min": 100,
            "max": 100
        }
    }
}