{
    "root_group": {
        "groups": {},
        "checks": {
                "is status 200": {
                    "name": "is status 200",
                    "path": "::is status 200",
                    "id": "548d37ca5f33793206f7832e7cea54fb",
                    "passes": 246638,
                    "fails": 0
                }
            },
        "name": "",
        "path": "",
        "id": "d41d8cd98f00b204e9800998ecf8427e"
    },
    "metrics": {
        "data_sent": {
            "count": 9303506,
            "rate": 31003.46289478895
        },
        "http_req_blocked": {
            "avg": 0.3635703176301538,
            "min": 0,
            "med": 0.001,
            "max": 1804.486,
            "p(90)": 0.001,
            "p(95)": 0.001
        },
        "http_req_duration": {
            "avg": 121.11164341666753,
            "min": 41.287,
            "med": 104.56,
            "max": 2509.79,
            "p(90)": 171.42610000000013,
            "p(95)": 232.5023
        },
        "data_received": {
            "count": 60623730,
            "rate": 202025.51205950786
        },
        "vus": {
            "min": 100,
            "max": 100,
            "value": 100
        },
        "http_req_waiting": {
            "avg": 120.53739178472564,
            "min": 41.203,
            "med": 104.275,
            "max": 2509.666,
            "p(90)": 170.77660000000003,
            "p(95)": 231.00015
        },
        "iteration_duration": {
            "avg": 121.63723270411442,
            "min": 41.572651,
            "med": 104.749334,
            "max": 2509.972666,
            "p(90)": 172.2844175000001,
            "p(95)": 235.50789554999997
        },
        "http_req_sending": {
            "p(95)": 0.111,
            "avg": 0.06427105312239825,
            "min": 0.018,
            "med": 0.057,
            "max": 6.528,
            "p(90)": 0.093
        },
        "vus_max": {
            "value": 100,
            "min": 100,
            "max": 100
        },
        "http_req_duration{expected_response:true}": {
            "max": 2509.79,
            "p(90)": 171.42610000000013,
            "p(95)": 232.5023,
            "avg": 121.11164341666753,
            "min": 41.287,
            "med": 104.56
        },
        "iterations": {
            "count": 246638,
            "rate": 821.908652656854
        },
        "http_req_receiving": {
            "p(95)": 1.263,
            "avg": 0.5099805788239391,
            "min": 0.018,
            "med": 0.057,
            "max": 1067.607,
            "p(90)": 0.66
        },
        "checks": {
            "fails": 0,
            "passes": 246638,
            "value": 1
        },
        "http_req_connecting": {
            "max": 529.54,
            "p(90)": 0,
            "p(95)": 0,
            "avg": 0.1333785183142906,
            "min": 0,
            "med": 0
        },
        "http_req_failed": {
            "passes": 0,
            "fails": 246638,
            "value": 0
        },
        "http_reqs": {
            "count": 246638,
            "rate": 821.908652656854
        },
        "http_req_tls_handshaking": {
            "p(90)": 0,
            "p(95)": 0,
            "avg": 0.16898227767010765,
            "min": 0,
            "med": 0,
            "max": 1522.468
        }
    }
}