{
    "root_group": {
        "name": "",
        "path": "",
        "id": "d41d8cd98f00b204e9800998ecf8427e",
        "groups": {},
        "checks": {
                "is status 200": {
                    "name": "is status 200",
                    "path": "::is status 200",
                    "id": "548d37ca5f33793206f7832e7cea54fb",
                    "passes": 307773,
                    "fails": 0
                }
            }
    },
    "metrics": {
        "http_req_blocked": {
            "max": 1479.427,
            "p(90)": 0.001,
            "p(95)": 0.001,
            "avg": 0.32346468338622913,
            "min": 0,
            "med": 0.001
        },
        "vus_max": {
            "value": 100,
            "min": 100,
            "max": 100
        },
        "http_req_waiting": {
            "min": 40.203,
            "med": 91.177,
            "max": 1987.442,
            "p(90)": 130.349,
            "p(95)": 172.1847999999996,
            "avg": 96.46251554229784
        },
        "vus": {
            "min": 100,
            "max": 100,
            "value": 100
        },
        "http_req_duration": {
            "med": 91.465,
            "max": 1987.555,
            "p(90)": 130.9546,
            "p(95)": 173.41779999999974,
            "avg": 96.9928242665855,
            "min": 40.303
        },
        "checks": {
            "passes": 307773,
            "fails": 0,
            "value": 1
        },
        "http_req_sending": {
            "med": 0.054,
            "max": 11.026,
            "p(90)": 0.088,
            "p(95)": 0.106,
            "avg": 0.06230217400487303,
            "min": 0.019
        },
        "http_req_failed": {
            "passes": 0,
            "fails": 307773,
            "value": 0
        },
        "http_req_duration{expected_response:true}": {
            "p(90)": 130.9546,
            "p(95)": 173.41779999999974,
            "avg": 96.9928242665855,
            "min": 40.303,
            "med": 91.465,
            "max": 1987.555
        },
        "iterations": {
            "count": 307773,
            "rate": 1025.5996056980007
        },
        "data_received": {
            "count": 75503364,
            "rate": 251601.73357400627
        },
        "http_req_receiving": {
            "med": 0.054,
            "max": 783.093,
            "p(90)": 0.581,
            "p(95)": 1.198,
            "avg": 0.4680065502821764,
            "min": 0.017
        },
        "http_req_tls_handshaking": {
            "avg": 0.17028969077859313,
            "min": 0,
            "med": 0,
            "max": 1310.689,
            "p(90)": 0,
            "p(95)": 0
        },
        "data_sent": {
            "count": 11625601,
            "rate": 38740.27871711386
        },
        "http_reqs": {
            "count": 307773,
            "rate": 1025.5996056980007
        },
        "http_req_connecting": {
            "med": 0,
            "max": 381.917,
            "p(90)": 0,
            "p(95)": 0,
            "avg": 0.11307834995272487,
            "min": 0
        },
        "iteration_duration": {
            "avg": 97.47243865181507,
            "min": 40.429143,
            "med": 91.663888,
            "max": 1987.733885,
            "p(90)": 131.52875499999996,
            "p(95)": 174.64780139999996
        }
    }
}