{
    "metrics": {
        "http_req_duration": {
            "p(95)": 230.13049999999998,
            "avg": 120.92581548401603,
            "min": 36.483,
            "med": 93.215,
            "max": 20559.479,
            "p(90)": 166.52
        },
        "http_req_connecting": {
            "avg": 0.09929967008945496,
            "min": 0,
            "med": 0,
            "max": 605.18,
            "p(90)": 0,
            "p(95)": 0
        },
        "http_req_receiving": {
            "min": 0.014,
            "med": 0.056,
            "max": 14803.631,
            "p(90)": 0.748,
            "p(95)": 1.405,
            "avg": 3.3317951207112717
        },
        "http_req_waiting": {
            "max": 20559.224,
            "p(90)": 162.2525,
            "p(95)": 223.82399999999998,
            "avg": 117.53235946536428,
            "min": 36.222,
            "med": 92.598
        },
        "data_sent": {
            "count": 9347402,
            "rate": 30491.33129131641
        },
        "iterations": {
            "rate": 808.802662852923,
            "count": 247946
        },
        "http_reqs": {
            "count": 247946,
            "rate": 808.802662852923
        },
        "http_req_duration{expected_response:true}": {
            "avg": 120.92581548401603,
            "min": 36.483,
            "med": 93.215,
            "max": 20559.479,
            "p(90)": 166.52,
            "p(95)": 230.13049999999998
        },
        "vus": {
            "value": 1,
            "min": 1,
            "max": 100
        },
        "http_req_failed": {
            "fails": 247946,
            "passes": 0,
            "value": 0
        },
        "checks": {
            "passes": 247946,
            "fails": 0,
            "value": 1
        },
        "iteration_duration": {
            "med": 93.40306899999999,
            "max": 20559.891341,
            "p(90)": 167.45471650000002,
            "p(95)": 231.5445805,
            "avg": 121.31332781771265,
            "min": 36.793133
        },
        "http_req_blocked": {
            "avg": 0.23617014188441354,
            "min": 0,
            "med": 0.001,
            "max": 2996.331,
            "p(90)": 0.001,
            "p(95)": 0.001
        },
        "http_req_tls_handshaking": {
            "p(95)": 0,
            "avg": 0.1338898066514483,
            "min": 0,
            "med": 0,
            "max": 2765.835,
            "p(90)": 0
        },
        "http_req_sending": {
            "avg": 0.061660897937464966,
            "min": 0.014,
            "med": 0.053,
            "max": 50.064,
            "p(90)": 0.089,
            "p(95)": 0.107
        },
        "data_received": {
            "count": 395877740,
            "rate": 1291357.675768906
        },
        "vus_max": {
            "max": 100,
            "value": 100,
            "min": 100
        }
    },
    "root_group": {
        "name": "",
        "path": "",
        "id": "d41d8cd98f00b204e9800998ecf8427e",
        "groups": {},
        "checks": {
                "is status 200": {
                    "name": "is status 200",
                    "path": "::is status 200",
                    "id": "548d37ca5f33793206f7832e7cea54fb",
                    "passes": 247946,
                    "fails": 0
                }
            }
    }
}