{
    "root_group": {
        "name": "",
        "path": "",
        "id": "d41d8cd98f00b204e9800998ecf8427e",
        "groups": {},
        "checks": {
                "is status 200": {
                    "fails": 0,
                    "name": "is status 200",
                    "path": "::is status 200",
                    "id": "548d37ca5f33793206f7832e7cea54fb",
                    "passes": 145197
                }
            }
    },
    "metrics": {
        "http_req_duration": {
            "max": 20821.663,
            "p(90)": 274.95260000000013,
            "p(95)": 343.6552,
            "avg": 206.6825889928885,
            "min": 41.585,
            "med": 180.112
        },
        "http_req_tls_handshaking": {
            "max": 207.521,
            "p(90)": 0,
            "p(95)": 0,
            "avg": 0.13350304758362772,
            "min": 0,
            "med": 0
        },
        "checks": {
            "fails": 0,
            "passes": 145197,
            "value": 1
        },
        "vus": {
            "value": 2,
            "min": 2,
            "max": 100
        },
        "http_req_receiving": {
            "avg": 1.6066846353575943,
            "min": 0.014,
            "med": 0.056,
            "max": 20545.161,
            "p(90)": 0.587,
            "p(95)": 1.234
        },
        "data_sent": {
            "count": 5487489,
            "rate": 18059.07813412803
        },
        "http_reqs": {
            "count": 145197,
            "rate": 477.8367606460783
        },
        "http_req_duration{expected_response:true}": {
            "p(90)": 274.95260000000013,
            "p(95)": 343.6552,
            "avg": 206.6825889928885,
            "min": 41.585,
            "med": 180.112,
            "max": 20821.663
        },
        "http_req_failed": {
            "passes": 0,
            "fails": 145197,
            "value": 0
        },
        "iteration_duration": {
            "med": 180.417428,
            "max": 20822.17595,
            "p(90)": 275.91257260000003,
            "p(95)": 345.2703447999999,
            "avg": 207.0777546485263,
            "min": 41.776239
        },
        "http_req_connecting": {
            "max": 163.464,
            "p(90)": 0,
            "p(95)": 0,
            "avg": 0.09462368368492459,
            "min": 0,
            "med": 0
        },
        "http_req_sending": {
            "p(95)": 0.112,
            "avg": 0.06684556154741414,
            "min": 0.015,
            "med": 0.054,
            "max": 114.514,
            "p(90)": 0.092
        },
        "http_req_blocked": {
            "min": 0,
            "med": 0.001,
            "max": 309.372,
            "p(90)": 0.001,
            "p(95)": 0.001,
            "avg": 0.23238032466172878
        },
        "http_req_waiting": {
            "p(95)": 338.9151999999996,
            "avg": 205.00905879598034,
            "min": 41.412,
            "med": 179.555,
            "max": 20821.416,
            "p(90)": 272.6104
        },
        "vus_max": {
            "value": 100,
            "min": 100,
            "max": 100
        },
        "data_received": {
            "rate": 87857.83312315377,
            "count": 26696761
        },
        "iterations": {
            "count": 145197,
            "rate": 477.8367606460783
        }
    }
}