{
    "root_group": {
        "name": "",
        "path": "",
        "id": "d41d8cd98f00b204e9800998ecf8427e",
        "groups": {},
        "checks": {
                "is status 200": {
                    "name": "is status 200",
                    "path": "::is status 200",
                    "id": "548d37ca5f33793206f7832e7cea54fb",
                    "passes": 374073,
                    "fails": 0
                }
            }
    },
    "metrics": {
        "iterations": {
            "count": 374073,
            "rate": 1246.5130146901247
        },
        "vus": {
            "value": 100,
            "min": 100,
            "max": 100
        },
        "http_req_sending": {
            "avg": 0.05936075311504209,
            "min": 0.018,
            "med": 0.051,
            "max": 17.098,
            "p(90)": 0.083,
            "p(95)": 0.101
        },
        "data_sent": {
            "count": 14072701,
            "rate": 46894.068666657935
        },
        "data_received": {
            "count": 597089224,
            "rate": 1989663.7518538553
        },
        "vus_max": {
            "value": 100,
            "min": 100,
            "max": 100
        },
        "http_req_connecting": {
            "avg": 0.07252335239378406,
            "min": 0,
            "med": 0,
            "max": 466.161,
            "p(90)": 0,
            "p(95)": 0
        },
        "http_req_duration": {
            "med": 53.176,
            "max": 8524.055,
            "p(90)": 139.07699999999994,
            "p(95)": 218.28219999999953,
            "avg": 79.86620875337175,
            "min": 36.152
        },
        "http_req_duration{expected_response:true}": {
            "min": 36.152,
            "med": 53.176,
            "max": 8524.055,
            "p(90)": 139.07699999999994,
            "p(95)": 218.28219999999953,
            "avg": 79.86620875337175
        },
        "http_reqs": {
            "count": 374073,
            "rate": 1246.5130146901247
        },
        "iteration_duration": {
            "med": 53.342232,
            "max": 8524.199375,
            "p(90)": 140.2041708,
            "p(95)": 219.4530777999989,
            "avg": 80.19257405996848,
            "min": 36.419767
        },
        "http_req_receiving": {
            "avg": 1.1569181256066434,
            "min": 0.018,
            "med": 0.054,
            "max": 8411.541,
            "p(90)": 0.612,
            "p(95)": 1.269
        },
        "http_req_tls_handshaking": {
            "avg": 0.09076378407423148,
            "min": 0,
            "med": 0,
            "max": 652.65,
            "p(90)": 0,
            "p(95)": 0
        },
        "http_req_failed": {
            "passes": 0,
            "fails": 374073,
            "value": 0
        },
        "http_req_blocked": {
            "p(90)": 0.001,
            "p(95)": 0.001,
            "avg": 0.17837090086687757,
            "min": 0,
            "med": 0.001,
            "max": 1028.919
        },
        "checks": {
            "passes": 374073,
            "fails": 0,
            "value": 1
        },
        "http_req_waiting": {
            "p(95)": 215.0145999999997,
            "avg": 78.64992987464906,
            "min": 35.418,
            "med": 52.809,
            "max": 7471.457,
            "p(90)": 137.1746
        }
    }
}