{
    "root_group": {
        "name": "",
        "path": "",
        "id": "d41d8cd98f00b204e9800998ecf8427e",
        "groups": {},
        "checks": {
                "is status 200": {
                    "id": "548d37ca5f33793206f7832e7cea54fb",
                    "passes": 153732,
                    "fails": 0,
                    "name": "is status 200",
                    "path": "::is status 200"
                }
            }
    },
    "metrics": {
        "http_req_sending": {
            "avg": 0.06506654437592828,
            "min": 0.019,
            "med": 0.057,
            "max": 16.566,
            "p(90)": 0.094,
            "p(95)": 0.113
        },
        "http_req_failed": {
            "passes": 0,
            "fails": 153732,
            "value": 0
        },
        "http_req_tls_handshaking": {
            "max": 214.566,
            "p(90)": 0,
            "p(95)": 0,
            "avg": 0.14148754325709678,
            "min": 0,
            "med": 0
        },
        "checks": {
            "passes": 153732,
            "fails": 0,
            "value": 1
        },
        "vus": {
            "value": 100,
            "min": 100,
            "max": 100
        },
        "http_req_connecting": {
            "avg": 0.11362531548408913,
            "min": 0,
            "med": 0,
            "max": 390.944,
            "p(90)": 0,
            "p(95)": 0
        },
        "vus_max": {
            "value": 100,
            "min": 100,
            "max": 100
        },
        "http_reqs": {
            "rate": 511.52779248765677,
            "count": 153732
        },
        "http_req_waiting": {
            "min": 40.485,
            "med": 176.6455,
            "max": 11229.683,
            "p(90)": 269.73349999999994,
            "p(95)": 345.35159999999985,
            "avg": 194.1647004006982
        },
        "http_req_blocked": {
            "med": 0.001,
            "max": 581.77,
            "p(90)": 0.001,
            "p(95)": 0.001,
            "avg": 0.26029819425939216,
            "min": 0
        },
        "data_sent": {
            "count": 5803284,
            "rate": 19309.84475385046
        },
        "data_received": {
            "count": 28299020,
            "rate": 94162.14730936987
        },
        "iteration_duration": {
            "p(95)": 348.43453509999966,
            "avg": 195.22229777569106,
            "min": 40.740176,
            "med": 177.306275,
            "max": 11229.971263,
            "p(90)": 271.4643458
        },
        "http_req_duration{expected_response:true}": {
            "avg": 194.79747762989956,
            "min": 40.591,
            "med": 177,
            "max": 11229.765,
            "p(90)": 270.62809999999996,
            "p(95)": 347.20884999999976
        },
        "iterations": {
            "rate": 511.52779248765677,
            "count": 153732
        },
        "http_req_duration": {
            "avg": 194.79747762989956,
            "min": 40.591,
            "med": 177,
            "max": 11229.765,
            "p(90)": 270.62809999999996,
            "p(95)": 347.20884999999976
        },
        "http_req_receiving": {
            "avg": 0.5677106848280977,
            "min": 0.016,
            "med": 0.059,
            "max": 1032.212,
            "p(90)": 0.556,
            "p(95)": 1.221
        }
    }
}