{
    "root_group": {
        "name": "",
        "path": "",
        "id": "d41d8cd98f00b204e9800998ecf8427e",
        "groups": {},
        "checks": {
                "is status 200": {
                    "fails": 0,
                    "name": "is status 200",
                    "path": "::is status 200",
                    "id": "548d37ca5f33793206f7832e7cea54fb",
                    "passes": 264000
                }
            }
    },
    "metrics": {
        "http_req_connecting": {
            "p(90)": 0,
            "p(95)": 0,
            "avg": 0.10498227272727266,
            "min": 0,
            "med": 0,
            "max": 433.711
        },
        "http_req_sending": {
            "avg": 0.06411194318182503,
            "min": 0.018,
            "med": 0.057,
            "max": 10.833,
            "p(90)": 0.092,
            "p(95)": 0.11
        },
        "http_reqs": {
            "count": 264000,
            "rate": 879.5246638271835
        },
        "checks": {
            "passes": 264000,
            "fails": 0,
            "value": 1
        },
        "http_req_duration": {
            "avg": 113.21630063636529,
            "min": 37.404,
            "med": 96.527,
            "max": 3547.074,
            "p(90)": 160.9141,
            "p(95)": 213.1753999999999
        },
        "data_sent": {
            "count": 9941400,
            "rate": 33120.100352165005
        },
        "data_received": {
            "count": 421554133,
            "rate": 1404421.4284537304
        },
        "http_req_failed": {
            "passes": 0,
            "fails": 264000,
            "value": 0
        },
        "vus_max": {
            "min": 100,
            "max": 100,
            "value": 100
        },
        "vus": {
            "value": 100,
            "min": 100,
            "max": 100
        },
        "http_req_tls_handshaking": {
            "avg": 0.13596460227272736,
            "min": 0,
            "med": 0,
            "max": 282.014,
            "p(90)": 0,
            "p(95)": 0
        },
        "http_req_duration{expected_response:true}": {
            "med": 96.527,
            "max": 3547.074,
            "p(90)": 160.9141,
            "p(95)": 213.1753999999999,
            "avg": 113.21630063636529,
            "min": 37.404
        },
        "http_req_receiving": {
            "avg": 1.1022894242425032,
            "min": 0.017,
            "med": 0.06,
            "max": 1566.033,
            "p(90)": 0.661,
            "p(95)": 1.239
        },
        "iterations": {
            "count": 264000,
            "rate": 879.5246638271835
        },
        "iteration_duration": {
            "p(95)": 215.46426419999986,
            "avg": 113.65363635276056,
            "min": 37.537787,
            "med": 96.716264,
            "max": 3547.328775,
            "p(90)": 161.7100186
        },
        "http_req_waiting": {
            "med": 96.155,
            "max": 3546.878,
            "p(90)": 158.74580000000006,
            "p(95)": 210.13874999999982,
            "avg": 112.04989926894129,
            "min": 37.275
        },
        "http_req_blocked": {
            "max": 642.349,
            "p(90)": 0.001,
            "p(95)": 0.001,
            "avg": 0.2779075189392073,
            "min": 0,
            "med": 0.001
        }
    }
}