{
    "metrics": {
        "http_req_receiving": {
            "p(90)": 0.114,
            "p(95)": 0.155,
            "avg": 0.06534008118859079,
            "min": 0.016,
            "med": 0.046,
            "max": 20.359
        },
        "iterations": {
            "count": 373205,
            "rate": 1242.9731120174974
        },
        "vus": {
            "value": 100,
            "min": 100,
            "max": 100
        },
        "iteration_duration": {
            "med": 60.56241,
            "max": 1706.972338,
            "p(90)": 120.97402,
            "p(95)": 188.61066819999994,
            "avg": 80.41253715708997,
            "min": 39.679169
        },
        "vus_max": {
            "value": 100,
            "min": 100,
            "max": 100
        },
        "http_req_connecting": {
            "max": 56.955,
            "p(90)": 0,
            "p(95)": 0,
            "avg": 0.013915244972602181,
            "min": 0,
            "med": 0
        },
        "checks": {
            "passes": 373205,
            "fails": 0,
            "value": 1
        },
        "http_req_sending": {
            "min": 0.005,
            "med": 0.016,
            "max": 29.641,
            "p(90)": 0.031,
            "p(95)": 0.044,
            "avg": 0.020235388057506947
        },
        "http_req_failed": {
            "passes": 0,
            "fails": 373205,
            "value": 0
        },
        "http_req_blocked": {
            "med": 0.003,
            "max": 114.504,
            "p(90)": 0.005,
            "p(95)": 0.007,
            "avg": 0.03319102102107458,
            "min": 0.001
        },
        "http_req_waiting": {
            "med": 60.337,
            "max": 1706.753,
            "p(90)": 120.50460000000004,
            "p(95)": 188.28859999999992,
            "avg": 80.15754157902317,
            "min": 39.42
        },
        "http_reqs": {
            "count": 373205,
            "rate": 1242.9731120174974
        },
        "data_received": {
            "count": 67255284,
            "rate": 223996.2209860549
        },
        "data_sent": {
            "count": 56727160,
            "rate": 188931.91302665963
        },
        "http_req_duration{expected_response:true}": {
            "max": 1706.822,
            "p(90)": 120.585,
            "p(95)": 188.38439999999997,
            "avg": 80.2431170482723,
            "min": 39.516,
            "med": 60.42
        },
        "http_req_tls_handshaking": {
            "avg": 0,
            "min": 0,
            "med": 0,
            "max": 0,
            "p(90)": 0,
            "p(95)": 0
        },
        "http_req_duration": {
            "med": 60.42,
            "max": 1706.822,
            "p(90)": 120.585,
            "p(95)": 188.38439999999997,
            "avg": 80.2431170482723,
            "min": 39.516
        }
    },
    "root_group": {
        "path": "",
        "id": "d41d8cd98f00b204e9800998ecf8427e",
        "groups": {},
        "checks": {
                "is status 200": {
                    "name": "is status 200",
                    "path": "::is status 200",
                    "id": "548d37ca5f33793206f7832e7cea54fb",
                    "passes": 373205,
                    "fails": 0
                }
            },
        "name": ""
    }
}