{
    "root_group": {
        "name": "",
        "path": "",
        "id": "d41d8cd98f00b204e9800998ecf8427e",
        "groups": {},
        "checks": {
                "is status 200": {
                    "path": "::is status 200",
                    "id": "548d37ca5f33793206f7832e7cea54fb",
                    "passes": 168121,
                    "fails": 0,
                    "name": "is status 200"
                }
            }
    },
    "metrics": {
        "http_req_duration{expected_response:true}": {
            "p(90)": 239.899,
            "p(95)": 285.976,
            "avg": 178.04084034712946,
            "min": 45.131,
            "med": 166.631,
            "max": 2319.048
        },
        "http_req_waiting": {
            "p(95)": 283.87,
            "avg": 177.3760039316913,
            "min": 44.976,
            "med": 166.262,
            "max": 2318.881,
            "p(90)": 239.339
        },
        "http_req_duration": {
            "avg": 178.04084034712946,
            "min": 45.131,
            "med": 166.631,
            "max": 2319.048,
            "p(90)": 239.899,
            "p(95)": 285.976
        },
        "http_req_tls_handshaking": {
            "p(90)": 0,
            "p(95)": 0,
            "avg": 0.156332403447517,
            "min": 0,
            "med": 0,
            "max": 206.69
        },
        "vus": {
            "value": 100,
            "min": 100,
            "max": 100
        },
        "http_req_sending": {
            "max": 9.501,
            "p(90)": 0.091,
            "p(95)": 0.109,
            "avg": 0.0639424521624349,
            "min": 0.024,
            "med": 0.056
        },
        "http_reqs": {
            "count": 168121,
            "rate": 560.0361736179094
        },
        "http_req_failed": {
            "passes": 0,
            "fails": 168121,
            "value": 0
        },
        "iteration_duration": {
            "p(95)": 288.298726,
            "avg": 178.48368601844703,
            "min": 45.316159,
            "med": 166.822192,
            "max": 2319.196294,
            "p(90)": 240.533519
        },
        "http_req_receiving": {
            "p(95)": 1.105,
            "avg": 0.6008939632764178,
            "min": 0.02,
            "med": 0.057,
            "max": 805.402,
            "p(90)": 0.367
        },
        "vus_max": {
            "value": 100,
            "min": 100,
            "max": 100
        },
        "http_req_blocked": {
            "min": 0,
            "med": 0.001,
            "max": 392.057,
            "p(90)": 0.001,
            "p(95)": 0.001,
            "avg": 0.28056812057892017
        },
        "checks": {
            "passes": 168121,
            "fails": 0,
            "value": 1
        },
        "data_sent": {
            "count": 6335677,
            "rate": 21105.086838402076
        },
        "data_received": {
            "count": 30824674,
            "rate": 102681.5952794681
        },
        "http_req_connecting": {
            "avg": 0.11784192337661566,
            "min": 0,
            "med": 0,
            "max": 331.234,
            "p(90)": 0,
            "p(95)": 0
        },
        "iterations": {
            "count": 168121,
            "rate": 560.0361736179094
        }
    }
}