{
    "root_group": {
        "checks": {
            "is status 200": {
                "passes": 316539,
                "fails": 0,
                "name": "is status 200",
                "path": "::is status 200",
                "id": "548d37ca5f33793206f7832e7cea54fb"
            }
        },
        "name": "",
        "path": "",
        "id": "d41d8cd98f00b204e9800998ecf8427e",
        "groups": {}
    },
    "metrics": {
        "http_req_tls_handshaking": {
            "max": 0,
            "p(90)": 0,
            "p(95)": 0,
            "avg": 0,
            "min": 0,
            "med": 0
        },
        "data_sent": {
            "count": 48113928,
            "rate": 160307.61996793823
        },
        "data_received": {
            "count": 57021755,
            "rate": 189987.0206075231
        },
        "iteration_duration": {
            "avg": 94.77569297250183,
            "min": 39.836349,
            "med": 89.296497,
            "max": 1351.138958,
            "p(90)": 127.76649100000003,
            "p(95)": 168.88808299999997
        },
        "http_reqs": {
            "count": 316539,
            "rate": 1054.6553945259095
        },
        "http_req_blocked": {
            "max": 111.367,
            "p(90)": 0.005,
            "p(95)": 0.008,
            "avg": 0.03745190640053697,
            "min": 0.001,
            "med": 0.004
        },
        "http_req_duration": {
            "avg": 94.58867822922394,
            "min": 39.69,
            "med": 89.128,
            "max": 1350.994,
            "p(90)": 127.537,
            "p(95)": 168.59919999999994
        },
        "http_req_waiting": {
            "avg": 94.49436639718864,
            "min": 39.612,
            "med": 89.035,
            "max": 1350.94,
            "p(90)": 127.43440000000002,
            "p(95)": 168.5073999999999
        },
        "http_req_sending": {
            "p(95)": 0.049,
            "avg": 0.022340302458777956,
            "min": 0.007,
            "med": 0.018,
            "max": 6.421,
            "p(90)": 0.035
        },
        "iterations": {
            "count": 316539,
            "rate": 1054.6553945259095
        },
        "vus": {
            "value": 100,
            "min": 100,
            "max": 100
        },
        "vus_max": {
            "value": 100,
            "min": 100,
            "max": 100
        },
        "http_req_duration{expected_response:true}": {
            "avg": 94.58867822922394,
            "min": 39.69,
            "med": 89.128,
            "max": 1350.994,
            "p(90)": 127.537,
            "p(95)": 168.59919999999994
        },
        "http_req_connecting": {
            "avg": 0.014968651572160145,
            "min": 0,
            "med": 0,
            "max": 52.885,
            "p(90)": 0,
            "p(95)": 0
        },
        "http_req_receiving": {
            "avg": 0.0719715295745519,
            "min": 0.019,
            "med": 0.053,
            "max": 7.019,
            "p(90)": 0.124,
            "p(95)": 0.166
        },
        "checks": {
            "passes": 316539,
            "fails": 0,
            "value": 1
        },
        "http_req_failed": {
            "passes": 0,
            "fails": 316539,
            "value": 0
        }
    }
}