{
    "root_group": {
        "path": "",
        "id": "d41d8cd98f00b204e9800998ecf8427e",
        "groups": {},
        "checks": {
                "is status 200": {
                    "name": "is status 200",
                    "path": "::is status 200",
                    "id": "548d37ca5f33793206f7832e7cea54fb",
                    "passes": 237807,
                    "fails": 0
                }
            },
        "name": ""
    },
    "metrics": {
        "http_req_waiting": {
            "p(95)": 234.45489999999987,
            "avg": 126.15344057996707,
            "min": 38.335,
            "med": 98.828,
            "max": 32779.212,
            "p(90)": 170.0468
        },
        "http_req_failed": {
            "passes": 0,
            "fails": 237807,
            "value": 0
        },
        "http_req_duration{expected_response:true}": {
            "max": 32779.324,
            "p(90)": 170.13139999999999,
            "p(95)": 234.55579999999975,
            "avg": 126.24732249261295,
            "min": 38.367,
            "med": 98.918
        },
        "http_req_blocked": {
            "avg": 0.13799533234996006,
            "min": 0.001,
            "med": 0.004,
            "max": 319.545,
            "p(90)": 0.006,
            "p(95)": 0.008
        },
        "http_req_duration": {
            "min": 38.367,
            "med": 98.918,
            "max": 32779.324,
            "p(90)": 170.13139999999999,
            "p(95)": 234.55579999999975,
            "avg": 126.24732249261295
        },
        "iterations": {
            "count": 237807,
            "rate": 759.4881599057613
        },
        "vus": {
            "value": 1,
            "min": 1,
            "max": 100
        },
        "data_received": {
            "count": 42832423,
            "rate": 136794.61970663274
        },
        "iteration_duration": {
            "med": 99.068982,
            "max": 32779.731888,
            "p(90)": 170.4178206,
            "p(95)": 235.12551319999994,
            "avg": 126.53348565865628,
            "min": 38.45686
        },
        "http_req_connecting": {
            "med": 0,
            "max": 46.866,
            "p(90)": 0,
            "p(95)": 0,
            "avg": 0.018374824963100334,
            "min": 0
        },
        "checks": {
            "passes": 237807,
            "fails": 0,
            "value": 1
        },
        "http_req_sending": {
            "avg": 0.0233070767471085,
            "min": 0.004,
            "med": 0.017,
            "max": 81.59,
            "p(90)": 0.035,
            "p(95)": 0.049
        },
        "http_reqs": {
            "count": 237807,
            "rate": 759.4881599057613
        },
        "data_sent": {
            "count": 36146664,
            "rate": 115442.20030567572
        },
        "http_req_tls_handshaking": {
            "p(95)": 0,
            "avg": 0,
            "min": 0,
            "med": 0,
            "max": 0,
            "p(90)": 0
        },
        "http_req_receiving": {
            "min": 0.013,
            "med": 0.052,
            "max": 50.112,
            "p(90)": 0.12,
            "p(95)": 0.158,
            "avg": 0.07057483589634463
        },
        "vus_max": {
            "value": 100,
            "min": 100,
            "max": 100
        }
    }
}