{
    "metrics": {
        "data_received": {
            "rate": 1818924.9005302722,
            "count": 546112346
        },
        "http_req_waiting": {
            "p(90)": 116.644,
            "p(95)": 157.8011999999997,
            "avg": 86.4333057993785,
            "min": 35.085,
            "med": 81.389,
            "max": 2024.657
        },
        "iteration_duration": {
            "p(90)": 118.92445579999995,
            "p(95)": 162.64796469999976,
            "avg": 87.68628256281622,
            "min": 37.51055,
            "med": 82.121093,
            "max": 2566.168056
        },
        "iterations": {
            "count": 342123,
            "rate": 1139.5018777768453
        },
        "http_req_blocked": {
            "min": 0,
            "med": 0.001,
            "max": 400.291,
            "p(90)": 0.001,
            "p(95)": 0.001,
            "avg": 0.2218862368203207
        },
        "data_sent": {
            "rate": 42934.28699642582,
            "count": 12890551
        },
        "http_req_connecting": {
            "p(95)": 0,
            "avg": 0.09168980454397982,
            "min": 0,
            "med": 0,
            "max": 224.921,
            "p(90)": 0
        },
        "http_req_duration{expected_response:true}": {
            "min": 37.37,
            "med": 81.908,
            "max": 2565.976,
            "p(90)": 118.2508,
            "p(95)": 161.1286999999999,
            "avg": 87.30965487558602
        },
        "http_req_tls_handshaking": {
            "avg": 0.10810974707926668,
            "min": 0,
            "med": 0,
            "max": 239.897,
            "p(90)": 0,
            "p(95)": 0
        },
        "http_req_receiving": {
            "avg": 0.8142371486278858,
            "min": 0.018,
            "med": 0.056,
            "max": 2361.645,
            "p(90)": 0.552,
            "p(95)": 1.134
        },
        "http_req_duration": {
            "avg": 87.30965487558602,
            "min": 37.37,
            "med": 81.908,
            "max": 2565.976,
            "p(90)": 118.2508,
            "p(95)": 161.1286999999999
        },
        "vus": {
            "min": 100,
            "max": 100,
            "value": 100
        },
        "http_reqs": {
            "count": 342123,
            "rate": 1139.5018777768453
        },
        "checks": {
            "passes": 342123,
            "fails": 0,
            "value": 1
        },
        "http_req_sending": {
            "p(95)": 0.105,
            "avg": 0.06211192758158927,
            "min": 0.022,
            "med": 0.054,
            "max": 11.165,
            "p(90)": 0.087
        },
        "http_req_failed": {
            "passes": 0,
            "fails": 342123,
            "value": 0
        },
        "vus_max": {
            "value": 100,
            "min": 100,
            "max": 100
        }
    },
    "root_group": {
        "name": "",
        "path": "",
        "id": "d41d8cd98f00b204e9800998ecf8427e",
        "groups": {},
        "checks": {
                "is status 200": {
                    "name": "is status 200",
                    "path": "::is status 200",
                    "id": "548d37ca5f33793206f7832e7cea54fb",
                    "passes": 342123,
                    "fails": 0
                }
            }
    }
}