{
    "metrics": {
        "http_req_sending": {
            "min": 0.016,
            "med": 0.049,
            "max": 22.157,
            "p(90)": 0.079,
            "p(95)": 0.097,
            "avg": 0.05619597153817783
        },
        "iterations": {
            "count": 421898,
            "rate": 1405.2837634273142
        },
        "vus_max": {
            "value": 100,
            "min": 100,
            "max": 100
        },
        "http_reqs": {
            "count": 421898,
            "rate": 1405.2837634273142
        },
        "http_req_connecting": {
            "max": 338.015,
            "p(90)": 0,
            "p(95)": 0,
            "avg": 0.0735148187476594,
            "min": 0,
            "med": 0
        },
        "data_sent": {
            "count": 15900826,
            "rate": 52963.44756998822
        },
        "http_req_blocked": {
            "avg": 0.18482174601312976,
            "min": 0,
            "med": 0.001,
            "max": 785.682,
            "p(90)": 0.001,
            "p(95)": 0.001
        },
        "http_req_duration{expected_response:true}": {
            "med": 51.443,
            "max": 4531.265,
            "p(90)": 107.42989999999996,
            "p(95)": 169.90344999999988,
            "avg": 70.79653296768706,
            "min": 36.759
        },
        "vus": {
            "value": 100,
            "min": 100,
            "max": 100
        },
        "http_req_duration": {
            "p(95)": 169.90344999999988,
            "avg": 70.79653296768706,
            "min": 36.759,
            "med": 51.443,
            "max": 4531.265,
            "p(90)": 107.42989999999996
        },
        "http_req_tls_handshaking": {
            "p(95)": 0,
            "avg": 0.0955422092543695,
            "min": 0,
            "med": 0,
            "max": 666.121,
            "p(90)": 0
        },
        "iteration_duration": {
            "min": 36.843403,
            "med": 51.592813,
            "max": 4531.370542,
            "p(90)": 108.34851919999997,
            "p(95)": 171.88941544999994,
            "avg": 71.12185241428809
        },
        "checks": {
            "passes": 421898,
            "fails": 0,
            "value": 1
        },
        "http_req_waiting": {
            "avg": 69.95914240171854,
            "min": 31.875,
            "med": 51.1375,
            "max": 4531.084,
            "p(90)": 105.335,
            "p(95)": 166.8637499999998
        },
        "http_req_receiving": {
            "max": 1074.759,
            "p(90)": 0.52,
            "p(95)": 1.122,
            "avg": 0.7811945944281563,
            "min": 0.016,
            "med": 0.05
        },
        "http_req_failed": {
            "passes": 0,
            "fails": 421898,
            "value": 0
        },
        "data_received": {
            "rate": 2243085.2991069737,
            "count": 673424988
        }
    },
    "root_group": {
        "name": "",
        "path": "",
        "id": "d41d8cd98f00b204e9800998ecf8427e",
        "groups": {},
        "checks": {
                "is status 200": {
                    "name": "is status 200",
                    "path": "::is status 200",
                    "id": "548d37ca5f33793206f7832e7cea54fb",
                    "passes": 421898,
                    "fails": 0
                }
            }
    }
}