{
    "root_group": {
        "groups": {},
        "checks": {
                "is status 200": {
                    "name": "is status 200",
                    "path": "::is status 200",
                    "id": "548d37ca5f33793206f7832e7cea54fb",
                    "passes": 336658,
                    "fails": 0
                }
            },
        "name": "",
        "path": "",
        "id": "d41d8cd98f00b204e9800998ecf8427e"
    },
    "metrics": {
        "http_req_connecting": {
            "max": 44.764,
            "p(90)": 0,
            "p(95)": 0,
            "avg": 0.012319837936422126,
            "min": 0,
            "med": 0
        },
        "http_req_duration": {
            "max": 8850.235,
            "p(90)": 156.29289999999997,
            "p(95)": 235.6149999999993,
            "avg": 88.94946072869075,
            "min": 39.008,
            "med": 62.323
        },
        "data_received": {
            "rate": 201984.18231634598,
            "count": 60660212
        },
        "iterations": {
            "count": 336658,
            "rate": 1120.9916452361954
        },
        "http_req_waiting": {
            "med": 62.24,
            "max": 8850.159,
            "p(90)": 156.1983999999999,
            "p(95)": 235.5427499999998,
            "avg": 88.85927258820637,
            "min": 38.931
        },
        "iteration_duration": {
            "min": 39.156135,
            "med": 62.473536,
            "max": 8850.474625,
            "p(90)": 156.73347869999995,
            "p(95)": 235.78859544999997,
            "avg": 89.12537475220122
        },
        "vus": {
            "value": 100,
            "min": 100,
            "max": 100
        },
        "http_req_tls_handshaking": {
            "p(95)": 0,
            "avg": 0,
            "min": 0,
            "med": 0,
            "max": 0,
            "p(90)": 0
        },
        "data_sent": {
            "count": 51172016,
            "rate": 170390.7300759017
        },
        "http_req_failed": {
            "fails": 336658,
            "passes": 0,
            "value": 0
        },
        "vus_max": {
            "value": 100,
            "min": 100,
            "max": 100
        },
        "http_req_sending": {
            "avg": 0.02121970070517088,
            "min": 0.006,
            "med": 0.017,
            "max": 5.787,
            "p(90)": 0.032,
            "p(95)": 0.046
        },
        "http_reqs": {
            "count": 336658,
            "rate": 1120.9916452361954
        },
        "checks": {
            "passes": 336658,
            "fails": 0,
            "value": 1
        },
        "http_req_blocked": {
            "avg": 0.033013735007456774,
            "min": 0.001,
            "med": 0.004,
            "max": 100.351,
            "p(90)": 0.005,
            "p(95)": 0.007
        },
        "http_req_duration{expected_response:true}": {
            "med": 62.323,
            "max": 8850.235,
            "p(90)": 156.29289999999997,
            "p(95)": 235.6149999999993,
            "avg": 88.94946072869075,
            "min": 39.008
        },
        "http_req_receiving": {
            "max": 15.888,
            "p(90)": 0.119,
            "p(95)": 0.161,
            "avg": 0.06896843978160545,
            "min": 0.016,
            "med": 0.05
        }
    }
}