{
    "root_group": {
        "name": "",
        "path": "",
        "id": "d41d8cd98f00b204e9800998ecf8427e",
        "groups": {},
        "checks": {
                "is status 200": {
                    "name": "is status 200",
                    "path": "::is status 200",
                    "id": "548d37ca5f33793206f7832e7cea54fb",
                    "passes": 359373,
                    "fails": 0
                }
            }
    },
    "metrics": {
        "vus": {
            "value": 100,
            "min": 100,
            "max": 100
        },
        "http_reqs": {
            "count": 359373,
            "rate": 1197.5970160038476
        },
        "http_req_sending": {
            "med": 0.048,
            "max": 16.656,
            "p(90)": 0.08,
            "p(95)": 0.097,
            "avg": 0.05613526057885536,
            "min": 0.019
        },
        "vus_max": {
            "min": 100,
            "max": 100,
            "value": 100
        },
        "http_req_blocked": {
            "avg": 0.16105433073564787,
            "min": 0,
            "med": 0.001,
            "max": 443.286,
            "p(90)": 0.001,
            "p(95)": 0.001
        },
        "data_sent": {
            "count": 13534801,
            "rate": 45104.21564726869
        },
        "checks": {
            "passes": 359373,
            "fails": 0,
            "value": 1
        },
        "iteration_duration": {
            "med": 63.661472,
            "max": 1657.840356,
            "p(90)": 127.96642959999998,
            "p(95)": 199.07569119999977,
            "avg": 83.47789605623,
            "min": 41.431346
        },
        "http_req_duration": {
            "avg": 83.17554544442648,
            "min": 41.342,
            "med": 63.499,
            "max": 1657.729,
            "p(90)": 126.96579999999999,
            "p(95)": 197.82039999999927
        },
        "http_req_receiving": {
            "avg": 0.6062832377503558,
            "min": 0.015,
            "med": 0.049,
            "max": 1397.403,
            "p(90)": 0.614,
            "p(95)": 1.257
        },
        "data_received": {
            "count": 88031445,
            "rate": 293361.4819324402
        },
        "iterations": {
            "count": 359373,
            "rate": 1197.5970160038476
        },
        "http_req_duration{expected_response:true}": {
            "med": 63.499,
            "max": 1657.729,
            "p(90)": 126.96579999999999,
            "p(95)": 197.82039999999927,
            "avg": 83.17554544442648,
            "min": 41.342
        },
        "http_req_tls_handshaking": {
            "min": 0,
            "med": 0,
            "max": 261.695,
            "p(90)": 0,
            "p(95)": 0,
            "avg": 0.08729721487145672
        },
        "http_req_waiting": {
            "min": 41.258,
            "med": 63.204,
            "max": 1478.883,
            "p(90)": 125.9618,
            "p(95)": 195.13139999999996,
            "avg": 82.5131269461009
        },
        "http_req_failed": {
            "passes": 0,
            "fails": 359373,
            "value": 0
        },
        "http_req_connecting": {
            "avg": 0.057596897930562475,
            "min": 0,
            "med": 0,
            "max": 208.673,
            "p(90)": 0,
            "p(95)": 0
        }
    }
}