{
    "root_group": {
        "name": "",
        "path": "",
        "id": "d41d8cd98f00b204e9800998ecf8427e",
        "groups": {},
        "checks": {
                "is status 200": {
                    "fails": 0,
                    "name": "is status 200",
                    "path": "::is status 200",
                    "id": "548d37ca5f33793206f7832e7cea54fb",
                    "passes": 155425
                }
            }
    },
    "metrics": {
        "http_req_tls_handshaking": {
            "min": 0,
            "med": 0,
            "max": 988.419,
            "p(90)": 0,
            "p(95)": 0,
            "avg": 0.14712837059675085
        },
        "http_req_duration{expected_response:true}": {
            "max": 5644.479,
            "p(90)": 298.68020000000007,
            "p(95)": 361.7667999999999,
            "avg": 192.64521481743273,
            "min": 40.32,
            "med": 174.506
        },
        "http_req_receiving": {
            "avg": 0.9322497796364566,
            "min": 0.016,
            "med": 0.054,
            "max": 891.38,
            "p(90)": 0.393,
            "p(95)": 1.186
        },
        "iteration_duration": {
            "med": 174.81049,
            "max": 5644.613296,
            "p(90)": 299.4271908,
            "p(95)": 362.7544617999999,
            "avg": 193.0590032618497,
            "min": 40.489526
        },
        "vus_max": {
            "value": 100,
            "min": 100,
            "max": 100
        },
        "http_req_duration": {
            "avg": 192.64521481743273,
            "min": 40.32,
            "med": 174.506,
            "max": 5644.479,
            "p(90)": 298.68020000000007,
            "p(95)": 361.7667999999999
        },
        "data_sent": {
            "count": 5865925,
            "rate": 19542.401977543126
        },
        "http_reqs": {
            "count": 155425,
            "rate": 517.800317487803
        },
        "http_req_connecting": {
            "med": 0,
            "max": 575.74,
            "p(90)": 0,
            "p(95)": 0,
            "avg": 0.10314362554286637,
            "min": 0
        },
        "http_req_failed": {
            "passes": 0,
            "fails": 155425,
            "value": 0
        },
        "vus": {
            "value": 100,
            "min": 100,
            "max": 100
        },
        "iterations": {
            "count": 155425,
            "rate": 517.800317487803
        },
        "http_req_sending": {
            "avg": 0.06074365127875001,
            "min": 0.021,
            "med": 0.054,
            "max": 11.972,
            "p(90)": 0.086,
            "p(95)": 0.104
        },
        "checks": {
            "passes": 155425,
            "fails": 0,
            "value": 1
        },
        "data_received": {
            "rate": 95049.70836406709,
            "count": 28530498
        },
        "http_req_blocked": {
            "avg": 0.25937506836025814,
            "min": 0,
            "med": 0.001,
            "max": 1133.085,
            "p(90)": 0.001,
            "p(95)": 0.001
        },
        "http_req_waiting": {
            "max": 5644.334,
            "p(90)": 297.13120000000004,
            "p(95)": 358.7875999999999,
            "avg": 191.65222138652123,
            "min": 40.157,
            "med": 174.015
        }
    }
}