{
    "metrics": {
        "data_sent": {
            "count": 20440315,
            "rate": 68123.51399959631
        },
        "data_received": {
            "count": 114785890,
            "rate": 382558.5948343322
        },
        "checks": {
            "passes": 542695,
            "fails": 0,
            "value": 1
        },
        "http_reqs": {
            "count": 542695,
            "rate": 1808.6947500569793
        },
        "http_req_blocked": {
            "avg": 0.1334947714638496,
            "min": 0,
            "med": 0.001,
            "max": 269.891,
            "p(90)": 0.001,
            "p(95)": 0.001
        },
        "http_req_failed": {
            "passes": 0,
            "fails": 542695,
            "value": 0
        },
        "vus_max": {
            "max": 100,
            "value": 100,
            "min": 100
        },
        "http_req_duration": {
            "med": 49.62,
            "max": 732.421,
            "p(90)": 67.922,
            "p(95)": 84.377,
            "avg": 55.027051211083666,
            "min": 37.093
        },
        "http_req_connecting": {
            "min": 0,
            "med": 0,
            "max": 123.443,
            "p(90)": 0,
            "p(95)": 0,
            "avg": 0.04739268281447216
        },
        "http_req_sending": {
            "min": 0.012,
            "med": 0.042,
            "max": 3.238,
            "p(90)": 0.073,
            "p(95)": 0.088,
            "avg": 0.047544720330946345
        },
        "iterations": {
            "count": 542695,
            "rate": 1808.6947500569793
        },
        "http_req_receiving": {
            "avg": 0.04856272307652432,
            "min": 0.01,
            "med": 0.03,
            "max": 5.052,
            "p(90)": 0.078,
            "p(95)": 0.141
        },
        "iteration_duration": {
            "p(95)": 85.12117289999999,
            "avg": 55.27409687150232,
            "min": 37.23151,
            "med": 49.741829,
            "max": 732.552347,
            "p(90)": 68.19503280000004
        },
        "http_req_tls_handshaking": {
            "max": 160.879,
            "p(90)": 0,
            "p(95)": 0,
            "avg": 0.07461599793622566,
            "min": 0,
            "med": 0
        },
        "vus": {
            "max": 100,
            "value": 100,
            "min": 100
        },
        "http_req_waiting": {
            "max": 732.313,
            "p(90)": 67.81,
            "p(95)": 84.26,
            "avg": 54.93094376767727,
            "min": 36.985,
            "med": 49.528
        },
        "http_req_duration{expected_response:true}": {
            "avg": 55.027051211083666,
            "min": 37.093,
            "med": 49.62,
            "max": 732.421,
            "p(90)": 67.922,
            "p(95)": 84.377
        }
    },
    "root_group": {
        "groups": {},
        "checks": {
                "is status 200": {
                    "id": "548d37ca5f33793206f7832e7cea54fb",
                    "passes": 542695,
                    "fails": 0,
                    "name": "is status 200",
                    "path": "::is status 200"
                }
            },
        "name": "",
        "path": "",
        "id": "d41d8cd98f00b204e9800998ecf8427e"
    }
}