{
    "metrics": {
        "http_req_duration{expected_response:true}": {
            "med": 75.101,
            "max": 1011.539,
            "p(90)": 123.072,
            "p(95)": 147.25679999999994,
            "avg": 83.77711996591054,
            "min": 37.347
        },
        "data_received": {
            "count": 75497080,
            "rate": 251599.98954636592
        },
        "http_req_connecting": {
            "avg": 0.08496363819867503,
            "min": 0,
            "med": 0,
            "max": 319.703,
            "p(90)": 0,
            "p(95)": 0
        },
        "http_req_tls_handshaking": {
            "p(95)": 0,
            "avg": 0.12025617828216428,
            "min": 0,
            "med": 0,
            "max": 273.32,
            "p(90)": 0
        },
        "http_reqs": {
            "count": 356693,
            "rate": 1188.7076304310299
        },
        "http_req_failed": {
            "passes": 0,
            "fails": 356693,
            "value": 0
        },
        "data_sent": {
            "count": 13437241,
            "rate": 44780.668273951786
        },
        "http_req_receiving": {
            "avg": 0.040871682371134026,
            "min": 0.009,
            "med": 0.029,
            "max": 3.713,
            "p(90)": 0.061,
            "p(95)": 0.089
        },
        "iterations": {
            "count": 356693,
            "rate": 1188.7076304310299
        },
        "checks": {
            "fails": 0,
            "passes": 356693,
            "value": 1
        },
        "vus": {
            "max": 100,
            "value": 100,
            "min": 100
        },
        "http_req_blocked": {
            "avg": 0.21830556248596172,
            "min": 0,
            "med": 0,
            "max": 519.896,
            "p(90)": 0.001,
            "p(95)": 0.001
        },
        "vus_max": {
            "max": 100,
            "value": 100,
            "min": 100
        },
        "http_req_sending": {
            "p(90)": 0.067,
            "p(95)": 0.081,
            "avg": 0.044906852671644765,
            "min": 0.013,
            "med": 0.04,
            "max": 1.961
        },
        "http_req_waiting": {
            "avg": 83.69134143086632,
            "min": 37.255,
            "med": 75.017,
            "max": 1011.469,
            "p(90)": 122.98359999999997,
            "p(95)": 147.16079999999994
        },
        "iteration_duration": {
            "min": 37.42744,
            "med": 75.22551,
            "max": 1011.667279,
            "p(90)": 123.43016519999999,
            "p(95)": 148.04579319999993,
            "avg": 84.10480286349286
        },
        "http_req_duration": {
            "min": 37.347,
            "med": 75.101,
            "max": 1011.539,
            "p(90)": 123.072,
            "p(95)": 147.25679999999994,
            "avg": 83.77711996591054
        }
    },
    "root_group": {
        "name": "",
        "path": "",
        "id": "d41d8cd98f00b204e9800998ecf8427e",
        "groups": {},
        "checks": {
                "is status 200": {
                    "path": "::is status 200",
                    "id": "548d37ca5f33793206f7832e7cea54fb",
                    "passes": 356693,
                    "fails": 0,
                    "name": "is status 200"
                }
            }
    }
}