{
    "root_group": {
        "id": "d41d8cd98f00b204e9800998ecf8427e",
        "groups": {},
        "checks": {
                "is status 200": {
                    "name": "is status 200",
                    "path": "::is status 200",
                    "id": "548d37ca5f33793206f7832e7cea54fb",
                    "passes": 518329,
                    "fails": 0
                }
            },
        "name": "",
        "path": ""
    },
    "metrics": {
        "http_req_duration": {
            "p(95)": 96.317,
            "avg": 57.63083265069075,
            "min": 38.103,
            "med": 51.863,
            "max": 1792.987,
            "p(90)": 74.7462
        },
        "checks": {
            "passes": 518329,
            "fails": 0,
            "value": 1
        },
        "iteration_duration": {
            "avg": 57.873515956906864,
            "min": 38.178828,
            "med": 51.987339,
            "max": 1793.143927,
            "p(90)": 75.13687440000001,
            "p(95)": 97.19458479999997
        },
        "http_req_sending": {
            "min": 0.012,
            "med": 0.041,
            "max": 12.786,
            "p(90)": 0.074,
            "p(95)": 0.091,
            "avg": 0.04726432439627668
        },
        "vus": {
            "value": 100,
            "min": 100,
            "max": 100
        },
        "http_req_duration{expected_response:true}": {
            "p(90)": 74.7462,
            "p(95)": 96.317,
            "avg": 57.63083265069075,
            "min": 38.103,
            "med": 51.863,
            "max": 1792.987
        },
        "http_req_blocked": {
            "p(95)": 0.001,
            "avg": 0.12715850936284512,
            "min": 0,
            "med": 0.001,
            "max": 192.538,
            "p(90)": 0.001
        },
        "vus_max": {
            "value": 100,
            "min": 100,
            "max": 100
        },
        "http_req_tls_handshaking": {
            "min": 0,
            "med": 0,
            "max": 133.192,
            "p(90)": 0,
            "p(95)": 0,
            "avg": 0.0727195005488792
        },
        "data_received": {
            "count": 109373662,
            "rate": 364525.78136836295
        },
        "http_reqs": {
            "rate": 1727.5117270086669,
            "count": 518329
        },
        "http_req_failed": {
            "passes": 0,
            "fails": 518329,
            "value": 0
        },
        "http_req_connecting": {
            "med": 0,
            "max": 115.892,
            "p(90)": 0,
            "p(95)": 0,
            "avg": 0.05267652398380172,
            "min": 0
        },
        "data_sent": {
            "count": 19538773,
            "rate": 65119.75885752159
        },
        "iterations": {
            "count": 518329,
            "rate": 1727.5117270086669
        },
        "http_req_waiting": {
            "p(90)": 74.641,
            "p(95)": 96.21959999999997,
            "avg": 57.534918754303604,
            "min": 38.019,
            "med": 51.772,
            "max": 1792.883
        },
        "http_req_receiving": {
            "p(95)": 0.127,
            "avg": 0.04864957199002931,
            "min": 0.01,
            "med": 0.03,
            "max": 15.41,
            "p(90)": 0.074
        }
    }
}