{
    "metrics": {
        "http_req_waiting": {
            "p(95)": 155.58619999999996,
            "avg": 72.68395354436366,
            "min": 37.086,
            "med": 56.461,
            "max": 606.839,
            "p(90)": 116.81510000000003
        },
        "vus": {
            "value": 100,
            "min": 100,
            "max": 100
        },
        "http_reqs": {
            "count": 410370,
            "rate": 1367.0253543945025
        },
        "data_sent": {
            "count": 15483790,
            "rate": 51579.63182523102
        },
        "vus_max": {
            "value": 100,
            "min": 100,
            "max": 100
        },
        "http_req_duration": {
            "avg": 72.78764901430353,
            "min": 37.204,
            "med": 56.567,
            "max": 606.916,
            "p(90)": 116.92720000000007,
            "p(95)": 155.70155
        },
        "http_req_failed": {
            "passes": 0,
            "fails": 410370,
            "value": 0
        },
        "http_req_sending": {
            "avg": 0.04803590905769259,
            "min": 0.013,
            "med": 0.042,
            "max": 11.322,
            "p(90)": 0.074,
            "p(95)": 0.09
        },
        "iterations": {
            "count": 410370,
            "rate": 1367.0253543945025
        },
        "iteration_duration": {
            "avg": 73.1173650924595,
            "min": 37.335812,
            "med": 56.699146,
            "max": 999.298947,
            "p(90)": 117.57946750000002,
            "p(95)": 157.2042803
        },
        "http_req_blocked": {
            "avg": 0.21388284962368048,
            "min": 0,
            "med": 0.001,
            "max": 740.583,
            "p(90)": 0.001,
            "p(95)": 0.001
        },
        "http_req_connecting": {
            "min": 0,
            "med": 0,
            "max": 455.693,
            "p(90)": 0,
            "p(95)": 0,
            "avg": 0.08743936691278598
        },
        "http_req_duration{expected_response:true}": {
            "avg": 72.78764901430353,
            "min": 37.204,
            "med": 56.567,
            "max": 606.916,
            "p(90)": 116.92720000000007,
            "p(95)": 155.70155
        },
        "checks": {
            "passes": 410370,
            "fails": 0,
            "value": 1
        },
        "http_req_receiving": {
            "med": 0.031,
            "max": 15.825,
            "p(90)": 0.084,
            "p(95)": 0.155,
            "avg": 0.055659560884107055,
            "min": 0.009
        },
        "http_req_tls_handshaking": {
            "avg": 0.11376072812340082,
            "min": 0,
            "med": 0,
            "max": 395.581,
            "p(90)": 0,
            "p(95)": 0
        },
        "data_received": {
            "count": 86908687,
            "rate": 289510.38976079127
        }
    },
    "root_group": {
        "checks": {
            "is status 200": {
                "name": "is status 200",
                "path": "::is status 200",
                "id": "548d37ca5f33793206f7832e7cea54fb",
                "passes": 410370,
                "fails": 0
            }
        },
        "name": "",
        "path": "",
        "id": "d41d8cd98f00b204e9800998ecf8427e",
        "groups": {}
    }
}