{
    "metrics": {
        "checks": {
            "passes": 428377,
            "fails": 0,
            "value": 1
        },
        "vus": {
            "value": 100,
            "min": 100,
            "max": 100
        },
        "http_req_connecting": {
            "avg": 0.05533664739236697,
            "min": 0,
            "med": 0,
            "max": 117.514,
            "p(90)": 0,
            "p(95)": 0
        },
        "http_reqs": {
            "count": 428377,
            "rate": 1427.6502904564493
        },
        "vus_max": {
            "value": 100,
            "min": 100,
            "max": 100
        },
        "http_req_duration": {
            "avg": 69.75801312395312,
            "min": 37.415,
            "med": 53.542,
            "max": 1473.253,
            "p(90)": 115.29380000000005,
            "p(95)": 163.31919999999994
        },
        "http_req_tls_handshaking": {
            "avg": 0.09309562604901755,
            "min": 0,
            "med": 0,
            "max": 191.213,
            "p(90)": 0,
            "p(95)": 0
        },
        "http_req_sending": {
            "max": 7.756,
            "p(90)": 0.07,
            "p(95)": 0.085,
            "avg": 0.0456630071175769,
            "min": 0.013,
            "med": 0.04
        },
        "http_req_duration{expected_response:true}": {
            "max": 1473.253,
            "p(90)": 115.29380000000005,
            "p(95)": 163.31919999999994,
            "avg": 69.75801312395312,
            "min": 37.415,
            "med": 53.542
        },
        "iteration_duration": {
            "avg": 70.02860550340651,
            "min": 37.514468,
            "med": 53.665,
            "max": 1473.357415,
            "p(90)": 116.15582020000006,
            "p(95)": 163.94784419999996
        },
        "iterations": {
            "count": 428377,
            "rate": 1427.6502904564493
        },
        "http_req_failed": {
            "passes": 0,
            "fails": 428377,
            "value": 0
        },
        "http_req_waiting": {
            "max": 1473.139,
            "p(90)": 115.10980000000005,
            "p(95)": 163.20659999999984,
            "avg": 69.6536450883222,
            "min": 37.353,
            "med": 53.447
        },
        "http_req_blocked": {
            "p(95)": 0.001,
            "avg": 0.15962206187441044,
            "min": 0,
            "med": 0,
            "max": 303.909,
            "p(90)": 0.001
        },
        "data_sent": {
            "count": 16150049,
            "rate": 53823.20279972055
        },
        "data_received": {
            "count": 90657292,
            "rate": 302133.1893537588
        },
        "http_req_receiving": {
            "max": 12.606,
            "p(90)": 0.093,
            "p(95)": 0.183,
            "avg": 0.05870502851462864,
            "min": 0.01,
            "med": 0.03
        }
    },
    "root_group": {
        "name": "",
        "path": "",
        "id": "d41d8cd98f00b204e9800998ecf8427e",
        "groups": {},
        "checks": {
                "is status 200": {
                    "name": "is status 200",
                    "path": "::is status 200",
                    "id": "548d37ca5f33793206f7832e7cea54fb",
                    "passes": 428377,
                    "fails": 0
                }
            }
    }
}